face_present,no_of_face,face_x,face_y,face_w,face_h,left_eye_x,left_eye_y,right_eye_x,right_eye_y,nose_tip_x,nose_tip_y,mouth_x,mouth_y,face_conf,hand_count,left_hand_x,left_hand_y,right_hand_x,right_hand_y,hand_obj_interaction,head_pose,head_pitch,head_yaw,head_roll,phone_present,phone_loc_x,phone_loc_y,phone_conf,gaze_on_script,gaze_direction,gazePoint_x,gazePoint_y,pupil_left_x,pupil_left_y,pupil_right_x,pupil_right_y,label
1,1,269.0,210.0,157.0,157.0,311.9908618927002,241.33671909570694,384.5840358734131,244.18501496315002,345.8391571044922,261.974573135376,342.19014719912883,308.35312542162444,91.48547649383545,0,0,0,0,0,0,down,0.28590670622810843,0.06079704230344801,0.04679416062737792,1,231,239,0.8685312867164612,0,None,348,242,311.99950408935547,241.06667804718018,385.5554733276367,243.71660614013672,0
1,1,266.0,212.0,159.0,159.0,309.1346561908722,240.3481087088585,384.08358812332153,243.60453486442566,347.1786880493164,261.40740394592285,345.4269017671284,311.89380244204875,95.32407522201538,0,0,0,0,0,0,down,0.292801579547642,-0.018985867017630914,0.029655885330511268,1,226,240,0.8968093991279602,0,None,345,241,306.97261810302734,239.9944610595703,384.29396057128906,243.33960342407227,0
1,1,265.0,209.0,161.0,161.0,311.1252951622009,241.4326313138008,384.2064356803894,244.43436920642853,348.9305114746094,259.7922134399414,346.30633303993625,309.36476205524644,95.43487429618835,0,0,0,0,0,0,down,0.31248155040852904,-0.0273943527712352,0.03911156094959019,1,226,239,0.8811104893684387,0,top_left,347,242,310.67012786865234,240.99958419799805,385.0365753173828,244.05775451660156,0
1,1,266.0,209.0,159.0,159.0,311.46462321281433,240.05817890167236,383.595666885376,244.10028755664825,348.5133361816406,260.79626083374023,344.9360034340306,311.01313139262953,94.64607834815979,0,0,0,0,0,0,down,0.27919901330163316,-0.04080607293598335,0.05325095695714676,1,226,239,0.8896722197532654,0,top_left,347,241,310.4753074645996,239.47729969024658,383.79229736328125,243.69366645812988,0
1,1,264.0,207.0,161.0,161.0,312.83108592033386,238.67660075426102,382.13526725769043,242.66030341386795,348.03016662597656,260.3000736236572,345.3906229922646,309.237554951718,94.34599280357361,0,0,0,0,0,0,forward,0.25606058373688007,-0.05734351021046097,0.04725638344364952,1,225,240,0.8547347784042358,0,top_left,347,239,313.50110626220703,237.99749565124512,382.3393020629883,241.82669734954834,0
1,1,266.0,208.0,159.0,159.0,312.4672782421112,239.0400391817093,383.7355065345764,243.82916539907455,347.39063262939453,261.7352771759033,344.78370666503906,310.43001576473836,94.31244134902954,0,0,0,0,0,0,forward,0.2569087412882767,0.01020891576429246,0.0496576736610919,1,226,239,0.8450924158096313,0,None,348,240,313.0277442932129,238.51684856414795,383.6863784790039,243.34617805480957,0
1,1,264.0,209.0,163.0,163.0,310.1813066005707,239.20672595500946,383.68138551712036,243.476842045784,347.40394592285156,258.8996887207031,345.3609787790399,310.32294574536775,94.90511417388916,0,0,0,0,0,0,down,0.3254832812401849,-0.024324365234127617,0.04459472180626999,1,226,240,0.8521185517311096,0,top_left,346,241,309.7013244628906,238.9421911239624,383.52892303466797,243.18023300170898,0
1,1,266.0,210.0,160.0,160.0,311.25401616096497,240.55104553699493,382.9716944694519,243.72515201568604,346.20094299316406,261.22352600097656,343.3814942209344,312.33970039769224,95.42022943496704,0,0,0,0,0,0,down,0.29022878845893874,0.02144445126206926,0.03711689917941906,1,226,239,0.8616418242454529,0,None,346,241,310.5885124206543,239.9853172302246,383.41119384765625,243.1150302886963,0
1,1,263.0,208.0,162.0,162.0,311.90011382102966,237.68134653568268,383.1449007987976,243.48230212926865,345.99742889404297,259.3373107910156,342.9950031481291,310.2829727373625,95.5656111240387,0,0,0,0,0,0,down,0.2849840100031725,0.01461846181282326,0.06324300406978686,1,226,240,0.8471243381500244,0,None,347,240,311.7284812927246,237.11248683929443,383.2593994140625,242.93292331695557,0
1,1,263.0,210.0,160.0,160.0,308.4695792198181,238.2270124554634,380.17624378204346,242.92718768119812,342.89905548095703,262.21381187438965,339.71322109824735,312.0474167873985,95.08059620857239,0,0,0,0,0,0,forward,0.2260814663814413,0.010659268659299564,0.05345169044757553,1,225,240,0.858532190322876,0,None,343,240,307.7817802429199,237.68320655822754,380.0586471557617,242.41231727600098,0
1,1,264.0,209.0,160.0,160.0,307.57025361061096,238.12794148921967,380.3271245956421,241.39571249485016,343.02974700927734,260.04838943481445,340.8416717930844,307.99836911653216,94.23540830612183,0,0,0,0,0,0,forward,0.2502845671004927,0.017848573109004506,0.036508621917153365,1,222,240,0.8353171944618225,0,None,343,239,306.6680450439453,237.46358013153076,380.4684066772461,240.75486946105957,0
1,1,266.0,212.0,158.0,158.0,308.643581867218,239.67465698719025,379.97820377349854,242.9182094335556,342.81810760498047,262.0473003387451,339.9282686333907,311.26964318124874,95.11118531227112,0,0,0,0,0,0,forward,0.2575789780514601,0.039962544804088826,0.03796147037033105,1,226,239,0.8685128688812256,0,None,344,241,309.07129287719727,239.4879026412964,379.20958709716797,242.66773509979248,0
1,1,262.0,210.0,162.0,162.0,308.91104340553284,237.0487242937088,381.4801239967346,241.45605951547623,343.72215270996094,260.24319648742676,341.1148001018323,310.24476603457805,94.72368359565735,0,0,0,0,0,0,forward,0.25151767385188806,0.03473711136741583,0.04647630472862054,1,222,240,0.8418157696723938,0,None,345,238,308.5892562866211,236.637056350708,381.6888427734375,241.13795471191406,0
1,1,268.0,210.0,156.0,156.0,308.9053440093994,240.0629398226738,381.5145993232727,242.8689444065094,344.6434020996094,260.64788818359375,342.5010169179816,308.21477689241107,94.62182521820068,0,0,0,0,0,0,down,0.289049422107638,0.016796671396519004,0.034008043722513,1,226,240,0.8017216324806213,0,None,345,241,308.2418098449707,239.60422325134277,381.88226318359375,242.45926666259766,0
1,1,265.0,210.0,159.0,159.0,309.024578332901,239.19931858778,381.422655582428,242.87102490663528,343.4728240966797,259.9229335784912,340.91318933587326,308.6636503119218,94.31259036064148,0,0,0,0,0,0,down,0.2867911971047518,0.04646090151399396,0.03707859822800228,1,226,239,0.8676438331604004,0,None,344,240,307.9787712097168,238.84523963928223,381.30519104003906,242.58562088012695,0
1,1,264.0,209.0,163.0,163.0,311.66224241256714,239.1612195968628,382.8073000907898,243.2216316461563,346.4208221435547,260.11914253234863,342.1993044803017,309.30760483992725,95.27430534362793,0,0,0,0,0,0,down,0.2848399487060142,0.00552814864009272,0.05575173427129973,1,226,239,0.8524281978607178,0,None,347,240,311.9714469909668,238.56935691833496,383.0833435058594,242.65814781188965,0
1,1,267.0,209.0,156.0,156.0,308.78061056137085,240.5514532327652,381.75307989120483,242.85739839076996,344.3803024291992,261.7020320892334,341.96890780800265,307.5797939300537,94.88279819488525,0,0,0,0,0,0,forward,0.2469696518504737,0.027765663516473842,0.0289721096571967,1,222,240,0.8172151446342468,0,None,345,241,308.3705139160156,240.03574562072754,382.2146224975586,242.34313774108887,0
1,1,266.0,209.0,159.0,159.0,308.572713136673,239.95744943618774,383.0082082748413,243.31270962953568,344.54803466796875,262.0418930053711,341.6660499572754,309.39178366410107,94.94705200195312,0,0,0,0,0,0,forward,0.25918759447207207,0.03947897902208691,0.03889686902368443,1,226,239,0.8492394685745239,0,None,346,241,307.96520233154297,239.50018215179443,384.0826187133789,242.94269943237305,0
1,1,263.0,207.0,163.0,163.0,308.0364394187927,241.07976078987122,384.27770614624023,243.25339615345,345.0019073486328,262.1198272705078,343.2205621819747,312.668275331196,95.00660300254822,0,0,0,0,0,0,down,0.2852574948236189,0.040410813044303856,0.022565199717343533,1,226,240,0.8780723214149475,0,None,346,241,306.985782623291,240.70467281341553,385.5517807006836,242.91748809814453,0
1,1,266.0,207.0,160.0,160.0,310.34592628479004,240.34580290317535,383.4416127204895,242.73309409618378,346.44126892089844,261.4926338195801,343.2880963777241,310.46846188996966,95.14932632446289,0,0,0,0,0,0,down,0.26239755758910294,0.02002821024959853,0.032403106915620185,1,223,240,0.8147290945053101,0,None,345,240,308.33263397216797,239.57324123382568,383.39208984375,241.96519660949707,0
1,1,265.0,210.0,160.0,160.0,311.00579142570496,239.51210618019104,382.5353479385376,242.85134375095367,345.3391647338867,261.2918758392334,342.72700962267425,310.14847906012284,93.87097358703613,0,0,0,0,0,0,forward,0.24413772013513677,0.05376584984452586,0.03730657033739336,1,226,239,0.8601396083831787,0,None,347,240,311.29919052124023,239.14980125427246,383.01148223876953,242.50902557373047,0
1,1,266.0,210.0,162.0,162.0,309.89448070526123,239.6502059698105,382.63171672821045,243.03710639476776,345.71537017822266,261.593656539917,343.2813122397975,310.2200498078999,95.9337055683136,0,0,0,0,0,0,forward,0.2571749314636074,0.0120995608632683,0.04135347155332819,1,227,239,0.8340113759040833,0,None,344,240,307.16094970703125,239.0298843383789,382.19649505615234,242.45806503295898,0
1,1,265.0,209.0,162.0,162.0,309.4603455066681,239.72775131464005,382.2486877441406,243.19278627634048,345.0409698486328,261.11663818359375,341.30902039377315,309.04973481830797,95.31545042991638,0,0,0,0,0,0,down,0.2657951415920374,0.02489221741256027,0.048566967692405254,1,222,240,0.8359914422035217,0,None,345,240,308.4700698852539,239.13693523406982,382.6236343383789,242.61672019958496,0
1,1,266.0,210.0,161.0,161.0,308.8790535926819,239.5522677898407,384.17469024658203,242.6330530643463,345.70884704589844,260.0913619995117,342.84238112600224,308.26195666664523,94.97490525245667,0,0,0,0,0,0,down,0.2896477652355523,0.033202623642588795,0.036106651880889074,1,226,239,0.8384566903114319,0,None,346,240,307.51618576049805,238.97776222229004,384.76202392578125,242.1375217437744,0
1,1,266.0,208.0,159.0,159.0,312.12900161743164,238.669992685318,382.61642932891846,242.44667440652847,346.82308197021484,258.3148956298828,343.9196787382427,308.49617205168073,93.66389513015747,0,0,0,0,0,0,down,0.2978854404487257,0.013849420429831644,0.044235464569543165,1,226,239,0.8383935689926147,0,None,347,239,312.4329299926758,238.14034938812256,382.9504623413086,241.7669792175293,0
1,1,267.0,207.0,160.0,160.0,312.17467188835144,238.329716026783,385.01511573791504,241.97395741939545,348.8199234008789,259.4769287109375,344.7932946054559,307.83946489032945,94.4438099861145,0,0,0,0,0,0,down,0.27514834844895786,0.002974213286565568,0.049079790680549296,1,226,240,0.8258900046348572,0,None,348,239,310.9947090148926,237.8866310119629,385.7923049926758,241.5903196334839,0
1,1,266.0,207.0,160.0,160.0,315.1452910900116,238.52379888296127,384.61021900177,242.866952419281,349.76097106933594,260.1895523071289,346.2344761898643,308.7230315961336,94.06301975250244,0,0,0,0,0,0,down,0.2744437676011514,-0.007252862132709345,0.0525770009293281,1,226,239,0.8524178862571716,0,None,350,240,315.0462875366211,237.78363704681396,385.75897216796875,242.24098205566406,0
1,1,267.0,207.0,161.0,161.0,313.115519285202,240.7838174700737,388.5532784461975,243.41886162757874,352.8129196166992,264.5495796203613,348.8138098465769,312.01400003935163,94.78458166122437,0,0,0,0,0,0,forward,0.235798199878144,-0.03291752195369576,0.041242758489625934,1,225,239,0.8821389079093933,0,top_left,350,241,311.4304084777832,239.8772850036621,388.8175582885742,242.63153457641602,0
1,1,265.0,209.0,164.0,164.0,316.56848669052124,242.02607542276382,388.29803943634033,244.53758597373962,353.6998748779297,266.3723945617676,350.18664109079464,314.6070761429636,93.89214515686035,0,0,0,0,0,0,forward,0.22196745184527766,-0.03757129828309288,0.03524051424097082,1,226,239,0.8312692046165466,0,top_left,352,242,316.49860763549805,241.39481163024902,389.15716552734375,243.97463607788086,0
1,1,263.0,208.0,166.0,166.0,315.5297613143921,242.17886209487915,390.97894191741943,245.67155420780182,354.9341583251953,268.96350860595703,351.31512692100125,317.1055201480263,95.53282260894775,0,0,0,0,0,0,forward,0.181897542594475,-0.05243955224517642,0.04143289673929705,1,226,239,0.8236808776855469,0,top_left,353,243,315.0564498901367,241.34460353851318,391.65081787109375,244.95766353607178,0
1,1,264.0,209.0,166.0,166.0,315.7815420627594,244.25187706947327,392.2258925437927,248.12502801418304,356.9756317138672,272.5905990600586,353.1512792486894,319.6136283874512,95.48685550689697,0,0,0,0,0,0,forward,0.17538968860533316,-0.07237926769649977,0.03993341770017318,1,226,239,0.8639518618583679,0,top_left,353,245,314.13476943969727,243.51975059509277,392.6940155029297,247.64483070373535,0
1,1,263.0,207.0,169.0,169.0,317.7765119075775,244.03657168149948,391.70095682144165,246.92545652389526,357.6517868041992,273.59785079956055,354.1036465293483,318.6314407147859,94.04982924461365,0,0,0,0,0,0,forward,0.12278291495712747,-0.084814493914791,0.03386540841523655,1,224,240,0.7862675189971924,0,top_left,354,244,317.3721122741699,243.19071865081787,392.57251739501953,246.1903839111328,0
1,1,264.0,208.0,168.0,168.0,320.47269582748413,246.17514431476593,394.0657353401184,249.50227797031403,360.1720428466797,276.27960205078125,356.4397309955798,320.1599497544138,94.6887731552124,0,0,0,0,0,0,forward,0.1306711695823121,-0.08495705662678829,0.03758056772812974,1,227,239,0.8383604884147644,0,top_left,357,246,320.391300201416,245.31757736206055,394.73191833496094,248.58599281311035,0
1,1,263.0,207.0,170.0,170.0,320.0100886821747,245.33611357212067,392.610502243042,249.33304846286774,362.26280212402344,277.9672908782959,357.25481936806125,321.46505506415116,95.19566893577576,0,0,0,0,0,0,forward,0.11553241937354979,-0.1821160672861397,0.04911728580515362,1,226,239,0.872139573097229,0,top_left,357,246,320.92344665527344,244.55982398986816,393.6460876464844,248.3635768890381,0
1,1,259.0,208.0,173.0,173.0,319.25076723098755,247.6657783985138,392.7967619895935,251.81301891803741,359.6282958984375,281.85556411743164,353.8699862831517,324.5988208369205,95.00089883804321,0,0,0,0,0,0,forward,0.07995187913939429,-0.11289083331856117,0.054993735643342985,1,224,240,0.7853897213935852,0,top_left,356,249,319.14405822753906,246.98336219787598,392.8890380859375,251.0709171295166,0
1,1,260.0,207.0,173.0,173.0,320.87710976600647,249.50585424900055,393.88617753982544,253.45060408115387,362.30751037597656,283.18187713623047,355.46973981355364,326.0066022370991,95.28077244758606,0,0,0,0,0,0,forward,0.08707923895050673,-0.15936416626428698,0.057269208443922005,1,227,239,0.7865137457847595,0,top_left,357,250,321.0464401245117,248.83233833312988,394.09285736083984,252.6767921447754,0
1,1,259.0,210.0,174.0,174.0,317.8426158428192,254.71823930740356,394.57743406295776,258.0628287792206,362.23960876464844,290.02017974853516,357.15764296682255,332.1903675480893,96.06728553771973,0,0,0,0,0,0,forward,0.05675159329013723,-0.1337285585848152,0.026442427745586795,1,227,240,0.7886753082275391,0,top_left,355,255,316.1434440612793,254.07978630065918,394.9265899658203,257.44284439086914,0
1,1,261.0,212.0,170.0,170.0,320.86368203163147,260.9066104888916,392.6248002052307,261.92238986492157,363.88397216796875,294.4987106323242,357.9818424425627,334.90665736951325,96.59907817840576,0,0,0,0,0,0,forward,0.04959646742129037,-0.21683430557583763,0.024556037288667825,1,227,240,0.837938129901886,0,top_left,356,260,320.14268493652344,260.17918395996094,393.0032272338867,261.0787925720215,0
1,1,257.0,210.0,174.0,174.0,319.0525805950165,261.73329770565033,394.4215750694275,263.20958733558655,363.01876068115234,299.5030403137207,357.4597830521433,340.49754795275237,95.45801877975464,0,0,0,0,0,0,forward,0.007124825047785327,-0.14701665067210412,0.011395894527514848,1,228,239,0.796317458152771,0,top_left,356,261,318.1294059753418,260.86904525756836,394.86700439453125,262.29139137268066,0
1,1,259.0,213.0,174.0,174.0,318.1525731086731,261.75870537757874,394.8306894302368,263.92900586128235,363.5673522949219,301.4561176300049,357.2446120412726,341.1486610613371,95.77041268348694,0,0,0,0,0,0,forward,-0.03208003113793217,-0.14363280941007256,0.010838169249868662,1,228,240,0.766872227191925,0,top_left,355,262,316.9158744812012,261.11152839660645,394.9265823364258,263.2927894592285,0
1,1,255.0,209.0,178.0,178.0,318.0077111721039,261.2498116493225,394.45560216903687,262.45835959911346,362.8763961791992,300.5060005187988,357.0826580649928,341.01326992637235,95.89757919311523,0,0,0,0,0,0,forward,-0.026039718739146244,-0.16725964357647946,0.008479638043357588,1,228,239,0.8028866648674011,0,top_left,355,261,316.0033721923828,260.4762897491455,395.0126266479492,261.58726501464844,0
1,1,257.0,209.0,176.0,176.0,320.1956236362457,259.45779025554657,394.6891379356384,261.0439074039459,363.1928253173828,298.64221572875977,356.3399405228464,339.2691481740851,96.51980996131897,0,0,0,0,0,0,forward,-0.02131314293407368,-0.15844440505026336,0.024218684685710087,1,229,239,0.808035135269165,0,top_left,357,259,319.55352783203125,258.9785442352295,395.48595428466797,260.3891086578369,0
1,1,258.0,211.0,174.0,174.0,319.02913331985474,258.95677864551544,395.8213424682617,261.04015946388245,363.7445068359375,298.0100440979004,357.51317074424344,338.51967460230776,95.47982215881348,0,0,0,0,0,0,forward,-0.025918880230296343,-0.13990460581517705,0.016796039576023086,1,227,239,0.8445830345153809,0,top_left,357,259,317.76436614990234,258.29089736938477,396.3142623901367,260.31206703186035,0
1,1,260.0,208.0,172.0,172.0,320.28281807899475,260.4846614599228,395.3048849105835,261.7747235298157,363.68980407714844,299.4910526275635,357.7231959292763,339.49446878935163,95.68411111831665,0,0,0,0,0,0,forward,-0.02045946047330582,-0.1312375188320202,0.01027686788300692,1,223,240,0.8137210607528687,0,top_left,357,260,319.2619285583496,260.0087699890137,395.5356140136719,261.15141105651855,0
1,1,258.0,210.0,178.0,178.0,322.164763212204,260.66147804260254,395.2718162536621,261.74203634262085,364.2055130004883,298.7509346008301,358.6004357588919,339.25284034327456,94.89010572433472,0,0,0,0,0,0,forward,-0.00205524923340991,-0.14593626516084973,0.015398781260999549,1,229,239,0.7961558103561401,0,top_left,358,260,321.471248626709,260.1046943664551,395.8940963745117,261.03137397766113,0
1,1,260.0,210.0,173.0,173.0,320.9599447250366,260.7403117418289,395.9320592880249,262.24591076374054,364.8929977416992,300.49670219421387,358.1753700657895,339.4856959895084,96.37039303779602,0,0,0,0,0,0,forward,-0.04401800461408622,-0.1647443470042237,0.02192369686058059,1,236,240,0.7287358641624451,0,None,358,260,319.85746002197266,259.98911476135254,396.73001861572266,261.3853454589844,0
1,1,259.0,210.0,174.0,174.0,320.2645695209503,258.24279248714447,396.339635848999,262.4683088064194,363.60992431640625,297.29536056518555,356.1634766428094,339.0826847678737,96.24467492103577,0,0,0,0,0,0,forward,0.020854105738121617,-0.1658145227883618,0.04716295464482069,1,235,240,0.7848622798919678,0,top_left,356,259,317.7897148132324,257.25671195983887,395.5130081176758,261.5157165527344,0
1,1,258.0,209.0,177.0,177.0,320.9679901599884,258.82428646087646,397.5421118736267,261.17292881011963,365.81565856933594,298.4850311279297,358.6625550922595,338.7700427205939,96.3726282119751,0,0,0,0,0,0,forward,-0.013377746170301692,-0.15754939288818334,0.02715339687018265,1,226,240,0.7730029821395874,0,top_left,359,258,319.8025245666504,257.8070182800293,398.31160736083984,260.0811424255371,0
1,1,261.0,212.0,174.0,174.0,321.8669283390045,258.85791063308716,397.83533334732056,261.9560980796814,364.8925018310547,296.3368034362793,356.53357656378495,338.80328630146226,95.3917920589447,0,0,0,0,0,0,forward,0.012357886599192848,-0.14766176446932988,0.04984284508730408,1,228,240,0.7748323678970337,0,top_left,359,259,320.4583549499512,258.41552352905273,398.48970794677734,261.4973945617676,0
1,1,259.0,212.0,176.0,176.0,321.86026096343994,257.50461280345917,397.8723454475403,260.9502983093262,365.26214599609375,296.87344551086426,357.5383838854338,338.6962584445351,97.00672626495361,0,0,0,0,0,0,forward,0.0076784034350734585,-0.1705472599004288,0.05193106994539743,1,235,239,0.734713077545166,0,top_left,359,258,321.3972930908203,256.58361053466797,398.36177825927734,259.9877243041992,0
1,1,260.0,211.0,174.0,174.0,321.78189039230347,256.21897280216217,397.9538106918335,260.22737324237823,365.0037384033203,297.95339584350586,358.67583425421464,339.23454937181975,97.04239964485168,0,0,0,0,0,0,forward,-0.022385187475301254,-0.13981340497772002,0.02989118552074121,1,229,240,0.803848385810852,0,top_left,359,257,321.0078125,255.38646697998047,398.7887420654297,259.4127559661865,0
1,1,263.0,213.0,174.0,174.0,320.28607845306396,258.821382522583,397.26168632507324,262.12148129940033,364.00665283203125,298.4260940551758,358.1276542262027,339.4877137635884,95.97815871238708,0,0,0,0,0,0,forward,-0.0058558438700751095,-0.11905678086247636,0.027303594970914544,1,246,240,0.7536907196044922,0,top_left,358,259,319.9367485046387,258.1040439605713,398.05958557128906,261.30483055114746,0
1,1,262.0,211.0,172.0,172.0,322.02024579048157,258.66569101810455,396.8980002403259,261.8895936012268,365.0381851196289,298.6820983886719,359.44610595703125,338.84812304848117,95.04557251930237,0,0,0,0,0,0,forward,-0.010933759758754347,-0.14292635767460996,0.024689300932597125,1,229,239,0.8358298540115356,0,top_left,358,259,320.9828872680664,257.96068954467773,396.9139862060547,261.11992263793945,0
1,1,257.0,209.0,178.0,178.0,319.51332449913025,260.2032548189163,395.63817262649536,261.51795387268066,364.8268508911133,297.4163246154785,359.1343026412161,339.23065386320417,96.06069922447205,0,0,0,0,0,0,forward,0.020899582736611126,-0.16207831762039687,0.010369689823028145,1,228,239,0.8154792189598083,0,top_left,357,260,319.0428886413574,259.63756370544434,396.5519714355469,260.86652183532715,0
1,1,260.0,213.0,172.0,172.0,320.8218729496002,259.53786849975586,395.1567554473877,262.37904131412506,362.2880554199219,297.0468521118164,355.6650282207288,338.5583179875424,95.1259970664978,0,0,0,0,0,0,forward,0.012336778467146883,-0.1333861966805832,0.04067913076593556,1,229,239,0.8553517460823059,0,top_left,358,260,320.2334175109863,258.93842124938965,395.8603210449219,261.7374515533447,0
1,1,259.0,209.0,174.0,174.0,319.78575825691223,259.71457958221436,394.21141386032104,262.8241503238678,362.99163818359375,295.0664520263672,356.70319406609786,336.2926904778731,96.0589587688446,0,0,0,0,0,0,forward,0.05253393260744309,-0.14355172945716801,0.03373301863245778,1,232,239,0.7863633632659912,0,top_left,357,260,318.9818572998047,259.361967086792,395.04266357421875,262.4644546508789,0
1,1,261.0,208.0,173.0,173.0,321.04153275489807,259.52781915664673,395.74891805648804,262.7090871334076,364.47120666503906,292.5223731994629,357.5144958496094,335.0771909011038,96.22679948806763,0,0,0,0,0,0,forward,0.09568203144161165,-0.1436260432771637,0.04490330227992274,1,230,240,0.7328429818153381,0,top_left,358,260,320.30532455444336,259.37096214294434,396.4769287109375,262.4314498901367,0
1,1,268.0,209.0,167.0,167.0,325.1538586616516,253.33939969539642,397.82830238342285,256.2844043970108,367.9787826538086,290.4019260406494,362.83429798326995,332.558429115697,95.06990313529968,0,0,0,0,0,0,forward,0.07138460965107217,-0.17617111114821773,0.024322034028187965,1,237,239,0.8129987120628357,0,top_left,361,254,324.28394317626953,252.70985412597656,398.5661392211914,255.58280754089355,0
1,1,264.0,207.0,174.0,174.0,324.562509059906,252.2895509004593,399.72118616104126,254.0505015850067,367.7899169921875,289.8452854156494,363.93877330579255,332.6096308858771,94.93657350540161,0,0,0,0,0,0,forward,0.039984848138603424,-0.13709340037704024,0.005097376835605221,1,233,239,0.8354544043540955,0,top_left,362,252,324.0617141723633,251.4309024810791,400.85015869140625,253.14824295043945,0
1,1,261.0,207.0,177.0,177.0,322.30271458625793,251.51553869247437,397.69460439682007,252.58642852306366,366.5462875366211,288.91719818115234,361.44031725431745,330.6704972919665,94.77112293243408,0,0,0,0,0,0,forward,0.020617091106383868,-0.1668938291981477,0.007533293548145293,1,239,240,0.786681056022644,0,top_left,359,251,321.724422454834,250.8398666381836,397.32396697998047,251.5985870361328,0
1,1,266.0,204.0,172.0,172.0,319.544118642807,251.31783306598663,398.6575961112976,254.39615786075592,365.52188873291016,287.4946975708008,360.13599596525495,331.59885858234605,94.71960663795471,0,0,0,0,0,0,forward,0.06362970060466842,-0.12857092719181493,0.024102954282343166,1,243,240,0.6447995901107788,0,top_left,358,252,317.7465629577637,250.45366859436035,398.3827819824219,253.66965866088867,0
1,1,263.0,202.0,175.0,175.0,320.7698321342468,250.4765921831131,399.6265482902527,253.20881724357605,367.9264831542969,286.9781684875488,362.74003079063016,330.5664464047081,95.17135620117188,0,0,0,0,0,0,forward,0.05759824337352745,-0.14458079298105966,0.01777876254135744,1,235,240,0.7771859765052795,0,top_left,359,250,319.3042755126953,249.35070991516113,400.67256927490234,252.0908489227295,0
1,1,266.0,204.0,172.0,172.0,320.8985233306885,249.6161323785782,399.2785382270813,250.08729100227356,368.5572814941406,287.4089813232422,362.5663938020405,330.7267645785683,95.0188934803009,0,0,0,0,0,0,forward,0.0072759256294880024,-0.15874495475271072,-0.005800981722232022,1,231,239,0.8378784656524658,0,top_left,359,249,319.7784309387207,248.94636154174805,399.61883544921875,249.2819480895996,0
1,1,265.0,203.0,175.0,175.0,322.2728657722473,248.3535200357437,401.10302448272705,250.76801776885986,367.7790069580078,285.2025604248047,363.247473867316,329.95955115870424,95.39415240287781,0,0,0,0,0,0,forward,0.05133803317993567,-0.13204992690580555,0.017592893903763115,1,239,240,0.7343736886978149,0,top_left,361,248,321.78063201904297,247.68739128112793,401.84007263183594,250.05784606933594,0
1,1,261.0,198.0,179.0,179.0,321.40000343322754,248.06768596172333,399.5535373687744,248.07160019874573,368.60557556152344,286.85840606689453,362.25521890740646,328.9284987198679,94.75111365318298,0,0,0,0,0,0,forward,-0.015540334244912826,-0.18025753393100202,-3.4107631743070044e-05,1,237,241,0.5700168013572693,0,top_left,360,247,320.15771865844727,247.49221801757812,400.0354690551758,247.29361152648926,0
1,1,263.0,201.0,176.0,176.0,319.88091945648193,247.50247478485107,400.55198431015015,248.46006274223328,367.65865325927734,285.1835060119629,362.89481915925677,329.7397131668894,94.89266872406006,0,0,0,0,0,0,forward,0.028739606587747255,-0.135408174672008,-0.001770771243684786,1,238,239,0.7359929084777832,0,top_left,359,246,318.4252471923828,246.552978515625,401.2145690917969,247.41816329956055,0
1,1,261.0,199.0,178.0,178.0,320.4233515262604,247.2757065296173,397.73260831832886,248.64879190921783,367.6306915283203,283.61002922058105,361.0541413959704,329.8228891272294,94.35508847236633,0,0,0,0,0,0,forward,0.061039570252294596,-0.1925666621678951,0.018809976608705512,1,232,239,0.82935631275177,0,top_left,358,247,319.35465240478516,246.5021152496338,397.45936584472656,247.8526210784912,0
1,1,224.0,241.0,208.0,208.0,302.4876034259796,309.226410984993,390.2272915840149,315.1620215177536,351.59095764160156,375.7894992828369,341.99860121074477,412.33559809233014,90.49842953681946,0,0,0,0,0,0,forward,-0.16233360501450653,-0.20006347337028826,0.05126575171378228,1,242,237,0.8028236031532288,1,bottom_left,345,311,300.6260528564453,308.2668685913086,391.0754699707031,314.57097816467285,0
1,1,261.0,233.0,211.0,211.0,345.5544376373291,293.75471591949463,433.2329845428467,313.00844728946686,392.9120635986328,365.7883644104004,369.08388037430615,407.18162486427707,95.72026133537292,0,0,0,0,0,0,forward,-0.10434606249750544,-0.3266394212403858,0.2212291353497014,1,306,239,0.7424356341362,1,bottom_left,390,302,346.35054779052734,292.85283851623535,435.47534942626953,312.31518173217773,0
1,1,280.0,239.0,208.0,208.0,368.8305687904358,293.62338960170746,452.7629089355469,331.01161658763885,409.6586608886719,372.31149673461914,375.3636852063631,412.6851518530595,93.75664591789246,0,0,0,0,0,0,forward,-0.05281378182747141,-0.2874720399970176,0.40269871586664974,1,315,238,0.8531973958015442,1,bottom_left,410,311,368.39646911621094,293.0393714904785,453.49169921875,330.69740867614746,0
1,1,300.0,246.0,218.0,218.0,396.3489556312561,296.6642028093338,475.34992933273315,346.8601495027542,429.78546142578125,383.0810737609863,384.72240447998047,419.3445170553107,90.40322303771973,0,0,0,0,0,0,forward,-0.05586183893612537,-0.3394747624483196,0.5518124958803229,1,317,238,0.8613229990005493,1,bottom_left,434,320,393.2155456542969,294.4038963317871,475.18226623535156,346.2825222015381,0
1,1,330.0,248.0,201.0,201.0,425.3389883041382,298.5765516757965,503.24928045272827,350.9205275774002,460.27210235595703,387.94979095458984,415.7116578754626,422.0345908717105,91.26721620559692,0,0,0,0,0,0,left,-0.03638988601899485,-0.8510454041901981,-0.5192174275622141,1,317,238,0.8929578065872192,1,bottom_left,463,323,423.0799331665039,296.56518173217773,503.26448822021484,350.2708110809326,0
1,1,333.0,252.0,211.0,211.0,434.5581078529358,297.2278833389282,513.3032321929932,354.0050107240677,469.94068145751953,389.54209327697754,422.60185040925677,423.86754136336475,91.82162880897522,0,0,0,0,0,0,left,-0.0023861893467556007,-0.8443357223445388,-0.5597300176788184,1,315,239,0.8578183054924011,1,top_right,472,324,431.7167282104492,294.18591499328613,514.0557708740234,353.9432315826416,0
1,1,338.0,249.0,207.0,207.0,436.2538695335388,300.4795092344284,514.623053073883,354.82518911361694,468.2268524169922,393.7910842895508,424.9247159455952,422.9786260504472,91.15001559257507,0,0,0,0,0,0,left,-0.09013236689318387,-0.8317527416902811,-0.5259603777343791,1,316,238,0.8642132878303528,1,top_right,475,326,434.95208740234375,298.35809326171875,515.3616485595703,354.13134384155273,0
1,1,332.0,251.0,217.0,217.0,438.2463812828064,300.6382977962494,517.4589204788208,357.049840092659,469.51332092285156,394.75696563720703,421.7025997764186,426.6496588054456,91.75172448158264,0,0,0,0,0,0,left,-0.06685382370381303,-0.8693064156577722,-0.5563119259798981,1,316,239,0.8322504162788391,1,bottom_left,476,327,435.21822357177734,297.72522354125977,518.2070693969727,356.46402740478516,0
1,1,330.0,254.0,208.0,208.0,432.33952283859253,301.9010066986084,514.315083026886,360.9111714363098,466.2410354614258,400.85025787353516,420.567916067023,427.62709718001514,91.57067537307739,0,0,0,0,0,0,left,-0.07389065902814977,-0.8100404385070248,-0.547950856370582,1,317,238,0.8984104990959167,1,top_right,472,329,430.3272476196289,299.27915954589844,515.3037643432617,360.5474452972412,0
1,1,325.0,255.0,207.0,207.0,427.52657413482666,303.6690330505371,504.67153310775757,356.33226335048676,458.55812072753906,398.6612892150879,411.0796577052066,428.1808150442023,91.88750386238098,0,0,0,0,0,0,left,-0.10929713121157107,-0.8623644235906807,-0.5207931139692388,1,316,238,0.8750922679901123,1,top_right,466,328,426.66375732421875,300.86732482910156,507.14588928222656,356.60691833496094,0
1,1,313.0,257.0,221.0,221.0,418.72886657714844,306.22888147830963,503.49491119384766,363.5963451862335,452.8321838378906,399.94943618774414,405.92888279965047,428.62889340049344,93.33726167678833,0,0,0,0,0,0,left,-0.15229454491528363,-0.762278582205691,-0.5316950887040779,1,316,239,0.8510422110557556,1,bottom_left,460,333,416.5368881225586,303.90030670166016,504.0114059448242,362.8960418701172,0
1,1,322.0,253.0,212.0,212.0,420.8027410507202,302.27944672107697,505.0561499595642,356.1933624744415,455.75462341308594,402.2511863708496,414.1229368510999,432.3950837787829,93.34360957145691,0,0,0,0,0,0,left,-0.1463083218679768,-0.781094288292423,-0.4588398449105483,1,317,238,0.8790106773376465,1,top_right,462,327,418.739501953125,299.39994049072266,505.79832458496094,355.4447364807129,0
1,1,321.0,253.0,215.0,215.0,421.51931285858154,298.4609377384186,503.1078243255615,352.5595289468765,450.21671295166016,397.06787109375,408.9159252769069,428.50088521053914,91.74140095710754,0,0,0,0,0,0,left,-0.12564648968402634,-0.8050164601903232,-0.4843712049470374,1,317,238,0.8759456872940063,1,top_right,461,322,418.59166717529297,294.41553497314453,503.66595458984375,351.1827278137207,0
1,1,320.0,247.0,217.0,217.0,418.3289337158203,295.6505620479584,503.1274724006653,352.10087299346924,452.63153076171875,392.63065338134766,408.3062804372687,429.30322446321185,92.21424460411072,0,0,0,0,0,0,left,-0.05816270695197501,-0.7925387375856094,-0.48876506782349527,1,315,239,0.8501973152160645,1,top_right,460,322,416.6317672729492,292.5535469055176,504.64405822753906,351.4796962738037,0
1,1,322.0,252.0,215.0,215.0,420.773766040802,298.7317621707916,504.4979929924011,354.718576669693,450.48065185546875,394.94733810424805,404.6242784198962,429.00481675800523,92.4485445022583,0,0,0,0,0,0,left,-0.10224877894394838,-0.801026409012785,-0.5182905063574863,1,316,239,0.8563106060028076,1,top_right,463,325,420.22911834716797,296.0625343322754,506.5609588623047,354.2596435546875,0
1,1,322.0,247.0,212.0,212.0,421.71207427978516,295.54376900196075,503.38587045669556,348.1804382801056,454.65415954589844,390.23743629455566,411.9056480809262,423.8215210563258,90.95820784568787,0,0,0,0,0,0,left,-0.08505576842323061,-0.8298952716460997,-0.4734860384419977,1,315,239,0.8459153175354004,1,top_right,461,319,419.1985397338867,292.1238384246826,504.5336151123047,347.841064453125,0
1,1,323.0,253.0,209.0,209.0,421.5280795097351,300.9458899497986,501.3379168510437,352.74660766124725,452.9216766357422,391.5029525756836,407.0562944914165,427.44110508968953,92.6861047744751,0,0,0,0,0,0,left,-0.10664216695422787,-0.8394998188552868,-0.4930688705188093,1,316,238,0.8867316246032715,1,top_right,462,326,421.8862838745117,299.5104560852051,503.88221740722656,352.99058532714844,0
1,1,326.0,243.0,215.0,215.0,423.02298069000244,294.35214936733246,504.98536348342896,348.0507856607437,449.73472595214844,386.028470993042,404.1484431216591,420.64401927747224,95.98392248153687,0,0,0,0,0,0,forward,-0.13889556134329642,-0.2786184161757426,0.5576781667797963,1,317,239,0.8776885271072388,1,bottom_left,463,319,420.8686752319336,291.47300148010254,506.0298843383789,347.5558204650879,0
1,1,317.0,252.0,219.0,219.0,421.6985058784485,299.278929233551,505.65394401550293,353.67666363716125,453.07960510253906,394.83492851257324,411.67110041568156,428.2001103852925,92.53277778625488,0,0,0,0,0,0,forward,-0.10319562735524668,-0.25587078885568804,0.5264906828296388,1,316,238,0.8670523166656494,1,bottom_left,463,324,419.79129791259766,296.4462718963623,506.64064025878906,353.0767650604248,0
1,1,321.0,249.0,213.0,213.0,415.1240038871765,296.3180994987488,503.94371509552,349.7030621767044,451.15978240966797,394.6834373474121,408.9871798063579,429.91008959318464,92.91050434112549,0,0,0,0,0,0,left,-0.11066686222457604,-0.7334882630643719,-0.44814177623680096,1,316,239,0.8737953305244446,1,top_right,458,321,412.3101043701172,293.1893062591553,505.67613220214844,349.3857765197754,0
1,1,318.0,251.0,225.0,225.0,421.6307282447815,303.80896031856537,504.15470123291016,356.49594962596893,451.4674758911133,398.1523132324219,405.1129913330078,429.80444857948703,93.55701208114624,0,0,0,0,0,0,forward,-0.15185658645512826,-0.29489550826701016,0.547308403922314,1,316,238,0.8735921382904053,1,bottom_left,463,328,421.0092239379883,301.4755439758301,505.8445129394531,355.6160488128662,0
1,1,314.0,247.0,222.0,222.0,417.29148864746094,299.8463648557663,502.9082417488098,350.91483414173126,451.26007080078125,394.8160743713379,411.34301436574833,426.5557871366802,92.70443916320801,0,0,0,0,0,0,left,-0.16044074124024366,-0.7747752677045112,-0.432733387955103,1,316,238,0.8743857145309448,1,bottom_left,459,323,415.4475555419922,297.10126304626465,503.39920806884766,349.3652400970459,0
1,1,326.0,249.0,219.0,219.0,423.01700830459595,299.55836176872253,509.23654079437256,351.89027667045593,459.82948303222656,396.10630989074707,415.8066799766139,432.48576465405915,93.78911256790161,0,0,0,0,0,0,left,-0.11032238872232636,-0.8022639596653359,-0.4436933838364943,1,316,239,0.8633356690406799,1,top_right,464,323,419.6539535522461,295.99313163757324,509.0937728881836,350.45349311828613,0
1,1,326.0,247.0,216.0,216.0,421.0481882095337,297.1195060014725,509.42201375961304,351.04695975780487,456.78131103515625,391.7996120452881,412.9483755011308,427.9242746453536,94.70651745796204,0,0,0,0,0,0,left,-0.09933015387163494,-0.7622840179014528,-0.47538068035930553,1,316,238,0.8692809343338013,1,top_right,465,323,420.18580627441406,295.1711597442627,511.76600646972656,351.1805648803711,0
1,1,319.0,254.0,220.0,220.0,424.0592932701111,302.3677682876587,507.64143466949463,357.9586136341095,460.3145217895508,395.811824798584,414.9829944811369,431.2893465945595,94.49148178100586,0,0,0,0,0,0,left,-0.07042644361971812,-0.8078220535449008,-0.49776480285623775,1,315,238,0.8334032297134399,1,top_right,465,328,422.3737335205078,300.2548599243164,508.8111801147461,357.59154510498047,0
1,1,320.0,250.0,221.0,221.0,420.08023977279663,298.7074023485184,507.8528380393982,350.63134610652924,454.7361373901367,390.84611892700195,411.75940463417453,426.5009247629266,92.88973212242126,0,0,0,0,0,0,forward,-0.12985177352619126,-0.21768701160748452,0.5065935323623627,1,316,238,0.8723084926605225,1,bottom_left,462,323,417.61180877685547,296.38901138305664,508.29442596435547,350.0303764343262,0
1,1,330.0,250.0,211.0,211.0,425.19185066223145,299.4626623392105,510.6729245185852,351.4363771677017,463.31897735595703,394.91369247436523,419.7989754927786,427.36517354061726,92.3835039138794,0,0,0,0,0,0,left,-0.09432354921706466,-0.814804546146801,-0.4581863456985615,1,315,239,0.8508009314537048,1,bottom_left,467,323,422.8696517944336,296.45493507385254,511.4682159423828,350.5997314453125,0
1,1,329.0,255.0,209.0,209.0,423.30711603164673,299.0268212556839,505.4221749305725,349.29199397563934,458.34205627441406,390.0827407836914,417.7391253019634,424.4085773668791,90.26052951812744,0,0,0,0,0,0,left,-0.07534252508814923,-0.818731134494784,-0.4582498909707921,1,316,239,0.863126814365387,1,bottom_left,463,322,421.10640716552734,296.3522357940674,506.6288528442383,348.8324089050293,0
1,1,325.0,247.0,221.0,221.0,424.8530602455139,297.6156198978424,510.13309478759766,351.89632415771484,459.29962158203125,389.92406845092773,413.27579899838094,424.51112696998996,93.16702485084534,0,0,0,0,0,0,forward,-0.11571490132624436,-0.2471537735571005,0.5375865306025298,1,315,239,0.8596314787864685,1,bottom_left,467,323,423.1593933105469,295.01965713500977,512.1914749145508,351.72819900512695,0
1,1,323.0,245.0,225.0,225.0,425.1031827926636,296.84594213962555,513.5588026046753,352.3065447807312,460.8765411376953,394.8168754577637,418.7043139809056,429.4247817993164,94.23485994338989,0,0,0,0,0,0,forward,-0.12070896527788152,-0.21747492708482985,0.5055087344053438,1,315,238,0.8395432829856873,1,bottom_left,468,322,422.06581115722656,293.62992668151855,513.9937286376953,351.27674674987793,0
1,1,324.0,250.0,221.0,221.0,426.5650701522827,298.82658183574677,507.9597330093384,350.15990138053894,461.4092254638672,395.2460289001465,418.84811200593646,430.35906992460554,94.63861584663391,0,0,0,0,0,0,left,-0.10136786131168364,-0.8514058485054008,-0.44421024547323856,1,315,238,0.840387761592865,1,top_right,466,322,424.1713333129883,295.6325054168701,508.4425277709961,348.9649486541748,0
1,1,324.0,247.0,221.0,221.0,427.0661449432373,297.92144000530243,512.9134488105774,348.6161130666733,461.44752502441406,393.28439712524414,418.8283237658049,429.0023050810161,93.66065859794617,0,0,0,0,0,0,forward,-0.1095827375913219,-0.26666822768226134,0.5002359108336052,1,316,238,0.8770444989204407,1,bottom_left,470,322,425.3799362182617,295.60672760009766,514.9982681274414,348.5225944519043,0
1,1,328.0,255.0,210.0,210.0,427.0529270172119,300.0885897874832,507.3028588294983,350.9073829650879,461.4203643798828,397.6641368865967,418.2802260549445,429.11004668787905,90.86812138557434,0,0,0,0,0,0,left,-0.10361809748033454,-0.8777811735485701,-0.45237703513980093,1,316,239,0.8710767030715942,1,top_right,466,322,424.0212860107422,296.1727294921875,508.1059265136719,349.4924011230469,0
1,1,322.0,247.0,221.0,221.0,425.06261110305786,300.7357996702194,511.8606972694397,352.71244168281555,461.58477783203125,395.83425521850586,417.58279900801807,430.89873866031047,92.8466260433197,0,0,0,0,0,0,forward,-0.09900886688010026,-0.2611814691702567,0.5045597188986506,1,316,238,0.8536969423294067,1,bottom_left,468,325,423.79844665527344,298.8182315826416,512.7862777709961,352.08930015563965,0
1,1,325.0,249.0,220.0,220.0,424.9858808517456,299.67091619968414,511.7228627204895,352.33618319034576,462.5447082519531,394.7178268432617,416.44806711297286,430.67032061125104,92.72911548614502,0,0,0,0,0,0,left,-0.12160149819167472,-0.8189995640232505,-0.4559400846467228,1,316,239,0.874276876449585,1,bottom_left,468,324,423.10848236083984,297.41251945495605,513.0384902954102,351.97620964050293,0
1,1,326.0,248.0,223.0,223.0,427.05140113830566,299.32393312454224,512.387855052948,349.385050535202,461.47891998291016,393.5020637512207,421.3383644505551,430.6692996777986,95.92270255088806,0,0,0,0,0,0,left,-0.1296911340155919,-0.8116142827282291,-0.4231844926418508,1,315,238,0.8470891118049622,1,bottom_left,469,323,426.0809020996094,298.013729095459,513.68359375,349.20320892333984,0
1,1,325.0,246.0,221.0,221.0,426.93782806396484,301.01359963417053,512.5642013549805,352.34649896621704,461.19773864746094,394.4670867919922,414.9024722450658,426.94834960134403,94.52705979347229,0,0,0,0,0,0,left,-0.1910699913831351,-0.8011913315451451,-0.4606016488748265,1,315,238,0.8101091980934143,1,top_right,468,324,424.0354766845703,298.00096321105957,512.4864730834961,350.7865905761719,0
1,1,328.0,245.0,219.0,219.0,426.3563275337219,298.53914737701416,513.0686187744141,349.0562582015991,466.52183532714844,394.7562503814697,422.35383284719364,431.5195023386102,94.05323266983032,0,0,0,0,0,0,left,-0.10700920672052447,-0.829927245794622,-0.42519889047600157,1,314,239,0.8536065220832825,1,top_right,470,323,425.5611801147461,297.0428009033203,514.78173828125,349.09187507629395,0
1,1,327.0,248.0,219.0,219.0,427.71681547164917,299.31700587272644,514.2061853408813,352.7076458930969,465.09857177734375,398.3045768737793,420.07821133262235,431.65738708094545,94.25091743469238,0,0,0,0,0,0,left,-0.12406476907570806,-0.809236144621171,-0.4535800240126643,1,315,239,0.8172208666801453,1,top_right,469,323,424.47396087646484,295.6939888000488,514.8085479736328,351.6131286621094,0
1,1,329.0,245.0,220.0,220.0,425.6223440170288,298.7364739179611,512.1549129486084,349.02862071990967,462.9045104980469,389.56844329833984,416.69024015727797,427.98694309435393,93.58335733413696,0,0,0,0,0,0,forward,-0.09437982335909714,-0.27027608156481026,0.506840982055511,1,315,238,0.828335702419281,1,bottom_left,470,323,425.62508392333984,297.88537788391113,514.5556564331055,349.4918518066406,0
1,1,327.0,246.0,222.0,222.0,426.4196825027466,299.5174330472946,513.8829898834229,349.38645243644714,462.0817184448242,394.8937225341797,419.59644317626953,430.64562546579464,95.96055746078491,0,0,0,0,0,0,left,-0.17280626797818638,-0.7870336060789608,-0.4175488441686743,1,315,238,0.8130516409873962,1,top_right,469,322,424.43216705322266,297.0501480102539,514.6454620361328,348.25609016418457,0
1,1,330.0,247.0,218.0,218.0,426.4195132255554,297.6619917154312,514.3286228179932,348.0497771501541,466.0486602783203,395.1735305786133,423.9512774818822,432.4336172405042,94.16429996490479,0,0,0,0,0,0,left,-0.09935271537738939,-0.8307248294894893,-0.417191305741922,1,314,239,0.8368234634399414,1,bottom_left,469,320,423.49930572509766,294.5116024017334,515.2401885986328,347.2789421081543,0
1,1,324.0,247.0,220.0,220.0,426.67396068573,298.68412256240845,512.6025056838989,349.7476601600647,465.6568145751953,396.07486724853516,418.7306213378906,430.3772825943796,93.33253502845764,0,0,0,0,0,0,left,-0.1233882042744325,-0.8491162254413491,-0.4467100916683201,1,315,238,0.8279017806053162,1,top_right,469,322,425.40367126464844,295.55366134643555,514.4583740234375,348.9569549560547,0
1,1,322.0,246.0,224.0,224.0,423.9454698562622,301.2394469976425,511.2253928184509,349.8974096775055,460.51647186279297,397.1589660644531,418.4904078433388,432.575192702444,94.57821249961853,0,0,0,0,0,0,left,-0.20146129478368302,-0.773372076115053,-0.3909156749389336,1,316,239,0.8422837853431702,1,top_right,468,324,423.8483200073242,300.3273868560791,512.3884658813477,349.4041213989258,0
1,1,329.0,249.0,213.0,213.0,421.5559458732605,297.6435524225235,511.10063314437866,349.68770384788513,461.9877624511719,390.7779121398926,419.6844000565378,428.28619555423137,93.42620372772217,0,0,0,0,0,0,left,-0.06682123279259318,-0.7774865457260304,-0.4457446812652719,1,316,239,0.8701048493385315,1,bottom_left,465,322,419.52637481689453,294.89381217956543,512.4522018432617,349.18304443359375,0
1,1,329.0,252.0,207.0,207.0,422.30966091156006,303.6616426706314,508.6405563354492,350.02314269542694,463.0515670776367,397.18957901000977,424.26562660618833,428.87425171701534,91.56330823898315,0,0,0,0,0,0,left,-0.15366845665874185,-0.770580017699685,-0.3846646333905964,1,316,238,0.8589533567428589,1,top_right,463,325,418.97694396972656,300.6107654571533,508.9063949584961,349.49797439575195,0
1,1,321.0,247.0,225.0,225.0,421.9735097885132,297.66950011253357,509.48360204696655,346.72276496887207,455.8833694458008,392.2566318511963,415.30852468390214,426.9922723268208,93.33161115646362,0,0,0,0,0,0,left,-0.18232464487243424,-0.7867590687168582,-0.41960691868403543,1,315,239,0.8476921319961548,1,top_right,464,320,419.7197799682617,295.1254405975342,509.94960021972656,345.60157012939453,0
1,1,322.0,246.0,225.0,225.0,421.62755012512207,301.6243529319763,508.8350987434387,350.21077930927277,458.4400177001953,393.77185821533203,417.0395178543894,427.40027076319643,94.13290619850159,0,0,0,0,0,0,left,-0.19153742881930932,-0.7666318274672009,-0.4115356955552203,1,314,239,0.863722562789917,1,bottom_left,466,325,422.8247299194336,301.0715160369873,510.9887161254883,349.7972774505615,0
1,1,323.0,245.0,221.0,221.0,422.34504222869873,297.1682542562485,513.0082726478577,348.4586763381958,462.45361328125,394.6302795410156,421.448705572831,433.3957220378675,92.49788522720337,0,0,0,0,0,0,forward,-0.07298574734433827,-0.23000760267494433,0.45834148581529616,1,316,239,0.8803568482398987,1,bottom_left,466,320,418.80348205566406,293.4525604248047,513.6126174926758,347.3415069580078,0
1,1,324.0,248.0,221.0,221.0,426.09211683273315,300.682053565979,512.3172044754028,350.86455523967743,463.01063537597656,395.3013038635254,420.5136349326686,430.61189400522335,93.48247647285461,0,0,0,0,0,0,left,-0.1428162284789979,-0.8198196809727376,-0.42210272523478065,1,314,239,0.829108715057373,1,bottom_left,468,324,424.32275390625,298.5084800720215,512.9530792236328,350.27723121643066,0
1,1,327.0,251.0,213.0,213.0,425.2147102355957,296.2681871652603,513.3493423461914,345.8278477191925,460.1581573486328,390.1724052429199,421.2023865549188,426.2221978840075,91.06870293617249,0,0,0,0,0,0,left,-0.13766652033243998,-0.7489493631608876,-0.41640514521723065,1,317,238,0.8744866251945496,1,top_right,468,319,423.17330169677734,293.41060066223145,514.3495788574219,344.81088638305664,0
1,1,325.0,250.0,219.0,219.0,426.28323554992676,301.11161291599274,512.9082632064819,352.0005798339844,463.89137268066406,394.8731803894043,420.81145035593136,429.01648672003495,92.9327666759491,0,0,0,0,0,0,left,-0.13422156850746797,-0.7886886845273721,-0.44329968234499445,1,314,239,0.8354559540748596,1,top_right,468,324,423.61153411865234,298.6391658782959,513.0738296508789,351.293643951416,0
1,1,325.0,249.0,220.0,220.0,423.6169195175171,298.0662614107132,512.652702331543,348.8338726758957,462.977294921875,392.1550941467285,421.8783790186832,427.7192718104312,92.90887117385864,0,0,0,0,0,0,left,-0.10997094150547838,-0.7669682035265944,-0.41660162482331203,1,315,239,0.8441612124443054,1,bottom_left,467,321,420.93871307373047,295.394983291626,513.0916519165039,348.11331939697266,0
1,1,330.0,246.0,219.0,219.0,424.8784637451172,302.67539262771606,512.045431137085,349.6436959505081,466.5974426269531,393.8753414154053,422.64373176976255,430.956425917776,93.85735392570496,0,0,0,0,0,0,left,-0.13890588738175766,-0.8212773211594758,-0.4032887703928218,1,314,239,0.8381577730178833,1,top_right,467,324,423.14012908935547,300.30084228515625,512.5709457397461,348.153528213501,0
1,1,326.0,249.0,217.0,217.0,424.08352613449097,299.39881682395935,509.0767168998718,348.19442331790924,460.0674057006836,392.86906242370605,418.4710412276419,427.43280360573215,92.21870303153992,0,0,0,0,0,0,left,-0.14936173491270766,-0.7935344420507066,-0.4190326587520215,1,316,238,0.8420615792274475,1,top_right,465,321,422.0448989868164,296.80943298339844,509.3548049926758,347.03783798217773,0
1,1,325.0,250.0,220.0,220.0,423.9113187789917,302.5365775823593,512.6776146888733,352.93335378170013,463.5360336303711,398.66106033325195,419.19588189376026,432.97773561979596,96.26821279525757,0,0,0,0,0,0,forward,-0.13366637842600465,-0.2526153422575272,0.47608610428983067,1,315,238,0.8439505100250244,1,bottom_left,469,327,423.4168701171875,301.1250743865967,515.592529296875,353.3971939086914,0
1,1,321.0,244.0,228.0,228.0,421.64868354797363,299.16590452194214,510.99225521087646,347.5542140007019,460.10658264160156,393.34221839904785,419.7247876619038,428.7936988629793,94.94754672050476,0,0,0,0,0,0,left,-0.17043844470137245,-0.7914967816930673,-0.3929136184792193,1,315,239,0.8597601652145386,1,bottom_left,465,322,419.43505096435547,297.4485111236572,511.64115142822266,347.2100086212158,0
1,1,330.0,251.0,212.0,212.0,426.61531925201416,300.8496165275574,509.54437255859375,346.61315739154816,464.5452117919922,393.0164337158203,427.5575999209755,425.3746815731651,93.07808876037598,0,0,0,0,0,0,left,-0.1356393999568622,-0.7996140986889554,-0.38785286041323963,1,315,239,0.8130394220352173,1,top_right,467,322,424.1902847290039,298.1633892059326,511.0201644897461,346.2681140899658,0
1,1,323.0,246.0,221.0,221.0,421.5226936340332,299.70552027225494,510.98774433135986,350.2957785129547,462.63519287109375,395.1902389526367,420.8523981194747,431.63156710172956,93.1988000869751,0,0,0,0,0,0,left,-0.14144857996457513,-0.7694451003836786,-0.4105983151959249,1,317,238,0.8847992420196533,1,top_right,464,323,418.40540313720703,296.95433235168457,511.31314849853516,349.3094787597656,0
1,1,327.0,255.0,221.0,221.0,426.66008472442627,306.87554955482483,514.451265335083,360.13833582401276,466.5630340576172,400.3136444091797,421.03837063438016,434.9176687943308,93.17924976348877,0,0,0,0,0,0,left,-0.13113412395968047,-0.8014044965726851,-0.45706062626940314,1,315,239,0.8470704555511475,1,bottom_left,470,332,425.04771423339844,304.7988452911377,515.8377075195312,359.8462600708008,0
1,1,326.0,250.0,228.0,228.0,431.51843547821045,304.19585287570953,514.8504781723022,355.0984185934067,468.0289840698242,397.29251861572266,425.49855884752776,431.24726546438114,92.89140105247498,0,0,0,0,0,0,left,-0.1312374272151286,-0.844886333933953,-0.44918709552083463,1,314,238,0.7976679801940918,1,top_right,471,327,428.140869140625,300.8163871765137,515.7300643920898,354.5269088745117,0
1,1,337.0,258.0,223.0,223.0,450.66152572631836,311.9924747943878,530.4047918319702,361.1410528421402,494.88895416259766,408.7255096435547,444.503452903346,442.3074832715486,94.08010244369507,0,0,0,0,0,0,left,-0.08250046878496864,-0.9716125942483722,-0.45129826787336136,1,314,239,0.835513174533844,1,top_right,489,334,448.4783935546875,308.91597747802734,531.1012496948242,360.69847869873047,0
1,1,344.0,259.0,232.0,232.0,476.9766640663147,319.3848502635956,550.0831985473633,356.37781620025635,529.818115234375,410.159969329834,479.2541584215666,444.64616474352385,88.72573971748352,0,0,0,0,0,0,left,-0.16317330298595523,-1.1329782620583826,-0.3123617033006352,1,298,239,0.7686002850532532,1,top_right,511,335,472.9045104980469,315.64797019958496,549.3246002197266,355.09511375427246,0
1,1,372.0,268.0,214.0,214.0,500.9335231781006,328.7622946500778,570.6504607200623,350.9378707408905,560.2218627929688,407.58413314819336,515.1116903204667,437.9082087466591,83.58924388885498,0,0,0,0,0,0,down,0.9048253230909777,1.2589077509153501,-0.9363035966220353,1,317,238,0.8533514142036438,1,bottom_right,535,339,497.58074951171875,326.47868728637695,572.5199508666992,351.5247459411621,0
1,1,377.0,260.0,211.0,211.0,501.89303159713745,320.10333001613617,578.0905032157898,337.86028504371643,567.3729705810547,394.33064460754395,520.5195457056949,424.6376609802246,81.64016008377075,0,0,0,0,0,0,left,-0.47461632959235694,-1.075283022991019,-0.004573314912803429,1,317,238,0.861397922039032,1,top_right,534,327,494.39959716796875,317.5155944824219,575.4032516479492,337.2894344329834,0
1,1,361.0,256.0,224.0,224.0,493.52030992507935,318.7040001153946,573.0233478546143,338.7969446182251,568.248291015625,391.6793632507324,521.1585797761616,434.0173425172505,79.08796072006226,0,0,0,0,0,0,left,-0.2988624294161172,-1.1436987741460976,-0.006153437792747971,1,317,238,0.8614068031311035,1,top_right,530,327,488.4132537841797,316.2186470031738,572.9594345092773,338.2913646697998,0
1,1,350.0,244.0,218.0,218.0,475.7608222961426,310.19259452819824,554.1072607040405,322.9796004295349,548.0928802490234,384.2994689941406,508.48440471448396,425.35704562538547,87.30309009552002,0,0,0,0,0,0,left,-0.40607588405257916,-1.0958059279187062,0.10960746253236472,1,317,238,0.8519105315208435,1,top_right,512,315,472.00074005126953,308.37654876708984,553.3656616210938,322.35510063171387,0
1,1,336.0,240.0,230.0,230.0,456.48587226867676,303.26930701732635,542.4538922309875,319.1869854927063,531.5058135986328,378.7861633300781,494.37211086875516,426.09848122847706,88.86802792549133,0,0,0,0,0,0,left,-0.2778255574907566,-1.0281410055471867,0.042299320825858994,1,315,238,0.7918292880058289,1,top_right,493,309,447.8024368286133,300.47336196899414,539.2527465820312,317.68925857543945,0
1,1,333.0,231.0,221.0,221.0,443.0329990386963,294.45441484451294,532.8618097305298,308.2980877161026,521.1947250366211,367.4087905883789,487.03635767886516,416.2573648753919,89.94789123535156,0,0,0,0,0,0,left,-0.22129384169611988,-0.9538657721472023,0.023339526943936227,1,310,238,0.7231347560882568,1,top_right,482,300,434.8103713989258,292.86453437805176,529.1896667480469,307.51519775390625,0
1,1,325.0,224.0,226.0,226.0,430.48362255096436,292.2790092229843,525.6518578529358,303.5910987854004,508.7047576904297,361.9618034362793,477.69230692010177,413.7911435177452,90.7041072845459,0,0,0,0,0,0,left,-0.21100431226260974,-0.889557948837889,0.045195756045641876,1,292,240,0.7385314702987671,1,top_right,473,296,423.7374572753906,290.5311698913574,523.1113967895508,302.3195285797119,0
1,1,269.0,282.0,197.0,197.0,359.0653872489929,343.3927434682846,440.4097318649292,364.02034878730774,407.1861267089844,426.0995864868164,368.73904378790604,449.26448520861175,91.32140278816223,0,0,0,0,0,0,left,-0.6061074837115356,-0.7217739499706012,-0.06677580349912997,1,296,238,0.7494140863418579,1,top_right,396,351,354.2129592895508,340.0524559020996,439.32532501220703,361.9995975494385,0
1,1,271.0,280.0,198.0,198.0,364.087815284729,343.7065029144287,440.0580930709839,362.5200802087784,415.255126953125,428.8863945007324,379.09760726125614,454.9022047143233,92.28786826133728,1,0,0,0.2237585335969925,0.9114850759506226,1,left,-0.523256758867273,-0.8288927309734789,0.0090162405499148,1,305,238,0.7840052843093872,1,bottom_left,399,350,358.9693145751953,340.2142696380615,440.2178497314453,361.1148090362549,0
1,1,274.0,286.0,190.0,190.0,369.4360828399658,344.62180852890015,439.8706293106079,368.5738009214401,409.7698211669922,428.6286735534668,371.54976894980985,450.3172663638466,92.71650314331055,1,0,0,0.2413381040096283,0.8786717057228088,1,left,-0.5303651437131621,-0.8779547077954227,-0.0874437654374971,1,306,238,0.8116393685340881,1,top_right,402,354,365.9130096435547,341.35717391967773,439.1410903930664,366.6700973510742,0
1,1,271.0,280.0,199.0,199.0,375.8535432815552,346.46517634391785,445.98708868026733,363.7514537572861,417.95127868652344,428.36631774902344,375.92193201968547,455.57093268946596,91.24600887298584,1,0.23012569546699524,0.8765932321548462,0,0,1,left,-0.15048594727389614,-0.6423905451248014,0.35056502711115956,1,308,238,0.7874172329902649,1,bottom_left,409,354,371.5885467529297,344.2375202178955,448.25696563720703,364.0396556854248,0
1,1,276.0,281.0,192.0,192.0,364.6450638771057,346.52442276477814,442.20360040664673,363.8301891088486,416.18995666503906,424.49329376220703,380.50942069605776,451.8191136811909,93.80195736885071,1,0,0,0.24425673484802246,0.9058647155761719,1,left,-0.5471810415262757,-0.7786434914670908,-0.020554753501663286,1,307,238,0.7690111994743347,1,top_right,401,353,360.8790512084961,344.2364444732666,442.1397247314453,362.5631618499756,0
1,1,271.0,268.0,199.0,199.0,360.08965015411377,330.0381052494049,442.5060272216797,347.8413784503937,413.7030029296875,407.0988464355469,383.29749257940995,434.4652808339972,94.27350163459778,1,0,0,0.2373591959476471,0.9102920293807983,1,left,-0.4539545929972537,-0.6960829775662835,-0.03911971805809893,1,299,238,0.7254654765129089,1,top_right,398,337,356.6250534057617,328.16954612731934,440.73191833496094,346.1461372375488,0
1,1,263.0,263.0,205.0,205.0,358.78382682800293,325.63341200351715,440.3923988342285,342.0457327365875,413.2862854003906,401.3301658630371,384.6564945421721,433.71076282701995,94.2064106464386,1,0,0,0.2390451282262802,0.9040646553039551,1,left,-0.4411134936177455,-0.7327444412011662,-0.0037163278116325465,1,303,238,0.6833187937736511,1,top_right,398,332,356.1252136230469,324.51912689208984,439.8787384033203,341.3367176055908,0
1,1,261.0,255.0,209.0,209.0,356.70811891555786,314.7642982006073,441.13380908966064,333.89437437057495,413.3995056152344,395.22817611694336,384.07641962954875,430.3075925927413,93.84453296661377,1,0,0,0.2430565357208252,0.8945396542549133,1,left,-0.3767585252112441,-0.713468945997299,-0.03752287735103135,1,293,238,0.7502520680427551,1,top_right,395,322,351.9778137207031,312.2611656188965,439.72347259521484,332.2744560241699,0
1,1,266.0,257.0,205.0,205.0,357.07019805908203,314.4948649406433,439.92552518844604,332.040758728981,411.7811584472656,396.3123893737793,385.50518236662214,429.6407860203793,94.18513774871826,1,0,0,0.23987197875976562,0.8942936658859253,1,left,-0.3979530281604837,-0.7293422578258703,-0.008669946593739172,1,293,238,0.7561669945716858,1,top_right,394,321,351.9306869506836,312.06542587280273,437.69107818603516,330.7942886352539,0
1,1,261.0,259.0,207.0,207.0,355.4186677932739,322.4975126981735,434.94454622268677,338.4378629922867,410.2101135253906,394.7208023071289,380.46364432887026,429.737057936819,94.01513934135437,1,0,0,0.22608250379562378,0.9130213856697083,1,left,-0.3937342025898611,-0.7295393026998739,-0.008819409473556836,1,294,238,0.707413911819458,1,bottom_left,395,330,355.2588119506836,322.90589332580566,435.7648010253906,338.2925262451172,0
1,1,264.0,257.0,205.0,205.0,356.55921697616577,318.6971980333328,436.695454120636,334.05458629131317,412.3346710205078,393.6815929412842,383.14128474185344,427.3646434984709,92.89310574531555,1,0,0,0.22515009343624115,0.9114671945571899,1,left,-0.411666241435254,-0.7408368168081346,0.001599907362107656,1,301,238,0.741912841796875,1,top_right,395,325,354.7715148925781,317.71046447753906,437.21453857421875,333.479061126709,0
1,1,264.0,253.0,202.0,202.0,350.129976272583,310.8733034133911,438.68947982788086,328.4648823738098,411.40419006347656,389.9501323699951,384.5884804976614,426.09761539258454,93.40792298316956,1,0,0,0.23194611072540283,0.9248271584510803,1,left,-0.31670371818866727,-0.6775279509898565,-0.02606005938920118,1,286,238,0.7314794659614563,1,top_right,390,317,344.36817169189453,307.87328338623047,436.3723449707031,326.75515937805176,0
1,1,262.0,246.0,208.0,208.0,350.05390882492065,305.8459585905075,436.7176604270935,323.8142144680023,405.9510803222656,383.5593795776367,382.01224276894015,419.98943228470654,93.95371675491333,1,0,0,0.233709454536438,0.9129343628883362,1,left,-0.32787028959412934,-0.6484913447144545,-0.04112044897509171,1,308,238,0.7775802612304688,1,top_right,389,313,344.6783218383789,303.46417808532715,435.1886444091797,322.6236934661865,0
1,1,265.0,246.0,201.0,201.0,350.5468702316284,305.09377777576447,439.9209713935852,320.0062984228134,414.0269470214844,381.92373275756836,389.47755713211865,420.2149998514276,93.93172860145569,1,0,0,0.2376587986946106,0.915687084197998,1,left,-0.3032226512975203,-0.6667086734148548,-0.00353109344633506,1,295,238,0.7293016314506531,1,top_right,390,310,343.9220962524414,302.79517936706543,437.074951171875,318.5010623931885,0
1,1,264.0,245.0,203.0,203.0,355.09202003479004,306.88234627246857,438.4414792060852,321.3216322660446,414.5011520385742,377.3795700073242,388.3114342940481,417.6285372282329,93.36714744567871,1,0.22657465934753418,0.8763904571533203,0,0,1,left,-0.30522207417485336,-0.7112727994229043,-0.011215383580016914,1,289,238,0.7336915731430054,1,top_right,395,313,353.4174575805664,305.9486274719238,436.9989242553711,320.1713676452637,0
1,1,264.0,243.0,204.0,204.0,354.8065447807312,303.724005818367,437.53411054611206,321.22202575206757,412.9737854003906,374.11834716796875,388.8139283029657,408.357895299008,94.3071961402893,1,0,0,0.24503013491630554,0.8997617959976196,1,left,-0.2731371851996586,-0.6512620464001574,-0.03453423032434736,1,301,238,0.6644535660743713,1,top_right,392,310,349.2826461791992,301.37345695495605,435.43485260009766,319.89277839660645,0
1,1,266.0,245.0,203.0,203.0,356.6554617881775,308.5114985704422,438.5831832885742,323.8680571317673,418.2706069946289,376.1678695678711,390.45431036698193,419.32244501615827,92.62328147888184,1,0,0,0.23485493659973145,0.9094571471214294,1,left,-0.26742980081982964,-0.7336002798575151,-0.01697590161094871,1,304,238,0.7432404160499573,1,top_right,396,315,354.4915313720703,308.1686267852783,437.56526947021484,323.18826484680176,0
1,1,264.0,248.0,204.0,204.0,353.97324562072754,310.70014894008636,438.96450757980347,324.0372598171234,418.67027282714844,382.42260932922363,392.77678238718136,422.74604747169894,93.67446303367615,1,0,0,0.23867547512054443,0.9026076197624207,1,left,-0.29594762189178525,-0.7413967949374103,0.021378223043101507,1,279,238,0.6328611969947815,1,top_right,393,316,349.7219696044922,309.7375888824463,437.2322769165039,323.0027847290039,0
1,1,263.0,247.0,205.0,205.0,354.9188303947449,303.1416589021683,442.213830947876,320.2197289466858,415.25203704833984,376.32396697998047,386.45293587132505,417.61173850611635,93.48927736282349,1,0,0,0.23506397008895874,0.9027340412139893,1,left,-0.28406719096745886,-0.7029863709854334,-0.053409412969507415,1,307,238,0.747387707233429,1,top_right,395,309,350.0410842895508,300.8454780578613,440.1776809692383,318.66600608825684,0
1,1,262.0,242.0,208.0,208.0,352.0903778076172,299.9422663450241,441.5430426597595,317.4814885854721,412.7241516113281,375.52602767944336,388.025958412572,417.84042157624896,93.43334436416626,1,0,0,0.23403483629226685,0.9241363406181335,1,left,-0.28564524395230695,-0.6612100845684182,-0.034684235246429766,1,285,238,0.6667070388793945,1,top_right,393,306,347.5963897705078,297.9022693634033,440.1456527709961,316.05159759521484,0
1,1,258.0,233.0,214.0,214.0,350.62262296676636,289.7450119256973,439.83112812042236,308.75837445259094,412.6749038696289,367.5728416442871,386.8320685938785,408.34002143458315,95.22610902786255,0,0,0,0,0,0,left,-0.23310685879209558,-0.6694890615008763,-0.055361786010392516,1,299,238,0.6848207712173462,1,top_right,391,297,345.1925277709961,287.7609443664551,438.18529510498047,307.56172370910645,0
1,1,258.0,228.0,213.0,213.0,348.7129783630371,282.28854954242706,437.4586844444275,301.4703959226608,412.75604248046875,353.41724395751953,388.0742805882504,398.1217364261025,95.07522583007812,0,0,0,0,0,0,left,-0.0039593752164735,-0.3910554543574123,0.17769954250051545,1,284,237,0.5553927421569824,1,bottom_left,390,290,343.76912689208984,280.3318405151367,436.45159912109375,300.1187267303467,0
1,1,254.0,221.0,224.0,224.0,349.5849275588989,273.51164638996124,439.16951179504395,293.49892795085907,409.71778869628906,335.77237129211426,382.1669347662675,387.8176674089934,93.51060390472412,0,0,0,0,0,0,left,0.05685065644149329,-0.3521362131566545,0.23206515116721058,1,293,238,0.6968704462051392,0,None,392,282,346.23313903808594,271.8225803375244,438.8709259033203,292.43139839172363,0
1,1,259.0,221.0,212.0,212.0,350.0783443450928,269.0339255332947,440.7967948913574,286.6328752040863,414.3019104003906,328.42472076416016,389.16873931884766,383.4167440314042,93.34309101104736,0,0,0,0,0,0,forward,0.07957808484151419,-0.34391402945241534,0.19360588795795686,1,298,238,0.7430305480957031,0,None,393,276,346.9045639038086,267.7575931549072,439.30177307128906,285.66197776794434,0
1,1,255.0,213.0,218.0,218.0,345.8572053909302,263.33529353141785,437.4472689628601,279.4789409637451,410.63499450683594,319.4674301147461,388.813332005551,374.8214420519377,89.56718444824219,0,0,0,0,0,0,forward,0.10186939429942714,-0.3204564129290777,0.17022393747007444,1,264,237,0.8156417608261108,0,top_left,389,270,342.41493225097656,262.1663246154785,436.24385833740234,278.5492286682129,0
1,1,248.0,207.0,225.0,225.0,337.6463258266449,259.4765067100525,431.76658630371094,272.46956169605255,403.5977554321289,310.4769515991211,384.94965402703536,369.11427949604234,89.09846544265747,0,0,0,0,0,0,forward,0.1406234192729472,-0.300167798568694,0.13839464117591357,1,239,240,0.7947115302085876,0,top_left,383,265,336.23848724365234,258.6277256011963,430.5770492553711,271.50235176086426,0
1,1,245.0,207.0,219.0,219.0,328.56295466423035,257.00268030166626,425.0428056716919,265.98915696144104,392.7537155151367,301.02044105529785,376.1030397917095,363.2332796799509,91.3013756275177,0,0,0,0,0,0,forward,0.16569347334908374,-0.28580929474571964,0.121788743882071,1,237,240,0.8707447052001953,0,top_left,375,260,326.4757957458496,255.95237159729004,425.0450744628906,265.1774253845215,0
1,1,241.0,210.0,217.0,217.0,325.11242628097534,257.41002917289734,421.14108324050903,263.8487774133682,392.5377655029297,301.86086654663086,378.9143010189659,362.86329972116573,89.26887512207031,0,0,0,0,0,0,forward,0.16709313369766102,-0.2986007383702255,0.07807338393466964,1,238,239,0.7767490148544312,0,top_left,371,259,323.42493438720703,256.2585983276367,420.55235290527344,262.84251594543457,0
1,1,240.0,211.0,215.0,215.0,316.2721014022827,255.30380308628082,415.9581160545349,261.7038470506668,385.15846252441406,299.7791004180908,370.0309974268863,365.46404186048005,89.69746232032776,0,0,0,0,0,0,forward,0.1958459874546371,-0.2610962502764661,0.08188454251699787,1,236,240,0.8080982565879822,0,top_left,364,257,312.58995056152344,253.94577026367188,416.15065002441406,260.54713439941406,0
1,1,231.0,208.0,225.0,225.0,314.3991219997406,257.734152674675,412.5792193412781,262.11968421936035,384.0333938598633,301.37709617614746,367.58934623316713,369.859753658897,90.96142053604126,0,0,0,0,0,0,forward,0.1703338908115903,-0.3404654828080087,0.08593161646543708,1,235,239,0.8333157300949097,0,top_left,362,258,311.5668144226074,256.5399169921875,413.06046295166016,261.3028450012207,0
1,1,228.0,208.0,223.0,223.0,309.20499086380005,255.92175364494324,406.9986915588379,260.0061857700348,377.82928466796875,296.42560958862305,362.7291589034231,363.94461581581515,90.622878074646,0,0,0,0,0,0,forward,0.22207701420085416,-0.29279229305061827,0.08401380278425079,1,233,239,0.8136298060417175,0,top_left,357,257,307.2257881164551,255.53277969360352,407.0338897705078,259.0389919281006,0
1,1,222.0,206.0,229.0,229.0,306.9620680809021,254.66560006141663,405.4741954803467,258.7856340408325,372.4483108520508,294.9602794647217,356.8201215643632,364.17610118263644,91.41639471054077,0,0,0,0,0,0,forward,0.2090863672199685,-0.26314146387900483,0.09190650976178127,1,228,239,0.7684545516967773,0,top_left,355,255,304.32823944091797,253.69395446777344,405.73695373535156,258.03860092163086,0
1,1,220.0,203.0,229.0,229.0,303.81290912628174,253.26622009277344,403.3819913864136,255.6012260913849,370.39329528808594,294.38690185546875,357.47257031892474,364.6415414308247,90.6230628490448,0,0,0,0,0,0,forward,0.19384420740056807,-0.2880389852303836,0.06611995794561029,1,227,240,0.7656827569007874,0,top_left,352,253,301.2193183898926,252.1080150604248,403.9100341796875,254.59376335144043,0
1,1,223.0,204.0,224.0,224.0,307.2352421283722,251.60219728946686,406.08858823776245,256.1243373155594,375.2906036376953,295.2699851989746,358.31441778885693,364.58347471136796,90.7372534275055,0,0,0,0,0,0,forward,0.17257154511468728,-0.30975086925227624,0.09033852726105371,1,229,239,0.6542356610298157,0,top_left,355,252,305.3462333679199,250.1755771636963,405.79732513427734,254.98712539672852,0
1,1,230.0,209.0,219.0,219.0,309.0979766845703,256.84342324733734,405.1863145828247,261.63794696331024,375.66612243652344,297.5368309020996,361.4855073627673,364.6668102866725,89.61613774299622,0,0,0,0,0,0,forward,0.21580251855829344,-0.30808927657676133,0.09246815509813368,1,231,239,0.763539731502533,0,top_left,356,258,308.23939514160156,255.89598655700684,405.2118606567383,260.37427711486816,0
1,1,228.0,199.0,223.0,223.0,308.1353485584259,254.63578820228577,406.53592824935913,259.14308845996857,374.79747772216797,293.1745147705078,361.6276991994757,360.02888880277936,92.78376698493958,0,0,0,0,0,0,forward,0.22515337500591562,-0.26792701329195034,0.0767884211328233,1,230,240,0.7631207704544067,0,top_left,357,256,307.3598937988281,254.16630935668945,406.7524871826172,258.30267906188965,0
1,1,233.0,207.0,218.0,218.0,311.9036543369293,255.28034806251526,408.3911895751953,258.1425315141678,377.1238327026367,294.0004634857178,364.0912407322934,360.6387911344829,92.02715158462524,0,0,0,0,0,0,forward,0.18906725019275059,-0.2909985985924651,0.06946398546972504,1,230,239,0.759293258190155,0,top_left,359,255,310.0257263183594,254.18902015686035,408.46537017822266,257.1829433441162,0
1,1,229.0,197.0,223.0,223.0,309.7162902355194,247.6460087299347,407.52477169036865,250.8201652765274,374.98668670654297,288.9842891693115,362.50627517700195,355.16365753976925,93.98013949394226,0,0,0,0,0,0,forward,0.18602113574515367,-0.2654019739203357,0.06366751193466105,1,231,239,0.7421553730964661,0,top_left,357,248,307.94794845581055,246.74217224121094,407.3468780517578,250.03827667236328,0
1,1,228.0,200.0,224.0,224.0,309.7328460216522,253.67736518383026,408.01241874694824,254.8628944158554,377.8550720214844,292.4557685852051,368.1113674766139,360.99500204387465,92.89196729660034,0,0,0,0,0,0,forward,0.21610966945328572,-0.28266030229548084,0.03366808617331943,1,231,239,0.742954432964325,0,top_left,358,253,307.1706237792969,252.57505416870117,408.8750915527344,254.0471420288086,0
1,1,227.0,200.0,224.0,224.0,305.73113560676575,252.27544784545898,405.9678888320923,249.34976398944855,377.2364807128906,290.99578857421875,367.6727094148335,357.118020810579,91.45232439041138,0,0,0,0,0,0,forward,0.16468820561596756,-0.2966375732017669,-0.005281750348673406,1,227,240,0.7636337876319885,0,top_left,354,249,303.7760200500488,251.11248779296875,405.31224060058594,248.4719123840332,0
1,1,224.0,203.0,229.0,229.0,302.391539812088,260.7014411687851,403.56658458709717,254.07729864120483,374.5124053955078,297.43703842163086,367.6895422684519,364.45967523675216,89.8339331150055,0,0,0,0,0,0,forward,0.1604110626850395,-0.28218382458335256,-0.03697776081718485,1,228,239,0.8135005831718445,0,top_left,351,256,300.1155700683594,259.982385635376,403.2667694091797,253.41038131713867,0
1,1,215.0,204.0,234.0,234.0,298.88105511665344,260.46845376491547,397.03300952911377,249.71742510795593,371.38660430908203,298.04537773132324,365.8564657914011,365.0030316804585,82.85990953445435,0,0,0,0,0,0,forward,0.12139152982767734,-0.3291743122088642,-0.07270306479604251,1,225,240,0.8184370398521423,0,top_left,346,254,296.601131439209,259.6828193664551,396.5188446044922,248.8831272125244,0
1,1,214.0,199.0,221.0,221.0,291.92010283470154,267.9133039712906,389.947247505188,251.42368912696838,364.93541717529297,302.8542709350586,364.16498686137953,367.6444921995464,88.08147311210632,0,0,0,0,0,0,forward,0.09783804288936818,-0.3043383039567391,-0.13159718337165766,1,224,240,0.8008109331130981,0,top_left,339,259,288.8478469848633,267.850284576416,389.62713623046875,250.7504997253418,0
1,1,214.0,203.0,221.0,221.0,285.66206216812134,267.4309551715851,385.04676818847656,249.41488981246948,360.8986282348633,301.59647941589355,359.1649587530839,366.8834344964278,87.49988675117493,0,0,0,0,0,0,forward,0.07929800837677468,-0.3112079158349004,-0.14390119214979724,1,224,241,0.707577109336853,0,top_left,332,258,281.46331787109375,267.27738189697266,384.10621643066406,248.76062965393066,0
1,1,211.0,207.0,219.0,219.0,282.0793879032135,274.0414524078369,381.985878944397,251.4800351858139,359.1011047363281,309.6598434448242,359.3736467863384,371.4377644187526,85.71214079856873,0,0,0,0,0,0,forward,0.018378054144989782,-0.30545174727283175,-0.19989700995516732,1,218,240,0.7578080892562866,0,top_left,330,262,279.72472381591797,273.5387020111084,380.8903350830078,250.7387924194336,0
1,1,208.0,205.0,214.0,214.0,278.62244725227356,271.87901973724365,377.33320474624634,249.48682487010956,357.62733459472656,308.5906791687012,358.12726372166685,369.44600908379806,85.71088910102844,0,0,0,0,0,0,forward,0.010999289816184548,-0.3418588881502081,-0.2071150427659117,1,214,240,0.7691615223884583,0,top_left,326,259,274.91296005249023,271.51183319091797,377.61009979248047,248.23401260375977,0
1,1,204.0,209.0,227.0,227.0,277.3255753517151,276.4954125881195,375.31532287597656,254.60058689117432,354.95330810546875,310.5773735046387,357.646484375,376.0342748541581,83.20544362068176,0,0,0,0,0,0,left,0.07130586272420006,-0.36249283299691326,-0.19244731946007138,1,213,240,0.7655434012413025,0,top_left,324,265,273.8516311645508,276.4306926727295,375.2177963256836,253.86864852905273,0
1,1,202.0,205.0,230.0,230.0,276.8374264240265,273.73700201511383,378.34095001220703,251.44852995872498,356.6664505004883,306.38832092285156,357.74601384213094,374.4423459705554,81.96399211883545,0,0,0,0,0,0,forward,0.0768173855160551,-0.3446030516065877,-0.18584394123089545,1,218,240,0.798359215259552,0,top_left,325,262,273.56233978271484,273.75457763671875,377.5492477416992,250.94231414794922,0
1,1,202.0,209.0,233.0,233.0,280.09268522262573,277.219335436821,378.7773847579956,255.01827478408813,358.9916229248047,310.7087516784668,359.5896851389032,376.8621133503161,81.85153007507324,0,0,0,0,0,0,left,0.06952365250912242,-0.3539654360735239,-0.19028497921597426,1,219,240,0.7655371427536011,0,top_left,327,265,276.7043647766113,277.3546714782715,378.614013671875,254.46077156066895,0
1,1,207.0,205.0,227.0,227.0,283.4269404411316,274.7529798746109,381.6222023963928,254.95533764362335,359.9192810058594,309.693546295166,362.32369473105985,374.81205789666427,82.9781174659729,0,0,0,0,0,0,forward,0.08440236427286175,-0.3328919303153493,-0.17995049309254807,1,221,240,0.8297334909439087,0,top_left,330,264,280.7431526184082,274.5167999267578,381.17403411865234,254.37876319885254,0
1,1,210.0,204.0,230.0,230.0,288.10271859169006,275.20426869392395,386.8054437637329,255.29139876365662,365.16387939453125,310.38660049438477,364.4267574109529,375.1254167054829,81.42265677452087,0,0,0,0,0,0,forward,0.07379220678043574,-0.33979224444363115,-0.16172208961576717,1,226,239,0.7979040741920471,0,top_left,335,264,284.7585105895996,275.1049919128418,386.63719940185547,254.68628883361816,0
1,1,217.0,203.0,220.0,220.0,291.71043157577515,273.48818242549896,390.08739709854126,257.81121611595154,366.5454864501953,311.510066986084,365.2504649915193,373.07538082725125,89.53742384910583,0,0,0,0,0,0,forward,0.061711074812672254,-0.2831228466486702,-0.15317152919703797,1,225,239,0.8045844435691833,0,top_left,339,265,289.60257720947266,273.2597179412842,389.3709716796875,257.23329162597656,0
1,1,213.0,201.0,231.0,231.0,294.95256543159485,268.6863023042679,393.7323808670044,255.93858361244202,368.09539794921875,309.025354385376,364.7387976395456,374.5022347098903,85.20424962043762,0,0,0,0,0,0,forward,0.0754475061667994,-0.3089006902566205,-0.10753151526088948,1,225,239,0.8043330907821655,0,top_left,342,262,292.5200538635254,268.38041496276855,393.181640625,255.64716911315918,0
1,1,220.0,204.0,223.0,223.0,295.1862609386444,268.37646424770355,396.55202627182007,257.1475964784622,368.08837890625,306.8035411834717,362.1893029463919,373.61633551748173,88.29126954078674,0,0,0,0,0,0,forward,0.10079104431788649,-0.270692036605679,-0.07639440437551745,1,225,239,0.820589005947113,0,top_left,344,262,291.6984558105469,268.0964012145996,397.0487060546875,256.51962089538574,0
1,1,214.0,206.0,239.0,239.0,299.8284149169922,276.49720072746277,398.4620428085327,269.95465993881226,367.9742431640625,316.04238510131836,361.0090275814659,380.0396076001619,93.25498938560486,0,0,0,0,0,0,forward,0.13392814688722665,-0.2582448199005242,-0.034144058190801164,1,226,239,0.819092333316803,0,top_left,349,272,299.19319915771484,276.357027053833,398.9457015991211,269.5854091644287,0
1,1,215.0,216.0,240.0,240.0,300.52667140960693,289.075990319252,402.34665393829346,290.5919873714447,364.36840057373047,341.76733016967773,352.8607137579667,397.2999587811922,95.53601741790771,0,0,0,0,0,0,forward,0.017958596768927238,-0.2188958320666173,0.025825253410539466,1,234,240,0.7442154288291931,1,top_left,351,289,299.38740158081055,289.33350563049316,403.48136138916016,290.46839904785156,0
1,1,224.0,223.0,241.0,241.0,303.3253240585327,295.1740711927414,402.4693465232849,303.3653801679611,360.7478332519531,356.5187358856201,348.74968077007094,407.0901413967735,95.23618817329407,0,0,0,0,0,0,forward,-0.03366813928489344,-0.1468860392942878,0.0720430616290253,1,239,240,0.7808468341827393,1,None,352,299,301.92579650878906,295.2711524963379,402.98690032958984,302.94783210754395,0
1,1,231.0,227.0,228.0,228.0,309.68682646751404,294.3344682455063,410.6864309310913,306.8831652402878,368.6301803588867,358.15003395080566,352.7300232335141,407.52857509412263,94.02677416801453,0,0,0,0,0,0,forward,-0.05734261159742351,-0.1917949402108387,0.10650869061246603,1,255,239,0.6601946949958801,1,None,360,300,308.5374450683594,294.24559020996094,412.2072219848633,306.5587520599365,0
1,1,236.0,227.0,229.0,229.0,311.2144672870636,292.8419905900955,412.99190521240234,304.4815921783447,370.60901641845703,355.2516746520996,354.146873072574,407.13977713333935,93.49814653396606,0,0,0,0,0,0,forward,-0.034664779471174884,-0.18237442070256682,0.11166694297469144,1,254,238,0.5698952674865723,1,None,361,298,308.8040542602539,292.8181743621826,413.58789825439453,304.1221618652344,0
1,1,231.0,224.0,234.0,234.0,315.19081830978394,286.56323969364166,417.137131690979,300.809987783432,371.31248474121094,354.76816177368164,353.21129347148695,406.37548948589125,94.50429677963257,0,0,0,0,0,0,forward,-0.047506441236440565,-0.20230653982836846,0.13933183982422287,1,256,238,0.7637481689453125,1,None,366,292,314.02782821655273,285.64985275268555,418.2753677368164,299.9798126220703,0
1,1,231.0,214.0,242.0,242.0,315.74859380722046,282.913076877594,415.87291717529297,294.4887489080429,371.8120574951172,348.86157989501953,356.6165482370477,402.70892293829667,91.72171950340271,0,0,0,0,0,0,forward,-0.014221311216857388,-0.2142980019459331,0.11741106845931958,1,242,238,0.7461967468261719,0,None,365,287,314.24756240844727,282.21007347106934,416.60103607177734,293.7893314361572,0
1,1,234.0,223.0,233.0,233.0,320.0677180290222,285.58225214481354,416.8979549407959,298.95471453666687,376.0785675048828,353.15134048461914,355.9264434011359,406.55364990234375,93.60787272453308,0,0,0,0,0,0,forward,-0.023001640469169318,-0.2728130666378363,0.1511928531892453,1,254,238,0.6989660859107971,1,None,367,291,318.4353446960449,284.6490898132324,416.86119079589844,297.9345417022705,0
1,1,233.0,220.0,236.0,236.0,315.7737720012665,287.38627552986145,419.05499935150146,300.8814686536789,374.7422790527344,353.8662528991699,358.96007839002107,404.0119713231137,93.98385882377625,0,0,0,0,0,0,forward,-0.07419656714500132,-0.15696876413810268,0.10848944833713166,1,256,238,0.7602867484092712,1,None,367,293,314.90594482421875,287.13998222351074,420.2038269042969,300.2600269317627,0
1,1,230.0,219.0,241.0,240.0,319.73652362823486,286.6643875837326,417.0319962501526,298.30836296081543,377.1959686279297,353.55600357055664,360.9319957933928,404.0909656725432,92.7411437034607,0,0,0,0,0,0,forward,-0.009360405548994647,-0.2628679126408446,0.12748045511243727,1,257,238,0.6724357008934021,1,None,367,291,318.2687454223633,285.78862380981445,417.10545349121094,297.2087001800537,0
1,1,232.0,221.0,234.0,234.0,314.5638644695282,282.8108471632004,417.5943398475647,295.27144253253937,374.2304229736328,352.2627067565918,357.3223425212659,403.3675906532689,93.31841468811035,0,0,0,0,0,0,forward,-0.06058068570165023,-0.20539770844298474,0.1079160588064303,1,250,238,0.6796523928642273,1,None,365,288,311.39173889160156,281.6718120574951,419.7257537841797,294.68096351623535,0
1,1,232.0,219.0,236.0,236.0,318.49080204963684,285.1774460077286,420.67163944244385,297.46849179267883,377.57484436035156,355.859899520874,358.8144051401239,404.4950640828986,92.58376955986023,0,0,0,0,0,0,forward,-0.09276750310752317,-0.21340185115304255,0.11671064267041548,1,261,238,0.7146475911140442,1,bottom_left,370,290,317.27350997924805,284.440372467041,422.85108184814453,296.7058696746826,0
1,1,235.0,213.0,238.0,238.0,319.6812963485718,284.68793392181396,420.69658517837524,294.785880446434,380.3937530517578,350.61241149902344,362.37168261879367,403.0699433778462,91.16747975349426,0,0,0,0,0,0,forward,-0.05048814384268399,-0.2557719745337675,0.10979092132245329,1,248,238,0.6951360106468201,1,None,369,288,317.6815490722656,283.5032501220703,421.48619842529297,293.8501281738281,0
1,1,240.0,221.0,231.0,231.0,321.9836151599884,285.40962517261505,423.71161699295044,295.5236881971359,383.5767364501953,353.4916305541992,366.03437323319287,405.0048185649671,92.91418194770813,0,0,0,0,0,0,forward,-0.0665083462807589,-0.2341499913159066,0.09360574294290981,1,257,238,0.7581905126571655,1,None,372,289,319.7993812561035,284.14548683166504,424.93163299560547,294.30706787109375,0
1,1,236.0,220.0,237.0,237.0,319.6889066696167,283.3942902088165,422.7406930923462,294.95127975940704,381.7655563354492,350.29712677001953,364.5187899940892,402.6507538243344,92.0143187046051,0,0,0,0,0,0,forward,-0.043148798457570116,-0.2151572587639516,0.1023583687335528,1,256,238,0.7614085078239441,1,None,369,288,316.9932060241699,282.26453590393066,422.90252685546875,293.99692153930664,0
1,1,234.0,216.0,241.0,241.0,326.0415709018707,283.807048201561,424.3689703941345,294.9093157052994,386.80946350097656,351.5008735656738,366.6599454377827,403.0409928372032,90.83978533744812,0,0,0,0,0,0,forward,-0.031309970666548774,-0.29489107490864236,0.12733958596768638,1,255,239,0.6801373362541199,1,None,375,288,325.6933479309082,282.91534423828125,425.79112243652344,293.850191116333,0
1,1,240.0,163.0,195.0,195.0,293.963280916214,212.50405490398407,373.0347990989685,208.8766247034073,333.28453063964844,242.83587455749512,333.7202031988847,295.75594048751026,95.93554735183716,0,0,0,0,0,0,forward,0.100200417479025,0.048946170999936894,-0.03921002180677417,0,0,0,0,0,None,334,209,294.5669746398926,211.28364658355713,373.70128631591797,207.65705680847168,0
1,1,239.0,165.0,196.0,196.0,293.5585141181946,212.37032622098923,373.925461769104,209.8369199037552,331.62208557128906,244.00400161743164,333.3521300867984,300.6378710897345,95.90019583702087,0,0,0,0,0,0,forward,0.12270775031434042,0.11006251912584107,-0.04322477621566633,1,222,241,0.5314733386039734,0,top_right,334,210,293.5393714904785,211.476731300354,375.4903335571289,209.00396347045898,0
1,1,238.0,161.0,196.0,196.0,292.9494106769562,212.20612227916718,372.0476484298706,209.8326113820076,331.4224624633789,241.09763145446777,332.3944824620297,297.9874088889674,95.23621797561646,0,0,0,0,0,0,forward,0.1533753219297354,0.05007629821815322,-0.03491878453460838,0,0,0,0,0,None,333,210,294.3366928100586,211.45098781585693,372.1184844970703,208.9742259979248,0
1,1,237.0,165.0,193.0,193.0,293.15295577049255,212.647525370121,372.03855991363525,209.76059943437576,332.6126480102539,243.50555419921875,333.15032457050523,299.06929267080204,96.42132520675659,0,0,0,0,0,0,forward,0.11857905526959779,0.03746137496604251,-0.038577509974678945,1,223,241,0.6769387722015381,0,None,332,210,292.66357421875,211.74016284942627,371.5586166381836,208.7737684249878,0
1,1,241.0,160.0,194.0,194.0,292.9023003578186,206.96608185768127,374.97827768325806,202.1900001168251,333.98509979248047,240.53804397583008,334.4083163612767,294.7902548940558,96.73715829849243,0,0,0,0,0,0,forward,0.05474012183764444,0.07567055322069559,-0.040490995765252974,1,223,241,0.7113224864006042,0,top_right,333,203,292.2444839477539,205.8048391342163,375.20794677734375,200.9284543991089,0
1,1,240.0,162.0,194.0,194.0,293.5852873325348,210.0343206524849,375.03564834594727,207.1719592809677,332.07149505615234,242.7202033996582,332.6048579968904,295.4289782674689,95.4126238822937,0,0,0,0,0,0,forward,0.072900394117381,0.10755543904624401,-0.029372891044164486,1,223,240,0.7512298822402954,0,top_right,334,207,293.5354309082031,209.27359199523926,376.0963821411133,206.45054054260254,0
1,1,241.0,160.0,193.0,193.0,293.04203033447266,209.06719386577606,374.437038898468,205.88211357593536,334.26422119140625,239.6235179901123,333.82878554494755,294.01830121090535,95.82356810569763,0,0,0,0,0,0,forward,0.10084110314460204,0.011709026567781444,-0.030867875307811404,1,223,241,0.6253833770751953,0,None,333,206,293.1306915283203,208.06444358825684,374.775146484375,204.7115421295166,0
1,1,239.0,162.0,195.0,195.0,293.64675402641296,213.75239700078964,375.21310806274414,212.73918986320496,333.54270935058594,245.2672004699707,332.7326081928454,299.30634046855727,95.79821228981018,0,0,0,0,0,0,forward,0.10393370983350321,0.036644167494484486,-0.015178723695090926,1,227,240,0.7213762402534485,0,None,334,212,293.7168998718262,213.10253047943115,375.83201599121094,212.33959293365479,0
1,1,241.0,160.0,195.0,195.0,295.8632493019104,210.6712844967842,377.06681966781616,209.0715578198433,334.5652770996094,247.91204452514648,335.7670814112613,298.78608603226513,95.70606350898743,0,0,0,0,0,0,forward,0.016842701216809107,0.1261100080995058,-0.029485659115475137,1,228,240,0.7051591277122498,0,top_right,336,209,295.6314811706543,209.90957736968994,377.51904296875,208.40993213653564,0
1,1,239.0,169.0,194.0,194.0,292.5438451766968,224.64145123958588,377.8761291503906,223.08706104755402,335.6224060058594,264.3765449523926,337.788210417095,313.79558462845654,95.75052857398987,0,0,0,0,0,0,forward,-0.015031896771960184,0.05486041349203106,-0.035105841086929636,0,0,0,0,0,None,334,223,291.5209541320801,224.01886653900146,378.03014373779297,222.52303791046143,0
1,1,238.0,169.0,203.0,203.0,296.8933844566345,229.86748605966568,381.4788246154785,230.84963768720627,339.7257614135742,275.9684944152832,338.4392437181975,323.72310538040966,93.07199716567993,0,0,0,0,0,0,forward,-0.05292662209252693,-0.004186412534140604,-0.004857946228257269,1,238,239,0.5507058501243591,0,None,339,229,297.08911895751953,229.09648990631104,382.35892486572266,230.0549612045288,0
1,1,240.0,183.0,203.0,203.0,297.61115074157715,243.15432876348495,384.39231157302856,244.04416680335999,340.7564926147461,288.3024787902832,339.5060117621171,335.8711428391306,95.02248764038086,0,0,0,0,0,0,forward,-0.0524101345265562,0.029852269405819913,0.0012339798922943329,1,231,240,0.7162385582923889,0,None,340,243,296.0052261352539,242.54899978637695,385.4935531616211,243.62193489074707,0
1,1,239.0,181.0,207.0,207.0,301.8725657463074,240.0732457637787,383.50109815597534,240.50425618886948,342.97271728515625,291.6438388824463,341.49721346403425,335.0830198589124,94.44500207901001,0,0,0,0,0,0,forward,-0.10817470269935026,0.007620378992641058,-0.0011796357428842182,1,231,240,0.6417298316955566,0,center,342,239,301.33821868896484,239.1122932434082,382.8406677246094,239.6427125930786,0
1,1,250.0,181.0,189.0,189.0,302.46187806129456,237.02318787574768,386.8157124519348,237.18099117279053,343.98345947265625,288.45763206481934,341.8624687194824,331.13163847672314,95.26877403259277,0,0,0,0,0,0,forward,-0.1527580484858173,0.028789809671833557,0.0041204875305695,1,232,240,0.7333990335464478,0,None,344,236,301.58358001708984,236.0154848098755,387.5172424316406,236.09682655334473,0
1,1,249.0,171.0,199.0,199.0,303.63874554634094,229.35469418764114,390.5823349952698,230.66930651664734,347.5575637817383,281.0090732574463,345.54656781648333,323.45180059734145,94.82083916664124,0,0,0,0,0,0,forward,-0.1676517236550335,0.02685835688775494,0.0009229384784070637,1,236,241,0.6669875383377075,0,None,346,229,302.83902740478516,228.44196224212646,389.90794372558594,229.88200664520264,0
1,1,252.0,176.0,193.0,193.0,306.3215100765228,235.04552721977234,391.4213156700134,232.9904741048813,348.95450592041016,281.16479873657227,347.25380546168276,323.03661647595857,95.17850279808044,0,0,0,0,0,0,forward,-0.15105001008719285,0.033387686909507726,-0.012932922480043848,1,236,240,0.6551271080970764,0,center,349,233,305.8800964355469,234.54234981536865,392.3946304321289,232.48873329162598,0
1,1,246.0,163.0,203.0,203.0,305.6832468509674,224.90678429603577,393.23118686676025,226.3444322347641,349.70863342285156,275.4196357727051,346.5150291041324,317.72421937239795,94.40682530403137,0,0,0,0,0,0,forward,-0.16654204301872114,0.0037559906669521,0.007612426262709696,1,235,240,0.7354174852371216,0,None,349,224,304.83264541625977,223.93815422058105,394.1067886352539,225.45803546905518,0
1,1,250.0,172.0,198.0,198.0,308.0043959617615,230.1707911491394,393.2296657562256,231.08540654182434,350.8350372314453,277.4330234527588,348.10334657367906,321.5365836494847,93.72330904006958,0,0,0,0,0,0,forward,-0.10751914308254926,0.0070686930410842315,0.009739442652180665,1,235,240,0.7005825042724609,0,center,350,229,308.0566215515137,229.3452959060669,393.8707046508789,230.272536277771,0
1,1,250.0,168.0,198.0,198.0,306.29106640815735,226.26400351524353,393.1922507286072,226.73941433429718,350.5951690673828,272.9048824310303,349.8048782348633,316.6337946841591,95.58749198913574,0,0,0,0,0,0,forward,-0.13324335056828665,0.04940433186479291,-0.006869121945272614,1,232,240,0.6831114292144775,0,center,348,225,304.4144477844238,225.42148876190186,393.0807418823242,225.9964771270752,0
1,1,253.0,172.0,195.0,195.0,307.8865170478821,229.0865832567215,393.1543278694153,229.05311286449432,349.84474182128906,275.8586311340332,346.5229114733244,319.96395010697216,93.71745586395264,0,0,0,0,0,0,forward,-0.11837049548338593,0.02386004592055521,0.015071489314752882,1,238,240,0.6478226780891418,0,center,350,228,307.4146156311035,228.300518989563,393.6072769165039,228.19081020355225,0
1,1,250.0,163.0,198.0,198.0,309.8923194408417,221.94908648729324,394.2051339149475,224.47229325771332,353.37867736816406,270.81719398498535,349.62285192389237,315.4554899115312,95.4707145690918,0,0,0,0,0,0,forward,-0.1061881219480648,-0.04930816638255946,0.015243259502272743,1,237,240,0.672915518283844,0,None,351,222,309.1983337402344,221.03290843963623,394.4648971557617,223.70463180541992,0
1,1,251.0,168.0,196.0,196.0,309.3989825248718,226.4135044813156,394.27640676498413,226.61050021648407,353.7583541870117,273.50183486938477,351.38528121145146,317.81177420365185,96.6855525970459,0,0,0,0,0,0,forward,-0.11248348595426946,-0.014090821670488666,-0.005574935515666281,0,0,0,0,0,center,351,225,308.9509620666504,225.5509443283081,393.3520050048828,225.63858890533447,0
1,1,246.0,160.0,207.0,207.0,308.9944398403168,221.49951428174973,394.8379850387573,223.2097578048706,352.7733612060547,269.79686737060547,349.93992855674344,314.59016900313526,96.19956612586975,0,0,0,0,0,0,forward,-0.10665170171341268,-0.01105874432493941,0.008116287685048146,1,237,240,0.6851920485496521,0,center,351,221,308.65489959716797,220.66284656524658,395.2576904296875,222.39090156555176,0
1,1,251.0,169.0,193.0,193.0,309.7727930545807,223.64494442939758,396.24913215637207,226.53545826673508,352.06024169921875,271.2502098083496,350.2572983189633,316.19221687316895,96.01662755012512,0,0,0,0,0,0,forward,-0.10945223438761542,0.051148869081026935,0.014196235345584762,1,237,240,0.5351705551147461,0,center,353,224,308.7837791442871,222.4940357208252,397.8794479370117,225.5445728302002,0
1,1,250.0,162.0,203.0,203.0,308.7143540382385,221.69168561697006,395.52982568740845,222.70428746938705,352.9844665527344,265.9515953063965,349.468264328806,314.49953029030246,96.16599678993225,0,0,0,0,0,0,forward,-0.05327320455073719,-0.024862617097680423,0.015185710026029973,1,236,240,0.6966941952705383,0,None,352,221,308.6038360595703,220.9469518661499,396.90006256103516,221.98368072509766,0
1,1,246.0,169.0,201.0,201.0,307.3047995567322,225.58778285980225,393.6389112472534,227.5006315112114,351.09569549560547,271.14749908447266,348.3165178800884,318.57428651106983,93.7471866607666,0,0,0,0,0,0,forward,-0.053130342905719295,-0.015878171349989995,0.012333275263768392,1,231,241,0.5944038033485413,0,None,351,225,307.6980438232422,224.51749420166016,395.3438949584961,226.4021987915039,0
1,1,247.0,166.0,200.0,200.0,308.8307213783264,221.8407279253006,394.2117929458618,223.9855170249939,352.1858215332031,266.41459465026855,349.1938510694002,313.16705854315506,94.89432573318481,0,0,0,0,0,0,forward,-0.057318619880850984,-0.011737101665243352,0.014309738077339375,1,235,240,0.6946433186531067,0,None,351,221,308.7298469543457,220.86784172058105,394.8323287963867,223.11007976531982,0
1,1,245.0,167.0,206.0,206.0,308.2126832008362,223.9176481962204,393.92470598220825,224.71860855817795,351.20849609375,267.7733516693115,348.4389646429765,314.51764207137256,95.5166220664978,0,0,0,0,0,0,forward,-0.05142822646555241,-0.0070751829708874175,0.008212583811323506,1,237,240,0.531777560710907,0,None,351,223,307.509578704834,222.84169578552246,394.50389099121094,223.61854076385498,0
1,1,246.0,163.0,205.0,205.0,309.193434715271,220.0208768248558,393.9272713661194,220.9562274813652,353.10516357421875,264.4688415527344,350.3435506318745,311.13708445900363,94.72844004631042,0,0,0,0,0,0,forward,-0.06710019673633895,-0.03050717204489373,0.005284102846474539,1,232,240,0.6991931796073914,0,None,351,219,308.8491325378418,219.4008150100708,394.42481994628906,220.31807327270508,0
1,1,248.0,169.0,198.0,198.0,309.0208089351654,222.55231887102127,393.4608554840088,225.32029956579208,352.4334716796875,266.89653396606445,347.84164830258015,319.4097368340743,94.22666430473328,0,0,0,0,0,0,forward,0.0015163830408842199,-0.09481581339539782,0.031351596423482744,1,235,240,0.5741894841194153,0,top_left,351,223,308.2534294128418,221.6779661178589,394.09783935546875,224.5909938812256,0
1,1,249.0,165.0,198.0,198.0,307.87192583084106,219.12435293197632,393.98372650146484,220.36474853754044,352.3175811767578,261.639347076416,350.00303569592927,315.28675280119245,95.78164219856262,0,0,0,0,0,0,forward,0.013288094466794121,-0.037922111763330664,0.0029298249338624723,1,236,240,0.5515555739402771,0,None,351,218,307.2344093322754,218.08330535888672,394.97863006591797,219.3841152191162,0
1,1,249.0,171.0,196.0,196.0,309.8970639705658,226.8962886929512,392.12552070617676,228.73616874217987,352.24124908447266,262.9994487762451,346.3605840582597,317.63597337823165,94.4028377532959,0,0,0,0,0,0,forward,0.09519927830383212,-0.04688228507145587,0.038785894215872564,1,231,240,0.6979360580444336,0,None,351,227,310.67373275756836,226.4988498687744,393.1813735961914,228.25427341461182,0
1,1,247.0,171.0,196.0,196.0,305.47056555747986,220.61087429523468,391.8336820602417,221.00742906332016,351.0935592651367,258.8317680358887,346.7087283887361,315.08746598896226,94.7064220905304,0,0,0,0,0,0,forward,0.06081794194290685,-0.06878034469652404,0.021533983544069303,1,231,240,0.7512938976287842,0,top_left,349,220,306.1053237915039,219.95172214508057,393.1656036376953,220.2562608718872,0
1,1,245.0,172.0,198.0,198.0,307.78244614601135,223.625690639019,391.33826971054077,223.83141160011292,350.9614562988281,263.65330696105957,345.45842421682255,315.58123488175244,93.88010501861572,0,0,0,0,0,0,forward,0.007028788487481573,-0.10880071279745425,0.02411021758150429,1,234,240,0.624891459941864,0,top_left,349,222,307.85686111450195,222.90127658843994,391.91271209716797,223.09749126434326,0
1,1,243.0,165.0,204.0,204.0,308.59559774398804,217.47268170118332,393.4390425682068,218.7866324186325,352.16270446777344,258.5353660583496,347.10555327566044,310.56029018602874,92.63989329338074,0,0,0,0,0,0,forward,0.00902966073167023,-0.07739919744412246,0.037908486563401976,1,231,239,0.6928421258926392,0,None,351,217,308.7001075744629,216.6674280166626,394.0046615600586,218.0443639755249,0
1,1,246.0,168.0,198.0,198.0,308.73481273651123,220.39999812841415,393.49414348602295,221.34217590093613,352.0355224609375,259.93852615356445,348.83417330290143,312.0474228106047,95.89205384254456,0,0,0,0,0,0,forward,0.025620847376570898,-0.031854588657264274,0.017238946015232043,1,230,240,0.7308234572410583,0,None,351,220,308.4997100830078,219.59184551239014,394.1490173339844,220.4130506515503,0
1,1,244.0,165.0,201.0,201.0,310.930894613266,214.52928006649017,391.67152404785156,216.51895701885223,352.1002960205078,254.93825912475586,347.6238792820981,308.94265877573116,93.7734067440033,0,0,0,0,0,0,forward,0.03939572126124813,-0.08102823583101723,0.03468453261397632,1,230,240,0.6852694153785706,0,top_left,352,214,311.18596267700195,213.8407859802246,393.14986419677734,215.7295446395874,0
1,1,246.0,172.0,197.0,197.0,307.6114273071289,221.45929008722305,393.09062480926514,222.09463208913803,352.8404235839844,259.94773864746094,346.9154699225175,315.7081468481767,95.30090689659119,0,0,0,0,0,0,forward,0.04981330083249948,-0.11116787357367884,0.031075589766668753,1,229,239,0.7353219985961914,0,top_left,351,221,307.8301239013672,220.80025005340576,394.21446990966797,221.28196334838867,0
1,1,241.0,163.0,208.0,208.0,307.7800500392914,216.53222680091858,393.2703375816345,218.85295540094376,352.11952209472656,256.19298934936523,347.71441610235917,310.7217271704423,93.16758513450623,0,0,0,0,0,0,forward,0.045616039279712854,-0.06775824115805842,0.032152574187909976,1,230,240,0.7703012228012085,0,top_left,350,216,307.319393157959,215.62267971038818,393.37220764160156,218.0096311569214,0
1,1,249.0,169.0,197.0,197.0,310.54118156433105,218.2774579524994,393.4705185890198,220.241838991642,353.27186584472656,255.76051712036133,348.41075997603565,313.00250304372685,93.08330416679382,0,0,0,0,0,0,forward,0.09231260540832267,-0.05305655560942971,0.03225963928086001,1,236,239,0.5836107134819031,0,None,352,218,309.8107109069824,217.81670951843262,394.38287353515625,219.66912460327148,0
1,1,246.0,163.0,202.0,202.0,310.5478084087372,215.47479897737503,395.6520366668701,216.61686837673187,356.5391540527344,254.41131591796875,351.84580652337326,310.19115498191434,96.19144797325134,0,0,0,0,0,0,forward,0.05668099952966641,-0.0994143172422595,0.021531012985884525,1,233,240,0.7360833883285522,0,top_left,353,215,310.51309967041016,215.05200576782227,396.4173126220703,216.0263557434082,0
1,1,247.0,163.0,203.0,203.0,314.8988616466522,217.274389564991,397.97406911849976,220.41947454214096,358.360595703125,256.6780757904053,353.6348794635974,311.58752090052553,95.65820097923279,0,0,0,0,0,0,forward,0.06004651802342184,-0.07881116645084457,0.036914255515272484,1,230,241,0.6268598437309265,0,top_left,356,218,314.9891128540039,216.8992681503296,398.4026565551758,219.94628620147705,0
1,1,247.0,162.0,204.0,204.0,316.58671855926514,213.23161840438843,399.6515655517578,217.31660395860672,360.9656524658203,254.20011520385742,353.3660607588919,307.2587013244629,94.97255682945251,0,0,0,0,0,0,forward,0.023986768664202438,-0.12952189228773398,0.05781068634905366,1,233,240,0.5527079105377197,0,top_left,357,214,315.58023834228516,212.65287494659424,399.841064453125,216.62129402160645,0
1,1,248.0,166.0,201.0,201.0,318.4086036682129,216.4842376112938,402.3225474357605,222.26607352495193,364.28985595703125,257.05896377563477,357.75869670667146,310.11364836441845,95.39746046066284,0,0,0,0,0,0,forward,0.04972995252293105,-0.17079041429089478,0.05656048947478692,1,236,241,0.6515143513679504,0,top_left,359,218,317.2603569030762,215.73057746887207,402.3393783569336,221.6277837753296,0
1,1,254.0,158.0,200.0,200.0,321.21221899986267,210.33288180828094,405.99128007888794,215.21905928850174,367.8363800048828,251.42037391662598,360.5765914916992,304.3303991618909,96.01505994796753,0,0,0,0,0,0,forward,0.03652976268601274,-0.1496697155076903,0.05421013094247556,1,237,240,0.724139392375946,0,top_left,363,211,320.44190979003906,209.54514026641846,406.1385955810547,214.2268409729004,0
1,1,255.0,162.0,198.0,198.0,323.8398778438568,213.71407091617584,406.56224250793457,217.82187312841415,369.42840576171875,255.20313262939453,362.43293962980573,306.88812356246143,97.2607433795929,0,0,0,0,0,0,forward,0.013925888153049988,-0.18596379984985068,0.05122363353544062,1,237,240,0.7017428278923035,0,top_left,365,214,323.6452102661133,213.00246047973633,406.94349670410156,216.96410751342773,0
1,1,255.0,158.0,202.0,202.0,327.0853388309479,207.55073994398117,409.36914682388306,214.22716856002808,371.9490051269531,251.27400398254395,364.0162498072574,303.1630746941817,93.2789146900177,0,0,0,0,0,0,forward,0.013640373980206916,-0.1890992603860852,0.07224756609138393,1,238,240,0.717160701751709,0,top_left,367,209,326.41976165771484,206.63041305541992,408.96275329589844,213.12249755859375,0
1,1,261.0,165.0,193.0,193.0,326.0379636287689,212.315653860569,410.62719106674194,217.13402420282364,373.1761169433594,252.85377502441406,366.15076968544406,305.4109713905736,96.2464988231659,0,0,0,0,0,0,forward,0.028847907228255823,-0.17023538529145474,0.05310249024153313,1,236,240,0.8375962972640991,0,top_left,368,213,326.28598403930664,211.60334014892578,410.9331817626953,216.05412769317627,0
1,1,261.0,156.0,196.0,196.0,326.33768677711487,209.77176547050476,409.3946862220764,212.90505319833755,371.0902404785156,248.42668533325195,363.8711226613898,300.2508575037906,94.8723316192627,0,0,0,0,0,0,forward,0.04778158885742107,-0.09669414434105825,0.05178844862235087,1,237,241,0.7957152128219604,0,top_left,367,210,325.9011535644531,209.1639862060547,409.5946807861328,212.02862548828125,0
1,1,259.0,162.0,196.0,196.0,327.1715235710144,209.50135320425034,412.27855920791626,215.79959481954575,374.4841766357422,254.3162727355957,368.19377497622844,305.32455494529324,96.64124846458435,0,0,0,0,0,0,forward,-0.003192031201837168,-0.18764936458517542,0.04876814583269164,1,238,241,0.7057467103004456,0,top_left,369,211,326.3156509399414,208.59063148498535,412.5718231201172,214.89917278289795,0
1,1,263.0,158.0,196.0,196.0,328.9231610298157,205.8549302816391,412.1448278427124,212.8332370519638,373.0546569824219,248.7945556640625,364.975854974044,299.73014680962814,96.71651124954224,0,0,0,0,0,0,forward,-0.0010738826168934811,-0.1423917842248999,0.07334027696166986,1,238,240,0.7449752688407898,0,top_left,370,208,327.93540954589844,205.03461742401123,413.18287658691406,212.11568069458008,0
1,1,260.0,158.0,199.0,199.0,325.906320810318,209.38177853822708,409.58858251571655,213.94108325242996,372.83302307128906,251.2741470336914,365.93888935289885,301.4229960190622,95.06860971450806,0,0,0,0,0,0,forward,0.012719637040284382,-0.14255231569309457,0.0456528278965264,1,237,240,0.8594683408737183,0,top_left,366,210,325.16219329833984,208.59147834777832,408.56005096435547,212.92773914337158,0
1,1,261.0,156.0,196.0,196.0,326.02648973464966,204.16711449623108,411.89289569854736,210.32463401556015,372.58522033691406,246.1658763885498,365.1420814112613,298.41724897685805,96.21642827987671,0,0,0,0,0,0,forward,0.023067175442147526,-0.11911994486657938,0.06260908685024094,1,237,240,0.7455335855484009,0,top_left,369,206,325.92333221435547,203.33471202850342,412.86106872558594,209.5180377960205,0
1,1,260.0,159.0,198.0,198.0,325.8889877796173,209.3944349884987,411.4103364944458,215.08629977703094,371.5876770019531,249.7715663909912,364.9706127769069,300.2685039921811,96.52764797210693,0,0,0,0,0,0,forward,0.022861480741762617,-0.10089074116295334,0.05703842230346824,1,237,241,0.7743361592292786,0,top_left,368,211,324.56800079345703,208.3483715057373,411.71034240722656,214.16295719146729,0
1,1,258.0,156.0,199.0,199.0,325.07309675216675,207.29055404663086,410.6595540046692,213.1786608695984,371.0212707519531,247.4662971496582,363.3149217304431,299.8201335103888,96.89218997955322,0,0,0,0,0,0,forward,0.02689180728229286,-0.15021765197042664,0.06674781340640804,1,237,241,0.6955797076225281,0,top_left,368,209,324.7271728515625,206.46065139770508,411.76734161376953,212.48051261901855,0
1,1,259.0,155.0,201.0,201.0,325.9652614593506,206.3939344882965,411.8661165237427,211.47607952356339,372.85179138183594,248.88164520263672,365.9164749948602,300.2563506678531,96.28480076789856,0,0,0,0,0,0,forward,0.003793551201540255,-0.14475657261132047,0.05357814521309008,1,238,240,0.8198403120040894,0,top_left,368,208,325.07995223999023,205.49880123138428,412.7191467285156,210.58765983581543,0
1,1,262.0,160.0,196.0,196.0,325.47869086265564,209.78303343057632,409.9869704246521,215.24421125650406,370.1479721069336,250.06030082702637,364.39888201261823,302.87641224108245,96.16292119026184,0,0,0,0,0,0,forward,0.0536306437775797,-0.09013698828294735,0.05525878566086168,1,236,241,0.869450032711029,0,top_left,367,211,324.85025787353516,209.00103664398193,410.7825012207031,214.4534854888916,0
1,1,260.0,158.0,201.0,201.0,327.84737944602966,214.08271193504333,412.8997874259949,221.23648166656494,374.60716247558594,250.83500862121582,365.3039590935958,303.35590914676067,95.84980607032776,0,0,0,0,0,0,forward,0.08303712170709342,-0.1262341268622463,0.08489125862648848,1,237,241,0.8198835253715515,0,top_left,369,217,326.526611328125,213.52292346954346,412.43958282470703,220.68618392944336,0
1,1,262.0,157.0,198.0,198.0,331.0360538959503,207.9904979467392,414.31676387786865,215.8754825592041,376.41868591308594,248.85655403137207,366.85924931576375,301.32589290016574,96.79281115531921,0,0,0,0,0,0,forward,0.042961115225650444,-0.14746266187291762,0.08856394060623725,1,238,240,0.8105165362358093,0,top_left,372,211,330.30709075927734,207.48201084136963,414.7037582397461,215.4778347015381,0
1,1,262.0,162.0,196.0,196.0,329.7680711746216,210.15812784433365,412.79152393341064,215.03590285778046,374.1411590576172,249.59378242492676,365.55369326942844,301.2068863918907,97.58515357971191,0,0,0,0,0,0,forward,0.045153172995253475,-0.12041271995403552,0.07057114215185088,1,237,240,0.8289568424224854,0,top_left,371,211,329.60770416259766,209.5058240890503,414.2583312988281,214.39562129974365,0
1,1,263.0,155.0,198.0,198.0,328.67008686065674,203.0654463171959,414.04305934906006,208.6567720770836,375.7408905029297,242.6645565032959,368.089599609375,295.59451253790604,96.91126346588135,0,0,0,0,0,0,forward,0.036314630438903525,-0.1400768378221793,0.06669808540088401,1,237,240,0.8754786849021912,0,top_left,371,205,328.7289123535156,202.4273271560669,414.4070129394531,208.01658725738525,0
1,1,263.0,158.0,194.0,194.0,328.02018761634827,204.46856796741486,412.0729184150696,210.14422953128815,373.79261016845703,241.24053955078125,364.92222836143094,298.0082657462672,96.3473916053772,0,0,0,0,0,0,forward,0.08013164218373077,-0.1394912400174923,0.07560490063882057,1,238,240,0.7456579804420471,0,top_left,369,206,327.46339416503906,204.1175136566162,412.37615966796875,209.83695602416992,0
1,1,260.0,152.0,198.0,198.0,325.6215476989746,199.0358716249466,408.1031823158264,204.1543373465538,371.1713409423828,235.0068712234497,361.7103516428094,292.92487997757763,95.27528882026672,0,0,0,0,0,0,forward,0.09003458929062608,-0.16667474728651566,0.07881137211207334,1,237,240,0.7939980626106262,0,top_left,367,201,325.4450378417969,198.59410285949707,408.62353515625,203.6890983581543,0
1,1,261.0,157.0,194.0,194.0,321.61465883255005,203.20877820253372,403.4846758842468,206.46520882844925,367.76588439941406,237.77917385101318,360.30773564388875,296.29552790993137,95.16124129295349,0,0,0,0,0,0,forward,0.09202366883233348,-0.18176591974609266,0.05222762195334083,1,236,241,0.7105076909065247,0,top_left,362,204,321.4073944091797,202.80897903442383,403.14647674560547,206.05947589874268,0
1,1,257.0,156.0,196.0,196.0,318.5081088542938,201.55977576971054,402.15177059173584,202.7603405714035,365.4027557373047,232.83260822296143,358.07261015239516,292.9902769389905,95.44482827186584,0,0,0,0,0,0,forward,0.13059797601132203,-0.12780793775308927,0.04317797856081412,1,236,240,0.6647613644599915,0,top_left,360,201,317.72526931762695,201.24164485931396,402.43050384521484,202.26701259613037,0
1,1,254.0,160.0,193.0,193.0,316.3719046115875,205.2045688033104,399.002206325531,206.59394770860672,361.61277770996094,236.5268325805664,355.76651522987765,294.65185366178815,95.06329894065857,0,0,0,0,0,0,forward,0.13880957411845934,-0.08253264004236484,0.03282800230081869,1,232,240,0.7343510389328003,0,top_left,357,205,315.4124221801758,204.61776638031006,400.0955123901367,205.97621726989746,0
1,1,255.0,155.0,194.0,194.0,316.395959854126,201.31754100322723,400.32899618148804,202.96969056129456,362.15003967285156,231.67699813842773,357.9507225438168,289.08732213472064,95.69271206855774,0,0,0,0,0,0,forward,0.13766712276916732,-0.07505979495811094,0.02367629685427342,1,233,240,0.6434119343757629,0,top_left,358,201,315.9516944885254,200.9296531677246,401.5033493041992,202.671781539917,0
1,1,255.0,157.0,194.0,194.0,316.6712534427643,203.43959659337997,399.50931310653687,204.90490436553955,361.7279052734375,236.45583629608154,356.9911133615594,293.37711735775594,94.77015733718872,0,0,0,0,0,0,forward,0.09362200750536333,-0.10861173785668221,0.028632714268927866,1,232,240,0.7027012705802917,0,top_left,358,203,316.32583236694336,203.0157594680786,400.46299743652344,204.48999309539795,0
1,1,254.0,154.0,195.0,195.0,316.8348026275635,198.55396538972855,400.3428268432617,200.09174466133118,361.3596725463867,232.89310455322266,357.0532768651059,286.4264834554572,94.15696859359741,0,0,0,0,0,0,forward,0.07085974239014378,-0.05821266527561352,0.023824595768358593,1,232,240,0.8189660906791687,0,top_left,358,198,316.36522674560547,197.8676462173462,401.0739974975586,199.38632583618164,0
1,1,255.0,157.0,193.0,193.0,316.5151059627533,203.76554131507874,400.63913583755493,204.78091299533844,361.18934631347656,237.87251472473145,357.09768395674854,290.1007100155479,96.83094620704651,0,0,0,0,0,0,forward,0.0575247463386861,-0.05700666531083344,0.018680185897651212,1,233,240,0.7243537306785583,0,top_left,358,203,315.475528717041,203.11476802825928,401.54508209228516,204.27079582214355,0
1,1,242.0,227.0,182.0,181.0,301.3643682003021,277.59800255298615,376.3668489456177,267.9299461841583,350.3950500488281,302.3012924194336,352.3499197708933,352.7445888519287,93.89480352401733,0,0,0,0,0,0,forward,0.19810087010444669,-0.21766656279677907,-0.10958035718565763,1,214,241,0.8480105996131897,0,top_left,339,272,301.6200828552246,276.9910354614258,378.0401382446289,267.12321281433105,0
1,1,240.0,229.0,179.0,179.0,298.8810956478119,280.4523468017578,377.1906614303589,271.2278652191162,352.2734832763672,304.68443870544434,352.6334963346782,355.57687357852336,92.4216628074646,0,0,0,0,0,0,forward,0.21323445539245522,-0.24594792457406778,-0.09401016569051197,1,231,239,0.8215813040733337,0,top_left,337,275,297.449520111084,280.2210216522217,377.9429931640625,270.8345146179199,0
1,1,243.0,229.0,177.0,177.0,300.2082371711731,278.76307368278503,375.53032398223877,269.2878305912018,351.3824462890625,304.93675231933594,353.32528766832854,355.02562522888184,94.11669373512268,0,0,0,0,0,0,forward,0.17710472464401875,-0.27305801383541894,-0.10528977319301902,1,215,240,0.8352572321891785,0,top_left,337,273,299.31067657470703,277.9798221588135,376.6143798828125,268.2165584564209,0
1,1,242.0,229.0,178.0,178.0,298.7364137172699,279.7658497095108,374.56350564956665,269.66639935970306,352.14271545410156,305.1869773864746,353.5323253430818,354.65763895135177,94.7810173034668,0,0,0,0,0,0,forward,0.17620208082788683,-0.28631167310560623,-0.11160783414441229,1,212,239,0.8042272329330444,0,top_left,335,274,296.6320152282715,279.3970184326172,374.8412170410156,268.9116840362549,0
1,1,242.0,233.0,175.0,175.0,301.11417174339294,278.332314491272,374.68379497528076,269.4657236337662,351.73370361328125,303.0428123474121,352.77901699668485,353.547723167821,93.68367791175842,0,0,0,0,0,0,forward,0.19441197910776237,-0.3069005278308202,-0.09601513033199602,1,215,239,0.8610039353370667,0,top_left,337,273,300.89036560058594,277.8185520172119,374.80165100097656,268.7322406768799,0
1,1,237.0,229.0,183.0,183.0,297.92694091796875,278.21312606334686,372.75341749191284,269.07438576221466,350.911865234375,302.40586280822754,351.8525414717825,353.0930012150815,93.97814869880676,0,0,0,0,0,0,forward,0.21056079922064427,-0.3265695676001923,-0.09470201496723114,1,211,240,0.843052864074707,0,top_left,335,272,297.3005790710449,277.5538158416748,372.87691497802734,268.0092887878418,0
1,1,243.0,233.0,167.0,167.0,296.2062358856201,277.2772979736328,373.2364225387573,268.731951713562,347.8564453125,302.2503089904785,349.33514444451583,352.9979083412572,92.3507571220398,0,0,0,0,0,0,forward,0.2112212861681353,-0.2515650987619186,-0.09778762119486308,1,213,239,0.8320731520652771,0,top_left,334,272,294.4826850891113,276.89927101135254,373.56907653808594,268.1620845794678,0
1,1,244.0,231.0,168.0,168.0,295.5757689476013,278.0742609500885,374.0539526939392,267.64780819416046,350.0989532470703,303.6471176147461,351.11078161942334,354.4496169843172,93.56119632720947,0,0,0,0,0,0,forward,0.17030098578172317,-0.276474906771348,-0.11271937793865697,1,214,239,0.8258762359619141,0,top_left,334,272,294.1745071411133,277.4333782196045,374.1781692504883,266.8644561767578,0
1,1,241.0,233.0,176.0,176.0,294.3109714984894,278.1541836261749,372.8155851364136,267.3696792125702,351.05445861816406,302.67788887023926,353.1914640727796,353.5580123098273,93.65242719650269,0,0,0,0,0,0,forward,0.19276618072733875,-0.3239561616988065,-0.11859840867971527,1,212,239,0.84562748670578,0,top_left,331,272,291.8361473083496,277.70898628234863,371.92950439453125,266.69592475891113,0
1,1,246.0,233.0,171.0,171.0,298.1730055809021,280.2276635169983,372.7309250831604,267.6370292901993,350.2419662475586,302.1946048736572,352.98275194670026,353.6549241919267,93.2966411113739,0,0,0,0,0,0,forward,0.21676422011313104,-0.267326131855134,-0.13538335971330748,1,212,239,0.8125271201133728,0,top_left,334,273,295.98389434814453,279.8975830078125,373.04810333251953,266.7062530517578,0
1,1,245.0,232.0,168.0,168.0,299.3204379081726,277.3707515001297,374.388484954834,269.28771793842316,352.20645904541016,304.5681953430176,352.3013406050833,354.2720980393259,94.04733180999756,0,0,0,0,0,0,forward,0.17304103738723642,-0.2971196794641017,-0.09750525433557553,1,213,240,0.8468103408813477,0,top_left,335,272,296.7665824890137,276.8264865875244,374.25797271728516,268.45551681518555,0
1,1,248.0,233.0,169.0,169.0,298.85395884513855,279.80669617652893,375.74427366256714,272.1436268091202,352.6197052001953,303.5190010070801,352.3159569188168,355.59784337093953,94.03257966041565,0,0,0,0,0,0,forward,0.2392364202118092,-0.28062394743226693,-0.08188507528524712,1,212,239,0.8204304575920105,0,top_left,336,275,297.2010498046875,279.7153072357178,376.2600555419922,271.66428565979004,0
1,1,241.0,230.0,176.0,176.0,295.008887052536,278.2480627298355,375.3326749801636,268.32879066467285,351.9135284423828,305.3711986541748,352.3691980462325,356.8592819414641,94.00341510772705,0,0,0,0,0,0,forward,0.17851383871678733,-0.26078110323343023,-0.11825276939762663,1,216,239,0.822834312915802,0,top_left,334,272,293.553035736084,277.92981719970703,375.9244842529297,267.82046127319336,0
1,1,238.0,230.0,179.0,179.0,297.1432161331177,278.844296336174,376.17019176483154,268.5403347015381,352.27420806884766,307.7720546722412,353.3798498856394,359.6784692061575,94.2762017250061,0,0,0,0,0,0,forward,0.1456250872329374,-0.2751960256260111,-0.11449338296621751,1,214,240,0.8555257320404053,0,top_left,335,273,295.02296447753906,278.6565799713135,376.57360076904297,268.0421562194824,0
1,1,237.0,230.0,180.0,180.0,293.9929437637329,280.9444320201874,374.65102910995483,270.68976044654846,348.7331771850586,310.64998626708984,349.6603012084961,361.2693560750861,93.12251210212708,0,0,0,0,0,0,forward,0.1143262668007965,-0.24699144221027142,-0.11457272654485291,1,215,239,0.8170221447944641,0,top_left,333,275,292.2278518676758,280.86601066589355,374.61610412597656,270.38477325439453,0
1,1,234.0,227.0,182.0,182.0,293.7164807319641,281.12145245075226,372.4100136756897,272.83638060092926,344.3510055541992,313.4826850891113,345.0703118976794,361.7690382505718,92.20683574676514,0,0,0,0,0,0,forward,0.09338674425576368,-0.2307081372805615,-0.09531541872088316,1,211,239,0.8377688527107239,0,top_left,332,276,292.48859786987305,280.8565864562988,372.7353286743164,272.42261695861816,0
1,1,236.0,229.0,185.0,185.0,292.2230064868927,281.3348615169525,372.8262209892273,274.5932900905609,343.2665252685547,315.6669616699219,345.60650875693875,363.2899640735827,95.60471177101135,0,0,0,0,0,0,forward,0.10556605731119084,-0.18970851105097514,-0.093624680843272,1,213,239,0.8504712581634521,0,top_left,332,277,291.5870132446289,280.48668479919434,372.8184051513672,273.53699684143066,0
1,1,239.0,229.0,182.0,182.0,294.7938597202301,281.01055204868317,373.6775279045105,276.1422264575958,343.7279510498047,316.0232734680176,343.871434864245,363.89726739180713,93.2698905467987,0,0,0,0,0,0,forward,0.10053106112276658,-0.18685004520461276,-0.06915734281456087,1,215,239,0.8469546437263489,0,top_left,334,278,294.3393898010254,280.52142906188965,373.71289825439453,275.64900398254395,0
1,1,241.0,231.0,180.0,180.0,295.1118469238281,283.6767518520355,374.73541736602783,276.4292246103287,347.0149230957031,315.99958419799805,346.0614294754831,364.25756956401625,95.2091932296753,0,0,0,0,0,0,forward,0.100144574993189,-0.2224017463094997,-0.07880193743193051,1,218,239,0.7443577647209167,0,top_left,334,279,293.9185104370117,283.4946041107178,374.8219528198242,276.06460189819336,0
1,1,242.0,231.0,182.0,182.0,296.4833164215088,282.1235257387161,379.2650270462036,276.8604505062103,347.8412628173828,316.71878814697266,347.0456354241622,364.12446724741085,95.76795101165771,0,0,0,0,0,0,forward,0.08700739959828992,-0.17244252738021512,-0.06351661336398508,1,221,240,0.8117011189460754,0,top_left,337,279,295.8573226928711,281.94884490966797,378.9456100463867,276.6424369812012,0
1,1,242.0,234.0,185.0,185.0,296.2066066265106,282.54860401153564,382.2743010520935,276.43601953983307,348.50170135498047,316.6546440124512,347.5501170911287,363.9105335034822,94.4216251373291,0,0,0,0,0,0,forward,0.06597175093563562,-0.14690036411921378,-0.07111916377893189,1,225,239,0.8605886697769165,0,top_left,338,279,295.3671989440918,282.41948318481445,382.4111099243164,276.2178897857666,0
1,1,243.0,236.0,180.0,180.0,301.15872979164124,282.8605180978775,383.3924436569214,278.70515048503876,352.76920318603516,321.0083484649658,352.0521344636616,367.64299091539885,93.10884475708008,0,0,0,0,0,0,forward,0.037833641538137876,-0.19296016929311682,-0.06377186628539916,1,224,238,0.8627176880836487,0,top_left,341,280,299.56336212158203,282.6221752166748,383.71341705322266,278.40734481811523,0
1,1,244.0,236.0,180.0,180.0,299.91905212402344,283.7435334920883,384.42699432373047,279.694447517395,352.84759521484375,321.6112518310547,350.861651771947,367.83429999100537,94.43674087524414,0,0,0,0,0,0,forward,0.035170466042593516,-0.17400241919692258,-0.054938375022759736,1,224,239,0.8552437424659729,0,top_left,340,281,298.05078887939453,283.78146743774414,383.6534194946289,279.6218090057373,0
1,1,245.0,232.0,182.0,182.0,299.08549666404724,284.54458594322205,384.49408531188965,279.46985721588135,350.3520202636719,321.2998580932617,349.25615411055713,367.59889201114055,94.54517960548401,0,0,0,0,0,0,forward,0.029546159962949625,-0.1325302275441285,-0.06203582861432991,1,225,239,0.8023173213005066,0,top_left,341,281,298.7215156555176,284.36333084106445,384.7172317504883,279.32469749450684,0
1,1,247.0,236.0,175.0,175.0,301.43582701683044,285.09056210517883,385.12787103652954,281.37807726860046,353.2420349121094,323.37793350219727,351.66329434043485,368.9144656532689,94.1027581691742,0,0,0,0,0,0,forward,0.03123563115696566,-0.14897544159201154,-0.05825492292170308,1,225,239,0.768743097782135,0,top_left,342,283,300.2709617614746,285.00569915771484,385.58692169189453,281.151798248291,0
1,1,243.0,233.0,184.0,184.0,300.7713556289673,285.42624592781067,383.67273807525635,281.6314870119095,351.14830017089844,324.7525405883789,349.9873853984632,369.64706973025676,94.08144950866699,0,0,0,0,0,0,forward,0.025718143822474976,-0.15302059719021047,-0.059319934715399085,1,226,239,0.799159824848175,0,top_left,342,282,299.9552917480469,284.946081161499,384.4115982055664,280.87915420532227,0
1,1,241.0,232.0,187.0,187.0,301.21012330055237,285.7158726453781,383.8161778450012,282.2990781068802,352.59681701660156,324.9254608154297,349.07706210487765,370.6573782469097,94.02956366539001,0,0,0,0,0,0,forward,0.03501514176214731,-0.20352039830517663,-0.03678579615773198,1,224,239,0.8273624181747437,0,top_left,341,283,300.16644287109375,284.971155166626,383.6044464111328,281.52340507507324,0
1,1,245.0,238.0,180.0,180.0,302.19831824302673,287.77523696422577,378.03513288497925,285.0764036178589,350.12054443359375,326.32638931274414,349.6744647778963,370.48370662488435,95.01196146011353,0,0,0,0,0,0,forward,0.09076613370321013,-0.23921495802658602,-0.04160556460228638,1,225,239,0.8415778279304504,0,top_left,339,285,301.4149971008301,287.33509826660156,377.90907287597656,284.53882598876953,0
1,1,247.0,236.0,179.0,179.0,299.60742712020874,288.5352838039398,378.38709831237793,284.00296568870544,349.8729705810547,326.9256019592285,348.29337571796617,371.1335819645932,94.98491287231445,0,0,0,0,0,0,forward,0.04908755481090399,-0.19773960862801704,-0.06086013255788807,1,225,240,0.8005162477493286,0,top_left,338,285,298.08909606933594,287.8722896575928,377.96019744873047,283.2074546813965,0
1,1,241.0,233.0,186.0,186.0,298.9574360847473,286.4656591415405,381.16543769836426,281.95601642131805,351.35650634765625,325.9285640716553,348.99811895270096,371.5635364934018,95.91839909553528,0,0,0,0,0,0,forward,0.030407857413817543,-0.19888390732047787,-0.057150860254895554,1,225,239,0.8378851413726807,0,top_left,339,283,297.2992401123047,285.83446884155273,381.6083297729492,281.04870986938477,0
1,1,241.0,233.0,187.0,187.0,299.6851348876953,286.45564019680023,381.46101236343384,282.1827828884125,353.2836151123047,327.2824287414551,350.74407075580797,373.7381503456517,95.01863718032837,0,0,0,0,0,0,forward,0.032321545298863705,-0.2672973213590303,-0.05539559225537428,1,226,239,0.8573470115661621,0,top_left,340,283,298.2848587036133,285.4413185119629,382.2092971801758,280.9100646972656,0
1,1,244.0,233.0,184.0,184.0,298.87993812561035,287.83683121204376,380.75835704803467,282.298378944397,353.07735443115234,326.88411712646484,349.5821169803017,372.97763171948884,95.68209648132324,0,0,0,0,0,0,forward,0.021034097257144127,-0.2490058916833118,-0.05859549276865088,1,225,239,0.8338344693183899,0,top_left,337,284,296.54016876220703,287.6695747375488,379.16127014160156,281.9343566894531,0
1,1,244.0,235.0,185.0,185.0,298.48663806915283,288.16346168518066,379.4532370567322,282.92589247226715,350.09788513183594,326.6644477844238,347.1778036418714,374.2131057538484,95.17432451248169,0,0,0,0,0,0,forward,0.049812999338863184,-0.24853501076700116,-0.05245961329620628,1,223,239,0.8442834615707397,0,top_left,336,285,294.71521377563477,287.8512496948242,378.6380386352539,282.3438034057617,0
1,1,242.0,237.0,183.0,183.0,300.1627457141876,287.4868565797806,378.5458207130432,283.35658371448517,348.57112884521484,326.46366119384766,346.9801681920102,374.1366155524003,94.82643604278564,0,0,0,0,0,0,forward,0.06334320347438273,-0.20729380071571984,-0.04923515503322023,1,224,239,0.8189406394958496,0,top_left,339,284,299.2085609436035,287.1397361755371,379.0009460449219,282.8442192077637,0
1,1,240.0,234.0,188.0,188.0,297.1280300617218,288.6777663230896,380.113160610199,282.3427802324295,351.5412139892578,325.3651428222656,348.69110107421875,374.40255215293485,95.47780156135559,0,0,0,0,0,0,forward,0.06819849254564186,-0.25634539775972703,-0.059406103440835724,1,225,239,0.8547021150588989,0,top_left,336,285,293.73028564453125,288.373197555542,378.7278289794922,281.76908683776855,0
1,1,244.0,238.0,183.0,183.0,301.1159026622772,286.19919419288635,381.5656328201294,281.9333517551422,352.4773406982422,325.9903335571289,350.06586777536495,372.924592871415,95.43349742889404,0,0,0,0,0,0,forward,0.044693502406226084,-0.24875122540745087,-0.04827730260199554,1,225,240,0.8154220581054688,0,top_left,341,283,300.4976615905762,285.4698143005371,382.1530456542969,281.1104335784912,0
1,1,245.0,235.0,183.0,183.0,300.96858263015747,287.0000571012497,380.8588171005249,280.71294128894806,351.5272521972656,324.4816589355469,350.6837322837428,371.8072308992085,94.7519838809967,0,0,0,0,0,0,forward,0.053980288708283794,-0.2096112434289266,-0.07176724220055855,1,226,239,0.7682458758354187,0,top_left,340,283,299.71485900878906,286.43788146972656,380.64141845703125,279.97904777526855,0
1,1,245.0,235.0,183.0,183.0,304.3045163154602,289.7131472826004,380.3934335708618,283.7911766767502,353.22200775146484,321.82565689086914,350.6353739688271,372.5198032981471,95.35311460494995,0,0,0,0,0,0,forward,0.13696938749420787,-0.27029895104042817,-0.03836571475858874,1,225,240,0.836094319820404,0,top_left,342,286,304.0679512023926,289.4838638305664,380.96558380126953,283.27096939086914,0
1,1,245.0,233.0,184.0,184.0,301.623694896698,286.16890847682953,382.3748445510864,281.231392621994,353.6650085449219,323.3161926269531,350.3023820174368,372.2525867662932,95.17460465431213,0,0,0,0,0,0,forward,0.07732643446739643,-0.2353675282175902,-0.04588940835449355,1,225,239,0.8539828658103943,0,top_left,341,283,300.33594131469727,285.58288764953613,382.1795654296875,280.52003288269043,0
1,1,241.0,231.0,190.0,190.0,303.2002353668213,286.5989291667938,383.06260347366333,280.62099158763885,354.91981506347656,324.21732902526855,352.86047885292453,373.9567671324077,95.36458849906921,0,0,0,0,0,0,forward,0.08138117990482124,-0.23808824850673474,-0.05317035706381867,1,225,239,0.8486462831497192,0,top_left,342,282,301.4904556274414,286.0595455169678,383.81652069091797,279.71285820007324,0
1,1,247.0,235.0,180.0,180.0,301.76727652549744,285.62857031822205,382.3772954940796,280.3325414657593,353.42002868652344,322.9166793823242,352.1543362266139,371.17462258589893,95.3466534614563,0,0,0,0,0,0,forward,0.06438701715985347,-0.20972020493467272,-0.06700620459153993,1,225,240,0.7586787939071655,0,top_left,341,282,300.72095108032227,285.22180366516113,382.02281951904297,279.85009002685547,0
1,1,245.0,234.0,183.0,183.0,300.6176745891571,285.1624810695648,380.2970862388611,279.30942356586456,351.10424041748047,321.6451835632324,350.49226058156864,369.5904244874653,95.76912522315979,0,0,0,0,0,0,forward,0.08248313546521036,-0.2002742237988027,-0.06583765123966874,1,224,239,0.8671755790710449,0,top_left,339,281,299.52387619018555,284.62486267089844,380.36682891845703,278.5557060241699,0
1,1,243.0,233.0,182.0,182.0,300.08519172668457,285.07067799568176,378.9270567893982,279.9336290359497,349.9134826660156,322.5171089172363,346.2107909353156,371.31128612317536,95.02511620521545,0,0,0,0,0,0,forward,0.06261943507426082,-0.24658469246937453,-0.043252560985712424,1,224,239,0.7971265912055969,0,top_left,338,281,298.8240852355957,284.5761909484863,378.81317138671875,279.2208080291748,0
1,1,243.0,232.0,186.0,186.0,299.12607431411743,285.3353440761566,378.7396550178528,279.2442888021469,350.5152893066406,321.9734573364258,349.77271230597245,372.14939268011796,95.58566212654114,0,0,0,0,0,0,forward,0.09731219961745267,-0.2587208008963968,-0.05844036339642802,1,225,239,0.8390222191810608,0,top_left,337,281,297.5329360961914,284.6957588195801,378.45665740966797,278.4291400909424,0
1,1,244.0,233.0,183.0,183.0,299.5078206062317,285.91204047203064,379.68417406082153,279.8223549127579,351.27647399902344,322.67346382141113,351.2239395944696,370.18470262226305,95.78845500946045,0,0,0,0,0,0,forward,0.0636900936997386,-0.22704213094420087,-0.07720339853565887,1,225,239,0.841120719909668,0,top_left,339,282,298.31909942626953,285.59716987609863,381.0748062133789,279.1274700164795,0
1,1,242.0,230.0,186.0,186.0,298.77365827560425,286.8239039182663,379.7915482521057,279.28533375263214,349.85164642333984,320.32562255859375,348.6726841173674,371.6454054179944,95.23152709007263,0,0,0,0,0,0,forward,0.0994772751038491,-0.2417765169906289,-0.06436673552902206,1,224,240,0.801635205745697,0,top_left,339,282,298.4820747375488,286.4319019317627,381.02195739746094,278.5843448638916,0
1,1,243.0,235.0,185.0,185.0,301.83210134506226,285.5090671777725,380.1735019683838,278.43662202358246,350.28385162353516,320.6494903564453,348.83398758737667,368.48330648321854,94.5516586303711,0,0,0,0,0,0,forward,0.07183043183345376,-0.19075920480045855,-0.05986276913479783,1,225,240,0.7903895974159241,0,top_left,341,281,301.765193939209,285.07190895080566,381.6423110961914,277.7358169555664,0
1,1,245.0,233.0,180.0,180.0,299.58866119384766,287.1547257900238,379.6470522880554,280.6864160299301,348.5960388183594,322.5262641906738,348.4463651556718,370.5367198743318,95.10066509246826,0,0,0,0,0,0,forward,0.07360835595923668,-0.1655314279723366,-0.07529733826286288,1,225,239,0.8390664458274841,0,top_left,339,283,299.32170486450195,286.9475955963135,380.208251953125,280.2451686859131,0
1,1,246.0,236.0,180.0,180.0,301.679984331131,284.87105906009674,381.5135073661804,278.99453938007355,350.474853515625,324.1165351867676,349.6322812532124,371.9283334832442,94.52589750289917,0,0,0,0,0,0,forward,0.037304671531867256,-0.1920358990023379,-0.06817127274745492,1,224,239,0.8329503536224365,0,top_left,342,281,300.65632247924805,284.390962600708,384.5707092285156,278.136417388916,0
1,1,245.0,236.0,183.0,183.0,301.38448119163513,285.2074205875397,382.52737045288086,279.20651614665985,351.0932159423828,322.2184753417969,351.63645292583266,370.11864310816713,95.13020515441895,0,0,0,0,0,0,forward,0.058793408726484996,-0.15144859743052974,-0.07928769785426713,1,224,239,0.8457492589950562,0,top_left,343,281,301.86717224121094,284.6144027709961,385.6792297363281,278.33292388916016,0
1,1,245.0,233.0,183.0,183.0,299.9761438369751,285.4944598674774,380.80883741378784,279.73800480365753,350.62522888183594,320.28722763061523,348.63987972861844,367.7955406590512,94.7564959526062,0,0,0,0,0,0,forward,0.0855780708052193,-0.16725161411052294,-0.060178613463802606,1,225,239,0.8217234015464783,0,top_left,340,282,299.2803268432617,285.10053062438965,382.18810272216797,279.0157356262207,0
1,1,245.0,233.0,183.0,183.0,299.83200788497925,284.77268636226654,380.0996804237366,279.6475821733475,351.53324127197266,322.4129104614258,352.0329907065944,369.11473274230957,95.82830667495728,0,0,0,0,0,0,forward,0.0699335163394101,-0.22439403515972242,-0.07801135571152258,1,224,240,0.81179279088974,0,top_left,338,281,296.9291648864746,284.07111167907715,379.37071228027344,278.75483894348145,0
1,1,246.0,232.0,181.0,181.0,299.1968500614166,285.4509651660919,380.86480140686035,279.9153381586075,349.9483108520508,319.4534969329834,349.1830946269788,368.54734521163135,94.82532739639282,0,0,0,0,0,0,forward,0.09683113393466927,-0.17967067081618027,-0.06678671737465657,1,225,240,0.7869609594345093,0,top_left,340,282,298.6010513305664,284.98990631103516,381.68431091308594,279.34581184387207,0
1,1,244.0,237.0,181.0,181.0,299.0470814704895,286.7983263731003,377.62691020965576,279.27748560905457,348.5823440551758,320.2389335632324,349.22223944413037,367.39208823756167,95.55814266204834,0,0,0,0,0,0,forward,0.09590725494562125,-0.1904561077889816,-0.079001552781416,1,224,239,0.8462057113647461,0,top_left,338,282,298.6684112548828,286.4396553039551,378.3645324707031,278.61570739746094,0
1,1,246.0,234.0,174.0,174.0,298.9585077762604,285.36128997802734,374.25997972488403,277.8263729810715,347.06695556640625,321.0641098022461,347.9846331947728,368.35762174505936,92.3466682434082,0,0,0,0,0,0,forward,0.07159531901704984,-0.2746267166257427,-0.08586121308340336,1,219,240,0.7911513447761536,0,top_left,336,281,298.2757377624512,285.11555671691895,374.7661895751953,277.30529594421387,0
1,1,245.0,236.0,179.0,179.0,296.36433362960815,286.296569108963,375.3836393356323,278.809415102005,345.30513763427734,317.5587272644043,346.90181631790966,366.7750634645161,94.4612205028534,0,0,0,0,0,0,forward,0.13455542824284977,-0.1770281881470104,-0.0875535297085756,1,227,239,0.8368846774101257,0,top_left,336,282,296.9796333312988,285.8877353668213,376.57125091552734,278.13191986083984,0
1,1,239.0,229.0,185.0,185.0,297.72443413734436,282.8092038631439,375.84078550338745,277.78011560440063,345.0258255004883,317.25088119506836,344.4828846580104,365.0363008599532,94.6032464504242,0,0,0,0,0,0,forward,0.09660884026242066,-0.20338153575638135,-0.050823957043629873,1,225,240,0.7233269810676575,0,top_left,338,279,299.0259132385254,282.33936309814453,377.75699615478516,277.252721786499,0
1,1,238.0,230.0,184.0,184.0,292.41377353668213,284.7138923406601,372.224440574646,277.7647179365158,342.9676055908203,317.1574401855469,346.0359111585115,366.07146112542404,95.31499743461609,0,0,0,0,0,0,forward,0.13113035645509602,-0.20379276664008264,-0.08270627677436991,1,220,240,0.757055938243866,0,top_left,332,280,292.15596771240234,284.10325813293457,372.96563720703125,276.83655738830566,0
1,1,239.0,232.0,184.0,184.0,294.47486877441406,281.5785241127014,368.3627390861511,276.29241585731506,339.85023498535156,314.3840217590332,341.8508620011179,364.55328941345215,95.69334983825684,0,0,0,0,0,0,forward,0.15058368036078765,-0.23784653885901944,-0.0669947080750645,1,217,239,0.8233789801597595,0,top_left,331,278,295.1938056945801,280.8453025817871,368.14064025878906,275.5898780822754,0
1,1,236.0,231.0,186.0,186.0,290.66245198249817,283.89358162879944,369.2046618461609,276.1311203241348,341.8488311767578,316.4742851257324,344.6716991223787,365.081003590634,95.05768418312073,0,0,0,0,0,0,forward,0.12475568440572735,-0.23581732679743975,-0.09540201498479409,1,218,240,0.7943605780601501,0,top_left,327,279,286.9253959655762,283.5109691619873,367.28174591064453,275.5209503173828,0
1,1,238.0,231.0,182.0,182.0,289.99703764915466,283.6002731323242,370.0041460990906,276.35978758335114,337.97863006591797,313.8526725769043,341.33628744828076,364.6985932400352,94.8996901512146,0,0,0,0,0,0,forward,0.16097038083533888,-0.12665194088794182,-0.09560489255502354,1,215,239,0.8282886147499084,0,top_left,329,279,288.61851501464844,283.5161018371582,370.8490219116211,276.12032890319824,0
1,1,237.0,234.0,182.0,182.0,290.82786560058594,282.4495893716812,367.2247529029846,275.35307943820953,337.22652435302734,313.6929130554199,340.46695809615284,364.1061416425203,94.83226537704468,0,0,0,0,0,0,forward,0.1445772583860023,-0.1731963443550649,-0.09111243617327273,1,215,238,0.8310269713401794,0,top_left,328,278,289.8353271484375,282.20487213134766,366.7123565673828,274.980411529541,0
1,1,237.0,231.0,180.0,180.0,288.4028923511505,281.6150897741318,366.8717646598816,273.94918262958527,334.097900390625,312.4880790710449,336.76185105976305,363.3654664692126,93.78588199615479,0,0,0,0,0,0,forward,0.15079242281150357,-0.10090516193397905,-0.09267355249418814,1,216,239,0.830859363079071,0,top_left,327,277,287.63753509521484,281.23046493530273,366.8949508666992,273.4255428314209,0
1,1,241.0,233.0,173.0,173.0,289.9047839641571,282.09622263908386,363.06870460510254,273.7856662273407,336.6236114501953,312.84719467163086,339.21806736996297,362.66814031099017,94.71630454063416,0,0,0,0,0,0,forward,0.13953455860316363,-0.21982742617789253,-0.10219835637075173,1,214,240,0.8172647356987,0,top_left,325,277,289.0321502685547,281.9095401763916,361.81127166748047,273.42248153686523,0
1,1,240.0,232.0,176.0,176.0,287.48213052749634,282.1564793586731,367.8853487968445,273.8117051124573,335.2549362182617,310.22618293762207,336.58715699848375,359.81648645902936,94.22914981842041,0,0,0,0,0,0,forward,0.1696776303258602,-0.10470469103750678,-0.09264654507172615,1,212,240,0.8597401976585388,0,top_left,328,277,287.7558479309082,281.7307434082031,368.6604919433594,273.4104537963867,0
1,1,243.0,235.0,171.0,171.0,287.93187856674194,280.805806517601,368.12584161758423,272.23093271255493,336.83860778808594,310.6882953643799,339.47885714079206,360.837254273264,93.5855507850647,0,0,0,0,0,0,forward,0.14043208999359946,-0.13175474178534635,-0.11253738024058263,1,216,240,0.8085132837295532,0,top_left,328,275,286.86646270751953,280.2825050354004,369.1565628051758,271.56238174438477,0
1,1,236.0,234.0,181.0,181.0,288.1501352787018,281.47274136543274,364.9065327644348,273.22431921958923,335.46104431152344,309.748592376709,340.18490941900956,361.5252278980456,95.02272605895996,0,0,0,0,0,0,forward,0.1835208552082583,-0.19315710253820953,-0.10509848964044821,1,212,240,0.8610593676567078,0,top_left,326,277,288.2766227722168,281.3818817138672,364.8227233886719,272.8930206298828,0
1,1,240.0,234.0,174.0,174.0,290.1229965686798,280.8155035972595,367.86996126174927,272.4955379962921,335.7803726196289,310.56507110595703,338.91382016633685,360.12357360438295,94.2419946193695,0,0,0,0,0,0,forward,0.14427914427936803,-0.11398852136820918,-0.09817772045960337,1,216,240,0.848510205745697,0,top_left,329,275,290.87428283691406,279.97102546691895,368.61573791503906,271.50536155700684,0
1,1,239.0,233.0,178.0,178.0,290.12781143188477,280.42649030685425,367.99864530563354,272.9332387447357,338.49517822265625,312.52352714538574,341.6787619339792,362.57886434856215,94.6341335773468,0,0,0,0,0,0,forward,0.11664346869463825,-0.20652930469044006,-0.09411227672424631,1,212,239,0.8381175398826599,0,top_left,328,276,289.52741622924805,280.15775871276855,368.0140686035156,272.61048889160156,0
1,1,240.0,235.0,178.0,178.0,289.22651052474976,281.3649255037308,367.28410720825195,271.93029284477234,337.7227783203125,310.36651611328125,341.08210413079513,359.9943969124242,94.88006830215454,0,0,0,0,0,0,forward,0.14712338726622967,-0.1843035087824668,-0.09929368867189096,1,215,240,0.8050488829612732,0,top_left,327,275,288.94684982299805,280.50746726989746,366.595458984375,270.91572761535645,0
1,1,351.0,248.0,225.0,225.0,394.5800995826721,323.2384657859802,490.6963276863098,310.69691598415375,436.09344482421875,377.601957321167,453.17833147550886,430.72534862317536,91.19651913642883,0,0,0,0,0,0,forward,-0.25066692910314986,0.23713109974107577,0.06783180407455998,1,312,238,0.8063449263572693,1,None,442,316,394.3253631591797,322.3622016906738,490.19026947021484,309.93736267089844,0
1,1,365.0,250.0,227.0,227.0,418.24439764022827,317.8234452009201,517.9041957855225,306.2910211086273,471.68811798095703,368.1695079803467,481.783168190404,422.3487778713829,85.53240895271301,0,0,0,0,0,0,forward,0.04233363914340676,0.2904288327512657,-0.1755452957614425,1,300,240,0.8602544069290161,1,None,467,311,416.22015380859375,317.32458686828613,518.9177551269531,305.4784870147705,0
1,1,367.0,244.0,227.0,227.0,423.2267761230469,314.4337856769562,524.8230385780334,303.6233460903168,476.0145568847656,362.464656829834,487.2564616956209,417.94332353692306,85.66725850105286,0,0,0,0,0,0,forward,0.06602146885357059,0.3112073554116683,-0.17670268074739648,1,301,240,0.8534529805183411,1,top_right,474,308,422.69152069091797,313.59099197387695,526.9223403930664,302.58373832702637,0
1,1,369.0,236.0,233.0,233.0,428.14584970474243,308.8647383451462,527.6373147964478,296.1504131555557,482.34447479248047,358.77782821655273,490.535071523566,414.24171849300984,88.12606930732727,0,0,0,0,0,0,forward,0.05918231500587104,0.27302054783704366,-0.16562414011582813,1,295,240,0.8764358758926392,1,top_right,478,301,427.52447509765625,307.93593978881836,528.5894241333008,294.8755130767822,0
1,1,388.0,237.0,217.0,217.0,436.93129301071167,306.68872117996216,536.7431616783142,293.6353290081024,487.9509735107422,354.45093154907227,499.41016347784745,411.6625093158923,88.1571352481842,0,0,0,0,0,0,right,0.07556155557494629,0.36356335458878436,-0.1855178132830334,1,318,238,0.9034751057624817,1,top_right,486,299,435.773681640625,305.75955963134766,536.6692428588867,292.5918388366699,0
1,1,410.0,236.0,222.0,222.0,461.94138050079346,309.59638953208923,558.6539602279663,296.2247532606125,514.239501953125,352.1048927307129,524.7777617605109,404.5682490499396,90.78598022460938,0,0,0,0,0,0,forward,0.097475796708387,0.3303037539430367,-0.20259213545252608,1,318,239,0.8984894156455994,1,top_right,509,302,460.81075286865234,309.13973808288574,558.7286605834961,295.6296730041504,0
1,1,432.0,237.0,201.0,201.0,477.92201042175293,306.16242349147797,571.7232942581177,291.272177696228,527.2222137451172,342.7704620361328,536.3053231490286,394.5199886121248,90.35254120826721,0,0,0,0,0,0,right,0.13376493530122763,0.3572553406093343,-0.20063056265157597,1,318,239,0.9030431509017944,1,top_right,525,298,477.61912536621094,305.56325340270996,573.3730316162109,290.5561580657959,0
1,1,439.0,232.0,209.0,209.0,488.3090829849243,294.695947766304,578.4323382377625,282.9058599472046,538.1823348999023,332.2204399108887,547.0859447278475,386.22826526039523,88.06616067886353,0,0,0,0,0,0,forward,0.1564430565377783,0.3146560883866191,-0.18885559971831217,1,295,239,0.9154777526855469,0,top_right,533,287,488.188232421875,293.7011318206787,579.019401550293,281.97568702697754,0
1,1,437.0,230.0,207.0,207.0,490.37445545196533,291.825812458992,579.052414894104,281.58751487731934,538.0841064453125,328.7992858886719,544.5643254330283,381.1044607664409,90.82573652267456,0,0,0,0,0,0,forward,0.1536665565301023,0.32597066827699567,-0.15953700467012658,1,318,238,0.907834529876709,0,top_right,534,286,489.6282958984375,291.3160972595215,579.7018051147461,280.8593101501465,0
1,1,432.0,229.0,204.0,204.0,479.3742513656616,291.8013471364975,571.2141275405884,279.18381571769714,528.3818054199219,324.79162216186523,537.4977714137027,379.1001801741751,92.58871674537659,0,0,0,0,0,0,forward,0.19289172654156445,0.3392073319099146,-0.18773661796285876,1,318,239,0.8963849544525146,0,top_right,525,284,479.1609649658203,291.17159843444824,571.2808074951172,278.55237007141113,0
1,1,429.0,234.0,198.0,198.0,475.25912046432495,289.86360132694244,564.2386984825134,277.3309761285782,522.6623153686523,325.6252098083496,532.1064778378135,377.0647430419922,90.26967287063599,0,0,0,0,0,0,forward,0.13702203589966475,0.3468620069686908,-0.19410641627139724,1,319,238,0.8984363675117493,0,top_right,520,282,474.9608840942383,289.3330707550049,565.95458984375,276.30483055114746,0
1,1,417.0,231.0,209.0,209.0,466.0549807548523,290.9321862459183,557.5545358657837,279.11526918411255,514.6916961669922,325.41194915771484,523.7334622834858,382.64236149035,90.31761288642883,0,0,0,0,0,0,forward,0.21235432111865585,0.3187528081770896,-0.1810969924579889,1,318,238,0.9196789860725403,0,top_right,512,284,465.775390625,290.5957946777344,558.3900680541992,278.5546760559082,0
1,1,401.0,230.0,214.0,214.0,457.3396325111389,291.35229885578156,549.0314221382141,279.9113470315933,507.33299255371094,325.755672454834,515.2450441059314,381.0129471829063,87.99121975898743,0,0,0,0,0,0,forward,0.1831009404596513,0.2710925936084723,-0.16808261202742802,1,301,240,0.8922533392906189,0,top_right,503,284,457.1112289428711,290.6814422607422,549.2472610473633,279.16530418395996,0
1,1,386.0,230.0,211.0,211.0,441.66884899139404,291.2979179620743,534.3114161491394,281.6944491863251,491.7095184326172,329.95988845825195,499.8192676744963,391.55835402639286,91.7677640914917,0,0,0,0,0,0,forward,0.19698636279907275,0.24860043859266004,-0.14870105751496765,1,317,238,0.9109511971473694,0,top_right,487,285,442.2244567871094,290.4901714324951,533.6679153442383,281.0371799468994,0
1,1,368.0,232.0,227.0,227.0,427.75376319885254,292.08136081695557,524.2169499397278,285.90520799160004,476.82647705078125,331.84364318847656,482.45907030607526,395.38883008454974,85.75562238693237,0,0,0,0,0,0,forward,0.21843531486336704,0.25370720064088687,-0.10671645344135818,1,314,238,0.8954873085021973,1,top_right,476,288,427.670654296875,291.30198097229004,525.0289077758789,285.0973606109619,0
1,1,354.0,232.0,220.0,220.0,414.9367928504944,292.83201813697815,510.9025287628174,286.2773931026459,465.1376724243164,332.96422004699707,467.5445636950041,400.5649551592375,90.6021237373352,0,0,0,0,0,0,forward,0.2105862357137492,0.1866877452614304,-0.0818222751737569,1,315,238,0.8850370645523071,1,top_right,464,288,415.9876251220703,292.1649570465088,512.8213272094727,285.6101760864258,0
1,1,336.0,228.0,224.0,224.0,399.2910575866699,290.2153265476227,499.36055183410645,285.66432774066925,453.21861267089844,330.74214935302734,453.3258397955644,398.25834726032457,93.31306219100952,0,0,0,0,0,0,forward,0.2058028961767121,0.12598473296216722,-0.05084398369395723,1,307,238,0.8451806306838989,0,top_right,449,287,399.17166900634766,289.84000396728516,499.83290100097656,285.3269920349121,0
1,1,319.0,230.0,233.0,233.0,385.51894187927246,290.7808470726013,486.64188146591187,288.7019616365433,441.3444519042969,333.97178649902344,441.9926051089638,402.70221459238155,93.50072145462036,0,0,0,0,0,0,forward,0.20596554783911275,0.06981737970105983,-0.0391464766714214,1,311,238,0.8865374326705933,1,None,436,289,386.06170654296875,290.3286552429199,487.24131774902344,288.0546627044678,0
1,1,306.0,227.0,227.0,227.0,371.01380825042725,291.5545892715454,474.32992219924927,290.43194711208344,427.72064208984375,337.10168838500977,425.1868759958368,402.6942082455284,93.8082218170166,0,0,0,0,0,0,forward,0.16352047271964573,0.055618582501266965,-0.017545009372752864,1,283,238,0.8947401642799377,1,None,422,290,370.1647644042969,291.0369129180908,475.18394470214844,289.89646911621094,0
1,1,288.0,231.0,235.0,235.0,361.74633741378784,294.58017110824585,464.58975076675415,293.3405578136444,417.8440475463867,340.7852268218994,415.7825269197163,407.4636163209614,92.26788878440857,0,0,0,0,0,0,forward,0.16157613605008314,0.034709094037730835,-0.012969587250757638,1,268,238,0.9133822917938232,1,None,413,293,361.1348571777344,294.3476257324219,465.9180679321289,292.98657989501953,0
1,1,277.0,229.0,247.0,247.0,355.4300808906555,291.94499373435974,458.0551266670227,293.4596174955368,410.78163146972656,339.68167304992676,408.1349162051552,408.0019238120631,89.25315141677856,0,0,0,0,0,0,forward,0.17253483556195115,-0.001605726667515676,0.009697235407057003,1,276,238,0.84898442029953,1,None,407,292,356.03758239746094,291.8824653625488,459.31900787353516,293.31542587280273,0
1,1,283.0,233.0,234.0,234.0,356.1866497993469,297.80178666114807,452.9698371887207,295.2178180217743,411.7561340332031,345.50960540771484,408.917256405479,411.43967929639314,90.04092812538147,0,0,0,0,0,0,forward,0.16019259473490102,-0.04505440014231758,-0.013387804364761852,1,258,238,0.850515604019165,1,None,405,296,356.9144058227539,297.6854553222656,453.4424743652344,294.63335037231445,0
1,1,274.0,231.0,245.0,245.0,350.17409324645996,297.17542111873627,455.2109408378601,296.4694458246231,409.44602966308594,341.3407516479492,406.1713248804996,409.1624525973671,91.3537085056305,0,0,0,0,0,0,forward,0.18526312847639656,-0.00826578528449649,-0.004288464335952059,1,255,238,0.8446323275566101,1,None,402,296,349.2690887451172,296.9713382720947,455.6249465942383,296.2027759552002,0
1,1,275.0,236.0,240.0,240.0,347.81152963638306,302.0367765426636,451.519079208374,299.8149400949478,406.0993957519531,349.2922782897949,403.3077721846731,415.60857070119755,91.03199243545532,0,0,0,0,0,0,forward,0.15305604096392345,0.004275116615852989,-0.02299619960085214,1,254,238,0.8754786849021912,1,None,400,300,348.62332916259766,301.9954833984375,452.0711212158203,299.56295585632324,0
1,1,271.0,236.0,239.0,239.0,342.3450493812561,303.6779522895813,446.6364550590515,298.1472462415695,403.5190963745117,350.73909759521484,402.06854368511,413.24492906269273,91.50669574737549,0,0,0,0,0,0,forward,0.105273729154078,-0.04443044245944776,-0.0515640053281078,1,255,238,0.8790468573570251,1,None,394,300,341.4692077636719,303.55456924438477,447.0406188964844,297.8671932220459,0
1,1,266.0,234.0,244.0,244.0,335.4423141479492,307.87369072437286,442.7344036102295,300.2723228931427,399.03858184814453,359.7336959838867,403.7434387207031,423.40752501236767,91.98158979415894,0,0,0,0,0,0,forward,0.07557109930532967,0.005179365597259682,-0.10843901301896818,1,253,238,0.8917151689529419,1,None,388,303,333.6540985107422,307.5702209472656,443.5889358520508,299.7538089752197,0
1,1,262.0,236.0,245.0,245.0,332.46827721595764,308.30447494983673,441.7262625694275,300.66650569438934,396.7573928833008,361.61996841430664,399.1493004246762,424.59582077829464,91.92948937416077,0,0,0,0,0,0,forward,0.039154051345841684,0.010452474789741935,-0.09976831990166198,1,253,238,0.8514278531074524,1,None,386,303,331.10565185546875,307.85319900512695,442.7107925415039,299.9300708770752,0
1,1,265.0,243.0,240.0,240.0,331.47090315818787,316.29990220069885,440.1387119293213,305.3135347366333,399.55718994140625,369.7646713256836,403.04013503225224,429.69738910072726,90.39896130561829,0,0,0,0,0,0,forward,0.011966287850543543,-0.02614004684948171,-0.1329886536419536,1,253,238,0.8635721802711487,1,None,383,310,327.1979293823242,315.94024658203125,440.37367248535156,304.3586883544922,0
1,1,261.0,236.0,248.0,248.0,330.7629609107971,311.04512572288513,442.37070083618164,302.68281877040863,398.03367614746094,365.4286479949951,403.0244285181949,431.7149839903179,92.5634503364563,0,0,0,0,0,0,forward,0.07105452619753133,-0.009073654471086257,-0.1125593804343289,1,253,237,0.8877034187316895,1,None,385,306,327.4836769104004,310.53856658935547,443.3941345214844,301.63536643981934,0
1,1,264.0,241.0,246.0,246.0,334.9678874015808,315.25817692279816,442.56431102752686,307.6739126443863,399.32559967041016,369.4710159301758,403.3427870901007,436.1046274084794,91.88445806503296,0,0,0,0,0,0,forward,-0.22216948826752317,-0.22964560008494417,0.15110955182416763,1,254,237,0.8642256259918213,1,None,388,310,333.5327911376953,315.0164394378662,443.9321594238281,306.9535789489746,0
1,1,271.0,243.0,238.0,238.0,333.79740715026855,313.8734042644501,440.89356422424316,303.5902029275894,398.09478759765625,368.1698226928711,403.61917596114307,430.62836898000614,91.88311696052551,0,0,0,0,0,0,forward,-0.19254449814825692,-0.2302546634457943,0.1630420966897042,1,254,237,0.857197642326355,1,top_right,387,307,333.20609283447266,313.1705131530762,442.0583190917969,302.60584831237793,0
1,1,266.0,239.0,243.0,243.0,336.1453950405121,315.2902990579605,445.2278995513916,306.92841589450836,402.4713897705078,371.6521453857422,406.74303757516964,435.1330390729402,91.35435223579407,0,0,0,0,0,0,forward,0.035080423134920186,-0.010025414382708422,-0.11830865317858234,1,253,238,0.9084104299545288,1,None,390,310,334.5525894165039,315.1072826385498,446.2113800048828,306.39062118530273,0
1,1,268.0,241.0,243.0,243.0,337.0261549949646,309.10710096359253,441.67184352874756,302.33316600322723,399.2762756347656,364.08119201660156,402.4101277401573,427.98164568449323,91.6236937046051,0,0,0,0,0,0,forward,-0.22493561188806332,-0.25421457873804343,0.14308138692105368,1,253,238,0.8686933517456055,1,None,389,305,336.7291564941406,308.5763740539551,441.65972900390625,301.6549415588379,0
1,1,269.0,239.0,242.0,242.0,341.47894859313965,308.3634638786316,446.3607931137085,303.39831590652466,400.39939880371094,358.27013969421387,401.73404693603516,432.15066207082646,92.5983726978302,0,0,0,0,0,0,forward,0.1976394948406171,0.029885521456137036,-0.05578333853259046,1,253,238,0.8553724884986877,1,None,395,305,341.5278854370117,307.9793930053711,448.5108871459961,302.5539150238037,0
1,1,270.0,233.0,246.0,246.0,346.1162042617798,299.73655700683594,448.26496839523315,297.81340062618256,402.77896881103516,349.69325065612793,401.6897081073962,421.812599583676,91.98005795478821,0,0,0,0,0,0,left,-0.17115050709595225,-0.38849841837136234,0.09238179243975958,1,254,238,0.8976892232894897,1,None,398,298,347.6830520629883,299.70570945739746,449.45882415771484,297.5017776489258,0
1,1,274.0,233.0,245.0,245.0,354.1312623023987,299.46305751800537,456.19420528411865,298.2756632566452,411.3441467285156,348.29458236694336,407.5536005120528,419.7715412942987,91.46758317947388,0,0,0,0,0,0,forward,0.1792626044744407,-0.035107145985349156,0.00307681511012896,1,270,238,0.864753246307373,1,None,405,298,353.23191833496094,299.7051200866699,457.827880859375,298.2688865661621,0
1,1,276.0,232.0,249.0,249.0,362.7565312385559,286.20168685913086,461.7378258705139,289.9429374933243,415.0299072265625,331.710147857666,407.2599672016345,406.5234119013736,89.82627391815186,0,0,0,0,0,0,left,-0.16254129999396108,-0.48427947063778787,0.028640243312820897,1,267,238,0.8780725598335266,1,None,413,288,363.4546890258789,286.8957767486572,463.93900299072266,290.0384330749512,0
1,1,295.0,234.0,225.0,225.0,374.8676109313965,287.77476489543915,473.11609506607056,294.8204469680786,437.31494903564453,336.21042251586914,422.6688063772101,404.6514385624936,90.9802258014679,0,0,0,0,0,0,forward,0.1873512371008212,-0.15652068550811285,0.09972944327183574,1,307,238,0.8165306448936462,1,top_left,422,290,372.1248245239258,287.3547077178955,473.4853744506836,294.48719215393066,0
1,1,308.0,233.0,217.0,217.0,386.9063091278076,281.3435482978821,483.27346563339233,290.98692655563354,452.2509765625,327.4896240234375,434.33387555574114,396.0634065929212,92.09255576133728,0,0,0,0,0,0,forward,0.22507410732900593,-0.18862270275264395,0.13309235130914676,1,299,238,0.7741633653640747,0,top_left,433,285,383.79359436035156,280.57157707214355,483.3262023925781,290.2451763153076,0
1,1,313.0,232.0,216.0,216.0,390.2101135253906,284.0396296977997,487.5507974624634,292.4529093503952,453.34033966064453,331.4044189453125,438.6444131951583,397.45525510687577,90.68410396575928,0,0,0,0,0,0,forward,0.2028904729871263,-0.14954144290924745,0.10364868859434916,1,308,238,0.8001677393913269,0,top_left,438,287,388.472900390625,283.15187072753906,489.12701416015625,291.73555755615234,0
1,1,308.0,226.0,221.0,221.0,381.2939143180847,279.0286499261856,482.1254324913025,288.8281935453415,435.73486328125,321.265869140625,424.5988906057257,389.0746081502814,91.75745844841003,0,0,0,0,0,0,down,0.26911911057691934,0.03684983374166148,0.1032656844762805,1,285,239,0.7902308106422424,0,None,432,283,381.0180130004883,278.7491512298584,483.4227752685547,288.4798278808594,0
1,1,304.0,225.0,228.0,228.0,381.85721158981323,279.2851012945175,481.2172317504883,289.4792711734772,434.8465347290039,324.5145034790039,424.71073552181844,394.42668463054457,94.03229355812073,0,0,0,0,0,0,forward,0.2334206691910097,0.005365016578538646,0.10560314816426017,1,284,239,0.7838440537452698,0,top_left,431,284,381.4420166015625,279.02622413635254,481.25831604003906,289.1073932647705,0
1,1,309.0,228.0,225.0,225.0,387.26617097854614,280.3842222690582,487.1190094947815,289.41915571689606,446.72889709472656,326.4289855957031,435.46107241981906,394.22372817993164,94.01597380638123,0,0,0,0,0,0,forward,0.22872501351195543,-0.06455351003470637,0.09249656245662256,1,289,239,0.7898339629173279,0,top_left,437,285,386.1492462158203,280.48512840270996,488.07845306396484,289.6051197052002,0
1,1,311.0,232.0,219.0,219.0,389.21072244644165,287.6821804046631,487.7000570297241,293.035324215889,450.9485626220703,335.03259658813477,441.49993695710833,398.9325970097592,91.13081693649292,0,0,0,0,0,0,forward,0.17083851254307422,-0.10349602836263633,0.05211949766002475,1,308,238,0.767414391040802,1,top_left,438,289,387.80535888671875,287.0852279663086,488.6250457763672,292.5163879394531,0
1,1,296.0,224.0,238.0,238.0,380.0674366950989,285.39175271987915,481.5157437324524,290.7606643438339,439.8899841308594,334.72509384155273,430.90869903564453,397.7109432220459,94.72454786300659,0,0,0,0,0,0,forward,0.13872918765653708,-0.06330729066937704,0.05657917806929524,1,275,240,0.6924582123756409,0,top_left,431,287,379.78734588623047,285.18035888671875,483.86942291259766,290.34945487976074,0
1,1,290.0,224.0,244.0,244.0,374.590961933136,290.6197929382324,474.4547700881958,298.63237738609314,427.4385070800781,338.6884117126465,418.28669096294203,404.15259511847245,95.69231271743774,0,0,0,0,0,0,forward,0.205358358118245,0.019327229172557605,0.08109954466742872,1,270,240,0.7313694953918457,1,None,424,294,374.0178909301758,290.3176517486572,475.14220428466797,298.00136947631836,0
1,1,289.0,231.0,242.0,242.0,372.69009590148926,289.2144352197647,473.21218252182007,299.29707527160645,424.16587829589844,343.07175636291504,415.2309799194336,407.0782877269544,94.82886791229248,0,0,0,0,0,0,forward,0.14313320464727006,0.02750426598795933,0.08665947420364184,1,276,240,0.7266839146614075,1,None,423,294,372.73392486572266,289.2831687927246,473.5652389526367,299.22923469543457,0
1,1,299.0,241.0,228.0,228.0,374.0619397163391,296.0754632949829,475.7639241218567,304.05454337596893,427.60684967041016,349.1510009765625,418.4157903570878,414.6585469496878,90.0644302368164,0,0,0,0,0,0,forward,0.1444464718162078,0.025187782761353073,0.07593167170800963,1,271,239,0.720302939414978,1,None,425,300,372.78050231933594,296.19527435302734,477.51353454589844,304.2552680969238,0
1,1,289.0,234.0,239.0,239.0,366.79590225219727,294.5753252506256,469.0076494216919,300.56332290172577,421.66297912597656,342.49122619628906,416.7042119879472,408.21764343663267,91.9682502746582,0,0,0,0,0,0,forward,0.19952093202517954,0.029441754942452002,0.04511809521713581,1,274,238,0.8287932872772217,1,None,418,297,366.9576644897461,294.4218463897705,469.9112777709961,300.2321491241455,0
1,1,282.0,235.0,247.0,247.0,358.7819766998291,293.33096265792847,458.99789571762085,296.042218208313,408.6052703857422,343.3303642272949,402.8185071443257,413.7969257957057,91.277015209198,0,0,0,0,0,0,forward,0.19343474269256117,0.09659070927004614,0.03115938377356382,1,269,239,0.8531607985496521,1,None,409,294,358.4424133300781,293.2807731628418,459.58648681640625,295.7500591278076,0
1,1,280.0,238.0,233.0,233.0,346.5724492073059,297.9411953687668,449.3445014953613,296.6613757610321,397.718505859375,349.15306091308594,394.43366602847453,414.62732415450245,88.93455862998962,0,0,0,0,0,0,forward,0.1220133346600275,0.0948914724369419,-0.007878261786693916,1,285,238,0.8782504200935364,1,None,399,296,347.43682861328125,297.6068115234375,451.67161560058594,296.09973907470703,0
1,1,265.0,239.0,242.0,242.0,339.01960611343384,307.6465630531311,440.14031171798706,304.91614758968353,396.22344970703125,362.2646141052246,393.0793822439093,424.90524944506194,92.6976203918457,0,0,0,0,0,0,forward,-0.2441654288069704,-0.3433043387591056,0.09858282191030615,1,254,238,0.9022655487060547,1,None,389,305,338.06712341308594,306.99513816833496,440.96217346191406,304.23727226257324,0
1,1,259.0,249.0,220.0,220.0,323.65696907043457,328.5274261236191,423.30260276794434,315.08325040340424,381.01024627685547,387.3922348022461,387.48328359503495,433.4319892682527,91.23652577400208,0,0,0,0,0,0,forward,-0.11683760787343633,0.08010807468091871,-0.15307122235208498,1,250,238,0.9414968490600586,1,None,374,320,322.79396057128906,327.95302963256836,425.71791076660156,313.9826030731201,0
1,1,251.0,268.0,218.0,218.0,311.4201843738556,353.9125084877014,403.85594367980957,335.4434645175934,370.04539489746094,411.75129890441895,380.87699689363177,451.3745679353413,90.38078784942627,0,0,0,0,0,0,None,-0.4820255196093441,0.12093290233950821,0.17160543309157447,1,238,239,0.9048994779586792,1,bottom_right,357,343,311.59582901000977,352.71813011169434,402.98140716552734,334.3751907348633,0
1,1,227.0,270.0,234.0,234.0,292.4372947216034,357.20555663108826,395.11054039001465,339.5707619190216,351.84120178222656,422.9176139831543,360.5662677162572,457.72566393802043,88.81271481513977,0,0,0,0,0,0,forward,-0.21554120250971237,0.10348731063961487,-0.18249911153704393,1,235,239,0.9329238533973694,1,None,343,347,290.3070831298828,356.1125736236572,395.89247131347656,337.93601989746094,0
1,1,224.0,274.0,236.0,236.0,285.57491302490234,365.18357813358307,389.53221321105957,349.129655957222,342.6908493041992,433.73239517211914,350.369583932977,477.2418067329808,86.77389621734619,0,0,0,0,0,0,None,-0.46356634527391444,0.08956600270271127,0.11095682821399701,1,235,239,0.9195256233215332,1,None,337,355,284.4915084838867,364.41959381103516,390.8509521484375,347.54016494750977,0
1,1,217.0,269.0,242.0,242.0,279.0458941459656,360.69862604141235,383.1837558746338,345.2271205186844,339.85809326171875,433.40867042541504,350.06987923070005,474.3321990966797,85.16764640808105,0,0,0,0,0,0,None,-0.5173126222935371,0.1656316469586949,0.1132793863580339,1,234,239,0.9126299619674683,1,None,328,351,274.77820205688477,359.87132835388184,382.98314666748047,344.00484466552734,0
1,1,225.0,270.0,236.0,236.0,283.8283324241638,352.4284815788269,384.3782949447632,339.8552495241165,337.5358581542969,419.5839500427246,348.5021520915784,458.79695892333984,89.60051536560059,0,0,0,0,0,0,forward,-0.1574161318511831,0.18908482466857213,-0.16712994783674867,1,235,239,0.9180953502655029,1,bottom_right,334,345,282.98414611816406,351.52567291259766,385.45178985595703,338.85439682006836,0
1,1,222.0,252.0,239.0,239.0,280.03947854042053,329.0969395637512,382.88485050201416,316.331444978714,332.89337158203125,389.94166374206543,343.34327697753906,443.6542285116095,92.04687476158142,0,0,0,0,0,0,forward,-0.04989932314828781,0.1976325338044545,-0.15441541438966847,1,236,239,0.9060753583908081,1,bottom_right,329,321,277.44957733154297,327.69703674316406,382.4958724975586,314.7926445007324,0
1,1,223.0,244.0,241.0,241.0,280.1846957206726,319.8627609014511,380.36770582199097,307.93813705444336,325.65731048583984,373.829870223999,337.1207026431435,434.64099281712583,93.62729787826538,0,0,0,0,0,0,forward,0.050273716943746036,0.2851376512781061,-0.1503847231665461,1,236,239,0.8948950171470642,1,None,328,313,275.59093475341797,320.21690368652344,380.56434631347656,307.6805648803711,0
1,1,236.0,243.0,231.0,231.0,288.1098675727844,314.8791593313217,387.0990180969238,304.58330154418945,334.06124114990234,368.798131942749,346.31794076216846,426.4461391850522,95.20512223243713,0,0,0,0,0,0,forward,0.017138198007099713,0.2758362827613192,-0.1513372133755388,1,238,239,0.8586142659187317,1,None,338,309,288.3237953186035,314.1748466491699,388.2916488647461,304.00032234191895,0
1,1,236.0,247.0,233.0,233.0,293.2807266712189,319.25892412662506,393.6624550819397,309.69054758548737,340.6983184814453,375.2852153778076,351.4308798940558,433.1798322577226,95.45534253120422,0,0,0,0,0,0,forward,0.003421337492706859,0.2502221843479696,-0.13750952837174088,1,241,238,0.8416748642921448,1,None,342,314,291.79368591308594,318.8962097167969,393.65238189697266,309.2580757141113,0
1,1,245.0,253.0,226.0,226.0,298.2132136821747,334.05889570713043,395.96770763397217,322.86931693553925,348.6933898925781,393.4486198425293,361.97640469199735,445.07736306441456,93.0793821811676,0,0,0,0,0,0,None,-0.3510856658568466,0.24593834591021746,0.07768827917822867,1,239,239,0.8933668732643127,1,top_left,346,327,295.687744140625,333.09208488464355,397.2463073730469,321.67770195007324,0
1,1,247.0,266.0,226.0,226.0,302.5325894355774,354.0810388326645,399.71075534820557,339.0593183040619,357.61505126953125,413.54467391967773,368.7336490028783,455.2732387341951,92.11000204086304,0,0,0,0,0,0,None,-0.452960326218048,0.13731542112402179,0.12908442647610954,1,241,237,0.858466625213623,1,bottom_right,351,345,301.5215072631836,353.62771797180176,400.9407958984375,338.14136695861816,0
1,1,245.0,261.0,216.0,216.0,310.6796336174011,352.71868228912354,402.6736855506897,322.55775332450867,376.21028900146484,404.56518173217773,391.05065797504625,446.404168480321,91.37971997261047,0,0,0,0,0,0,None,-0.4011003366971195,0.10204725133806034,0.2957770462830367,1,239,240,0.9381356239318848,1,None,357,336,310.8034133911133,352.2688636779785,404.9453659057617,321.1441898345947,0
1,1,240.0,267.0,211.0,211.0,295.85821866989136,351.9856470823288,387.99851179122925,317.7945041656494,358.9868927001953,396.4878273010254,379.0548465126439,441.36188958820543,89.7267997264862,0,0,0,0,0,0,None,-0.3324051015087598,0.1881524032203724,0.3169234230918824,1,233,239,0.9055178761482239,1,None,342,333,295.41993713378906,351.16026306152344,390.0899200439453,315.8657855987549,0
1,1,228.0,251.0,225.0,225.0,277.1751606464386,334.88733887672424,371.90553188323975,307.8857660293579,330.7849884033203,384.73154067993164,354.46569342362255,430.7025553050794,91.99867248535156,0,0,0,0,0,0,right,-0.3235325058539601,0.38877878221152984,0.20900012756603095,1,233,240,0.8827168345451355,1,bottom_right,325,320,277.285701751709,334.4520263671875,373.503662109375,307.18630027770996,0
1,1,225.0,237.0,235.0,235.0,278.54957938194275,320.69325864315033,374.9267506599426,296.5510493516922,327.59063720703125,365.7455635070801,346.55194935045745,420.00505648161237,92.80064105987549,0,0,0,0,0,0,forward,0.016814100570673826,0.26460918668366534,-0.2681366859432397,1,235,240,0.9272134900093079,1,None,328,308,278.6419906616211,320.81707191467285,377.498291015625,296.11173820495605,0
1,1,229.0,235.0,228.0,228.0,278.61502408981323,313.4197336435318,375.8601927757263,288.510645031929,329.42169189453125,352.45330810546875,347.56452058490953,409.2908010984722,90.45084118843079,0,0,0,0,0,0,forward,0.06303624636760836,0.221251686422927,-0.2723802468550496,1,235,240,0.9232706427574158,1,top_right,328,300,278.8561553955078,313.5731735229492,378.59436798095703,288.24775886535645,0
1,1,230.0,227.0,228.0,228.0,277.61958956718445,300.0270080566406,375.43646812438965,277.85446643829346,326.68174743652344,335.22276878356934,342.5621273643092,391.67764513116134,94.18417811393738,0,0,0,0,0,0,forward,0.08456320116790915,0.18937289965641807,-0.2399575667284221,1,236,239,0.910556972026825,1,top_right,327,288,277.6420364379883,300.00267219543457,377.6200180053711,277.33940505981445,0
1,1,272.0,216.0,165.0,165.0,321.5252649784088,260.1158308982849,392.7289843559265,259.21360194683075,359.7735595703125,288.8594055175781,360.81550196597453,333.68170738220215,94.16807293891907,0,0,0,0,0,0,forward,0.14666775142801733,-0.029165235087331185,-0.04055773353813774,1,226,238,0.8832406401634216,0,top_left,357,258,321.2066955566406,259.3502883911133,393.1138153076172,258.43559074401855,0
1,1,275.0,217.0,163.0,163.0,322.601101398468,260.98426043987274,391.91768169403076,257.80856251716614,360.0288391113281,286.65733337402344,361.4497074327971,330.34529836554276,93.36609840393066,0,0,0,0,0,0,forward,0.15912667089167717,-0.00946376786646505,-0.05431456791529466,1,227,239,0.8788750767707825,0,None,357,258,322.6978073120117,260.30113220214844,392.1044158935547,257.0259075164795,0
1,1,272.0,218.0,168.0,168.0,325.58868885040283,260.2968907356262,393.1603956222534,257.44861900806427,360.3972625732422,288.28399658203125,360.4070924457751,332.84602516575865,93.97566318511963,0,0,0,0,0,0,forward,0.13330764233017556,0.042640909562733274,-0.03790399662943975,1,230,239,0.8820121884346008,0,None,359,258,325.64337158203125,259.6757583618164,393.84261322021484,256.68370056152344,0
1,1,273.0,218.0,166.0,166.0,323.66692662239075,261.74392104148865,391.2686347961426,258.62057626247406,360.01842498779297,288.41357231140137,363.6823794716283,332.87903082998173,93.7492311000824,0,0,0,0,0,0,forward,0.14990534809423978,-0.004495154718995553,-0.06746550703474555,1,227,238,0.8992109894752502,0,None,358,259,323.6303825378418,261.0472927093506,392.37310791015625,257.78701400756836,0
1,1,275.0,216.0,164.0,164.0,325.5148446559906,261.1058431863785,393.6500573158264,259.83402013778687,361.9902038574219,287.48820304870605,362.945701197574,332.73976376182156,93.69445443153381,0,0,0,0,0,0,forward,0.16575656482612033,-0.052788524252937466,-0.031542665069226115,1,228,239,0.9189428091049194,0,top_left,359,259,325.36802673339844,260.60719299316406,394.4842224121094,259.2982578277588,0
1,1,276.0,218.0,164.0,164.0,325.4543459415436,261.74340069293976,394.53845024108887,258.929380774498,363.0022430419922,289.0628242492676,364.5089460674085,333.25766914769224,94.31099891662598,0,0,0,0,0,0,forward,0.12262905946856423,-0.0550348797267432,-0.04831804573884394,1,233,239,0.8738663196563721,0,top_left,359,259,324.76839447021484,261.41004180908203,395.13294219970703,258.5160655975342,0
1,1,275.0,217.0,164.0,164.0,326.4296519756317,261.63190484046936,395.23188829421997,261.80513978004456,361.8539810180664,288.68868827819824,361.30828255101255,334.5247213464034,93.53809952735901,0,0,0,0,0,0,forward,0.19220980207339142,0.001518383897668116,-0.015184057724941196,1,228,239,0.8528332710266113,0,None,361,261,326.99979400634766,261.1182231903076,396.17657470703125,261.3527355194092,0
1,1,275.0,216.0,165.0,165.0,325.74785709381104,261.27009630203247,396.71141624450684,260.45410215854645,363.2020568847656,291.5968322753906,364.4225853367856,337.04754578439815,94.52297687530518,0,0,0,0,0,0,forward,0.11836189703755899,-0.010665873153442564,-0.039687035895322804,1,236,239,0.849385678768158,0,None,361,260,325.31473541259766,260.8883514404297,397.1652069091797,260.07622718811035,0
1,1,281.0,219.0,162.0,162.0,330.5184495449066,262.83437848091125,397.99493074417114,261.3620799779892,364.6257781982422,291.3117027282715,365.1250256990132,334.8994250046579,94.90841031074524,0,0,0,0,0,0,forward,0.11612292292852056,0.058356313962656906,-0.03375286330347898,1,228,238,0.9054390788078308,0,None,364,261,331.18546295166016,262.32110023498535,398.5751419067383,260.91344261169434,0
1,1,278.0,217.0,166.0,166.0,329.4596266746521,261.28692626953125,399.4484281539917,260.80830931663513,367.5054931640625,289.24753189086914,369.3851711875514,333.0975196236058,95.13406753540039,0,0,0,0,0,0,forward,0.14336961345470187,-0.03668924780122537,-0.03389093171402487,1,238,239,0.8896217346191406,0,top_left,364,260,329.5745086669922,260.77904319763184,400.1878662109375,260.33215713500977,0
1,1,279.0,217.0,163.0,163.0,326.73105001449585,260.2700239419937,396.51237964630127,262.1426457166672,362.1363067626953,288.2903480529785,360.8934442620528,331.35179871007017,95.31222581863403,0,0,0,0,0,0,forward,0.13948720773033899,0.011284520344345617,0.009108017166578879,1,234,238,0.9072652459144592,0,None,361,260,327.1461944580078,259.865083694458,396.70777893066406,261.7470073699951,0
1,1,271.0,216.0,168.0,168.0,323.80603551864624,260.7811760902405,392.9942989349365,261.9676262140274,359.49005126953125,290.74230194091797,356.21138522499484,332.39386759306257,95.49609422683716,0,0,0,0,0,0,forward,0.09949807357662548,-0.01978386963667355,0.022068019256535114,1,245,239,0.814747154712677,0,None,358,260,323.8560371398926,260.3558235168457,393.7367401123047,261.5748710632324,0
1,1,268.0,218.0,167.0,167.0,318.7758433818817,265.31825959682465,387.629919052124,265.7816183567047,354.0694046020508,296.86906814575195,353.67711920487255,339.0111591941432,92.80277490615845,0,0,0,0,0,0,forward,0.0815712990646322,0.011255219489389873,-0.011098956811967702,1,239,238,0.8425723314285278,0,None,353,265,317.6378593444824,264.8656768798828,389.0032196044922,265.2952651977539,0
1,1,268.0,218.0,168.0,168.0,318.87754678726196,265.8717352151871,388.89729499816895,266.74775898456573,355.69522857666016,298.9228820800781,354.55611379523026,339.90043138202867,94.17633414268494,0,0,0,0,0,0,forward,0.0623947261354136,-0.02623479789887432,-0.0024869500283379053,1,242,239,0.7677901387214661,0,top_left,353,265,318.1808090209961,265.1249485015869,389.2401580810547,265.9937438964844,0
1,1,272.0,216.0,167.0,167.0,321.7154133319855,266.5546292066574,390.3460764884949,267.10776150226593,357.16163635253906,297.5672721862793,356.01428383275083,339.45764290659054,94.75008845329285,0,0,0,0,0,0,forward,0.09220451870255371,-0.039504846911764036,0.00046423321314066824,1,247,239,0.7745127081871033,0,top_left,356,266,321.43756103515625,265.9639091491699,390.92603302001953,266.5085906982422,0
1,1,276.0,217.0,163.0,163.0,323.2921326160431,262.42394506931305,394.58624362945557,265.2165985107422,358.3662414550781,298.58694076538086,358.55844798840974,339.87942695617676,94.41697001457214,0,0,0,0,0,0,forward,0.024688110145660597,0.08558382173347004,0.0031886019289126817,1,229,238,0.8908882141113281,0,None,359,263,322.86257553100586,261.83325004577637,395.4652633666992,264.7269687652588,0
1,1,275.0,217.0,165.0,165.0,327.07454800605774,264.99971330165863,395.9251856803894,266.96736574172974,359.47410583496094,298.7359428405762,357.5156081350226,340.1220612776907,93.57410669326782,0,0,0,0,0,0,forward,0.05640424831818506,0.10204143089547885,0.014974044141634599,1,240,238,0.9069074988365173,0,None,361,265,326.5429382324219,264.4647159576416,397.31262969970703,266.52662086486816,0
1,1,280.0,219.0,163.0,163.0,327.18960523605347,264.83071625232697,397.31696128845215,268.3158481121063,362.0179748535156,298.33720207214355,360.02351258930406,340.4475448006078,95.57523727416992,0,0,0,0,0,0,forward,0.08409575517901755,0.0017052336319303956,0.029271725836495822,1,237,238,0.901982307434082,0,None,362,266,326.3577575683594,264.3475742340088,398.3025665283203,267.9949035644531,0
1,1,277.0,218.0,164.0,164.0,328.6936020851135,263.821120262146,396.00632429122925,267.3147511482239,360.7291793823242,298.2308006286621,360.6686180516293,341.39056356329667,94.77941989898682,0,0,0,0,0,0,forward,0.08256608563079319,0.10473043529867793,0.0031261047466761603,1,237,238,0.882129430770874,0,None,362,265,328.87560272216797,263.3511428833008,396.7834777832031,266.88555335998535,0
1,1,279.0,217.0,165.0,165.0,326.92917346954346,264.8000657558441,396.1164903640747,266.9295608997345,361.1768341064453,298.972806930542,358.7621307373047,340.6867910686292,95.21713852882385,0,0,0,0,0,0,forward,0.049923508156574904,0.009018139606416892,0.022764576103780798,1,235,238,0.9151069521903992,0,None,361,265,326.4576988220215,264.31225776672363,397.08909606933594,266.395751953125,0
1,1,279.0,219.0,159.0,159.0,322.4819767475128,265.54982364177704,394.2685079574585,265.3898298740387,359.08287048339844,297.451114654541,359.11964416503906,336.193649392379,93.89821290969849,0,0,0,0,0,0,forward,0.03589097649291151,0.044389904310147596,-0.0233530491191443,1,228,239,0.9063431024551392,0,None,358,264,321.9005317687988,264.91276359558105,395.03699493408203,264.66519927978516,0
1,1,274.0,218.0,167.0,167.0,324.9715065956116,261.5230178833008,393.01231145858765,265.1087701320648,358.73291015625,296.2324905395508,356.58258940044203,338.6257297114322,94.86045837402344,0,0,0,0,0,0,forward,0.06853475701851404,-0.005215404114609068,0.027246318031229993,1,228,238,0.8949134349822998,0,None,358,262,324.52898025512695,260.94630432128906,393.27599334716797,264.56193923950195,0
1,1,273.0,217.0,167.0,167.0,324.74177718162537,262.7605837583542,393.2029891014099,264.2134130001068,357.96348571777344,294.6840476989746,356.53418691534745,336.36909334283126,95.12082934379578,0,0,0,0,0,0,forward,0.08470162648729301,0.06742328529845185,0.010585979630235182,1,234,238,0.8798367977142334,0,None,359,262,324.45916748046875,262.1381950378418,393.63819122314453,263.64855766296387,0
1,1,276.0,218.0,163.0,163.0,324.5104646682739,263.68597984313965,393.14653158187866,264.3331700563431,358.28487396240234,295.61588287353516,356.78864328484786,337.88503948010896,94.69624161720276,0,0,0,0,0,0,forward,0.07842630872128818,0.03628812135999888,0.002287949493531164,1,229,239,0.8883680701255798,0,None,359,263,324.59266662597656,263.22126388549805,394.32969665527344,263.8475532531738,0
1,1,272.0,218.0,168.0,168.0,321.82679295539856,262.97976315021515,394.3940591812134,264.25010919570923,357.1233367919922,293.6465835571289,355.39355830142375,335.5872224506579,95.01320719718933,0,0,0,0,0,0,forward,0.09988558624806732,0.056971583059453754,0.010279346989555314,1,229,238,0.9007906317710876,0,None,358,263,321.68157958984375,262.6585178375244,395.4629669189453,264.03832626342773,0
1,1,275.0,218.0,163.0,163.0,323.4714937210083,262.9002946615219,392.5785517692566,262.117760181427,357.0883560180664,292.24714279174805,355.0833290501645,334.7717315272281,94.48164701461792,0,0,0,0,0,0,forward,0.10841915917657173,0.07803201883608203,0.0029740407146630885,1,230,238,0.9106781482696533,0,None,358,261,323.2959518432617,262.26979637145996,393.984375,261.3596820831299,0
1,1,273.0,218.0,167.0,167.0,324.95184898376465,261.4457309246063,392.832407951355,263.14341723918915,357.8834915161133,292.1612548828125,356.22094606098375,336.0414610410991,95.96356749534607,0,0,0,0,0,0,forward,0.11818178688473428,0.06459125944088065,0.01569213507167752,1,229,239,0.9004722833633423,0,None,359,261,325.0681457519531,260.7012577056885,393.5304183959961,262.4966640472412,0
1,1,277.0,217.0,159.0,159.0,324.89312052726746,259.7988831996918,393.44393014907837,263.0750048160553,359.716796875,293.0756664276123,358.13467929237765,334.0454051369115,94.30744647979736,0,0,0,0,0,0,forward,0.0667202241591097,-0.006052847499830086,0.018934503325660598,1,235,239,0.8225997090339661,0,top_left,359,261,324.85665130615234,259.3413562774658,393.6266784667969,262.7573661804199,0
1,1,275.0,217.0,163.0,163.0,324.5332717895508,260.159068107605,391.47377490997314,263.05831253528595,357.5996398925781,293.75953674316406,356.65918049059417,336.7420397306743,94.31230425834656,0,0,0,0,0,0,forward,0.07942446652803907,0.004669809874113648,0.015146993954122279,1,227,238,0.9072583913803101,0,None,358,260,325.2398796081543,259.521692276001,392.1235580444336,262.42586517333984,0
1,1,272.0,216.0,167.0,167.0,323.2031238079071,259.7408902645111,392.6611089706421,262.03773021698,357.5804138183594,292.199649810791,357.5489445736534,334.86826545313784,95.58267593383789,0,0,0,0,0,0,forward,0.09423048398359606,0.03915793135061245,0.0006933706900834701,1,229,239,0.8907738327980042,0,None,358,259,323.4509468078613,258.81722831726074,393.9194641113281,261.0194664001465,0
1,1,276.0,218.0,163.0,163.0,321.01163268089294,261.67066991329193,392.7460241317749,262.1675992012024,357.13226318359375,291.19505882263184,356.74970325670745,334.92729588558797,94.55525279045105,0,0,0,0,0,0,forward,0.11807441435943455,0.04071623861745175,-0.009017814161415161,1,228,239,0.9110144376754761,0,None,356,261,319.7223320007324,261.2430782318115,393.75079345703125,261.7463722229004,0
1,1,275.0,219.0,165.0,165.0,325.7594060897827,260.27904510498047,393.1732964515686,261.9767761230469,359.2496109008789,292.5612258911133,358.7927527176706,334.58213755958957,94.70033645629883,0,0,0,0,0,0,forward,0.08108587517626194,0.039572534651979734,0.002748809271168329,1,232,238,0.9051303863525391,0,None,359,260,325.8926582336426,259.74152183532715,394.0941925048828,261.4087772369385,0
1,1,278.0,220.0,160.0,160.0,324.1308283805847,261.78059577941895,394.73986625671387,262.05722630023956,359.4536590576172,292.91650772094727,358.39221552798625,334.27041555705824,95.44875025749207,0,0,0,0,0,0,forward,0.07793653793531498,0.038208414089780804,-0.0027062944593357935,1,230,238,0.9055359363555908,0,None,359,261,323.9770622253418,261.16644859313965,395.8823928833008,261.4018363952637,0
1,1,278.0,219.0,163.0,163.0,326.2914991378784,262.1184664964676,395.2582550048828,263.16248059272766,360.9117126464844,293.86693954467773,359.22849956311677,335.7758933619449,95.01019716262817,0,0,0,0,0,0,forward,0.06426661062234115,-0.0021442718507712543,0.010295069796379173,1,227,239,0.9063913226127625,0,None,361,262,326.41948318481445,261.72240257263184,396.3165283203125,262.84228706359863,0
1,1,277.0,219.0,161.0,161.0,326.5808355808258,261.605127453804,394.7770929336548,263.1039869785309,359.79103088378906,294.13853645324707,358.31860793264286,335.9339739146985,94.6892499923706,0,0,0,0,0,0,forward,0.06406913535853959,0.06134477761514631,0.010665801975522788,1,227,238,0.9147937893867493,0,None,361,262,326.6864891052246,261.2424373626709,395.9024124145508,262.7867889404297,0
1,1,276.0,219.0,163.0,163.0,323.9126682281494,261.33184254169464,392.9254221916199,263.15748631954193,359.01004791259766,291.9594383239746,359.32459781044406,334.839001705772,94.91970539093018,0,0,0,0,0,0,forward,0.10972379262343036,0.023865368790363696,-0.0038326562444531394,1,231,238,0.912557065486908,0,None,358,261,323.6370849609375,260.6192035675049,393.8323745727539,262.4918575286865,0
1,1,267.0,214.0,170.0,170.0,320.56538462638855,261.42887592315674,390.96259593963623,263.2676285505295,355.9192657470703,292.2616767883301,356.8863437050267,334.2653861798738,94.3277895450592,0,0,0,0,0,0,forward,0.09520054877265205,0.03058704738479409,-0.013410554220789397,1,230,238,0.8693867325782776,0,None,356,261,320.65773010253906,260.95808601379395,391.9660186767578,262.6615962982178,0
1,1,272.0,217.0,165.0,165.0,324.14311051368713,261.137273311615,390.7051491737366,260.836865901947,356.1479949951172,290.48192024230957,356.2280213205438,333.501928229081,94.77081894874573,0,0,0,0,0,0,forward,0.10524154002929159,0.12408189929053491,-0.019947506878945764,1,233,239,0.8891984820365906,0,top_right,358,260,324.9843063354492,260.4777317047119,391.18157958984375,260.2444896697998,0
1,1,272.0,219.0,165.0,165.0,321.2018859386444,259.63972985744476,389.9025535583496,260.31816959381104,353.7147521972656,291.5234184265137,352.1601626747533,332.7217558810585,94.78253722190857,0,0,0,0,0,0,forward,0.06241974672448913,0.0954286831329638,0.009360476996187216,1,227,238,0.9041008949279785,0,top_right,356,259,321.56382751464844,258.90247535705566,390.67208099365234,259.6230640411377,0
1,1,275.0,217.0,159.0,159.0,318.50812435150146,261.76159143447876,388.9669632911682,260.97275376319885,351.6617965698242,289.1920852661133,351.42560055381375,333.9325980136269,93.7322199344635,0,0,0,0,0,0,forward,0.12741027753998926,0.15738845983578098,-0.01910111671415579,1,228,239,0.9018765091896057,0,top_right,353,261,318.25610733032227,261.52420806884766,389.72364807128906,260.75742530822754,0
1,1,274.0,218.0,161.0,161.0,318.6544644832611,262.96247005462646,389.34829235076904,261.81721329689026,352.7300262451172,290.0768852233887,352.6210062127364,334.1167936827007,94.43108439445496,0,0,0,0,0,0,forward,0.15187611648114513,0.08648328875892596,-0.024215673952308763,1,234,239,0.8684037327766418,0,top_right,354,261,318.48234939575195,262.4483699798584,390.8157653808594,261.3126926422119,0
1,1,274.0,217.0,161.0,161.0,320.1180338859558,259.4774866104126,389.59370613098145,259.2877060174942,353.92269134521484,289.6284484863281,353.722885533383,333.60004174081905,94.53357458114624,0,0,0,0,0,0,forward,0.11516806477979932,0.0781533598325265,-0.016400289135844875,1,228,239,0.8763728141784668,0,None,355,258,320.2508544921875,258.9943542480469,390.4665298461914,258.75193977355957,0
1,1,276.0,215.0,157.0,157.0,319.84482765197754,259.23821568489075,390.8707857131958,259.4721382856369,356.2619400024414,288.90875816345215,354.91919868870787,331.75605673539013,93.88280510902405,0,0,0,0,0,0,forward,0.11068457090726139,-0.0014393958564849338,-0.004662116565464562,1,230,239,0.8581525683403015,0,None,355,258,319.4673042297363,258.6189422607422,391.68065643310547,258.8397846221924,0
1,1,276.0,217.0,158.0,158.0,322.6957321166992,258.93597543239594,391.234130859375,259.4889235496521,355.3361511230469,290.227689743042,354.27113984760484,329.21721207468136,93.06415319442749,0,0,0,0,0,0,forward,0.0673677917338687,0.09865819706834607,-0.0010637179408962824,1,230,239,0.9081971049308777,0,top_right,357,258,322.7087821960449,258.3043098449707,391.5394744873047,258.70008087158203,0
1,1,276.0,215.0,159.0,159.0,324.3971574306488,258.9772778749466,392.5709104537964,258.2753437757492,358.11031341552734,287.65414237976074,357.49493448357833,329.19799352947035,93.08582544326782,0,0,0,0,0,0,forward,0.10608430099536402,0.07168672424077684,-0.011009015587444916,1,230,238,0.9051975011825562,0,None,358,258,324.568603515625,258.4659118652344,393.37752532958984,257.6316318511963,0
1,1,276.0,216.0,165.0,165.0,323.6462461948395,259.15860056877136,394.87571954727173,258.7295651435852,360.6128692626953,289.1649627685547,357.86063144081515,330.2592945098877,94.04586553573608,0,0,0,0,0,0,forward,0.07523936357132731,-0.020224856510061354,0.010110986132833863,1,227,238,0.8887538313865662,0,None,359,258,323.038818359375,258.4269962310791,395.87232208251953,257.9403247833252,0
1,1,279.0,217.0,162.0,162.0,326.5122389793396,257.62634575366974,396.065878868103,259.9288737773895,362.2235107421875,288.76842498779297,360.1469843011153,331.44200676365904,95.27062177658081,0,0,0,0,0,0,forward,0.10775103442990495,-0.012132254497399075,0.021851198745751334,1,232,239,0.9113683700561523,0,top_left,360,257,324.81929779052734,256.79975509643555,395.9270935058594,259.1594696044922,0
1,1,283.0,218.0,157.0,157.0,327.9297685623169,257.4202448129654,397.1952486038208,259.3456256389618,360.9212875366211,289.3644332885742,359.2844692029451,331.6858653018349,94.41060423851013,0,0,0,0,0,0,forward,0.08048184518149706,0.09402974058959654,0.014179633887861993,1,235,239,0.8933713436126709,0,None,363,257,328.18067932128906,256.61073303222656,398.18389892578125,258.5777835845947,0
1,1,281.0,219.0,159.0,159.0,327.3568594455719,257.26279377937317,396.30671977996826,260.0338786840439,361.9750213623047,288.7438201904297,359.7643079255757,330.10002889131243,94.36234831809998,0,0,0,0,0,0,forward,0.10061131453180093,-0.010571872867256199,0.027642626319990447,1,231,238,0.9230038523674011,0,None,362,257,327.1707534790039,256.07286071777344,397.23561096191406,258.961727142334,0
1,1,281.0,219.0,159.0,159.0,328.5638129711151,258.2182574272156,396.91105604171753,258.2381021976471,362.55428314208984,288.4189796447754,362.8084463822214,329.9567789780466,94.54194903373718,0,0,0,0,0,0,forward,0.07060886037257832,0.07816411072770756,-0.015482422236926228,1,233,238,0.9202674031257629,0,None,363,257,328.9304656982422,257.6828899383545,397.77203369140625,257.50544357299805,0
1,1,279.0,217.0,162.0,162.0,327.9464828968048,256.8474715948105,396.63981676101685,257.05529272556305,361.39209747314453,288.629093170166,360.1833785207648,329.7554397583008,95.56832313537598,0,0,0,0,0,0,forward,0.05997041382273454,0.07517659881704022,0.0019021169741826427,1,232,238,0.9167519807815552,0,None,362,256,327.9702835083008,256.100887298584,396.8463897705078,256.20026779174805,0
1,1,280.0,217.0,159.0,159.0,327.1231722831726,257.26559937000275,395.1608419418335,258.4283673763275,361.7213439941406,286.74076080322266,360.09499800832646,329.06064786409075,94.8563277721405,0,0,0,0,0,0,forward,0.11419706135915397,0.001130446191469905,0.009301484049004001,1,226,239,0.9095723032951355,0,None,361,257,327.35792541503906,256.6476860046387,395.7400894165039,257.771764755249,0
1,1,279.0,219.0,160.0,160.0,326.54605865478516,256.6077482700348,394.5133566856384,257.3399358987808,360.00049591064453,287.1801280975342,359.36223281057255,328.8374564522191,94.60421800613403,0,0,0,0,0,0,forward,0.09021781864479668,0.05721825132650844,-0.0018148133774872456,1,229,238,0.9276488423347473,0,None,361,256,326.6329154968262,255.74237823486328,395.7080612182617,256.3791904449463,0
1,1,279.0,218.0,159.0,159.0,325.37660002708435,258.0240994691849,393.8542079925537,259.29862439632416,358.9849090576172,286.9307613372803,358.38102240311474,329.02948228936447,95.0412392616272,0,0,0,0,0,0,forward,0.11736884901750043,0.057755494892757,0.0008719431363775023,1,231,238,0.9032148718833923,0,None,360,257,326.0475387573242,257.18946647644043,395.12286376953125,258.52855682373047,0
1,1,280.0,215.0,154.0,154.0,324.0910828113556,258.39389741420746,391.84693574905396,258.75320971012115,359.68505859375,287.8030586242676,359.6168297215512,329.6100169733951,92.93473362922668,0,0,0,0,0,0,forward,0.11770216463470114,-0.01786683099656797,-0.013300743125085144,1,227,238,0.9019134044647217,0,top_left,357,257,323.6512985229492,257.79108810424805,392.22245025634766,257.97603607177734,0
1,1,277.0,219.0,162.0,162.0,324.72564697265625,258.1029814481735,394.224317073822,259.14371967315674,358.4061050415039,286.8591785430908,357.0385762264854,329.8383958716142,93.9605176448822,0,0,0,0,0,0,forward,0.12173271019301259,0.05988381932288879,0.008446183744254076,1,231,238,0.9081708788871765,0,None,360,257,325.3626403808594,257.4258270263672,395.78018951416016,258.4505310058594,0
1,1,280.0,217.0,157.0,157.0,324.64367508888245,257.1261638402939,393.6641573905945,259.57533180713654,358.9282989501953,287.40955352783203,358.379743475663,330.12267614665785,94.28930282592773,0,0,0,0,0,0,forward,0.11572732551087164,0.021489297823716256,0.010779604876207468,1,227,238,0.9245285391807556,0,None,359,257,324.61228942871094,256.2714900970459,395.24842071533203,258.7946548461914,0
1,1,279.0,216.0,159.0,159.0,325.4164528846741,258.1911188364029,395.1558804512024,259.3748366832733,359.84031677246094,286.19693756103516,356.80952373303865,329.08210403040835,95.19738554954529,0,0,0,0,0,0,forward,0.14000399751388343,0.03047051407032425,0.02302853058592138,1,230,239,0.9115691184997559,0,None,360,258,324.7119026184082,257.5026054382324,396.7319030761719,258.90983963012695,0
1,1,279.0,218.0,160.0,160.0,323.1591737270355,257.6289528608322,395.5840587615967,258.09097945690155,358.27964782714844,286.8464469909668,358.73085423519734,330.3961010983116,94.72220540046692,0,0,0,0,0,0,forward,0.12077873474938745,0.0730215483723697,-0.012644231926264007,1,229,239,0.9102497696876526,0,None,360,257,322.8273506164551,256.9848175048828,397.8337860107422,257.4927177429199,0
1,1,280.0,220.0,159.0,159.0,324.23622131347656,255.3160160779953,394.55785274505615,257.12427377700806,358.6663818359375,288.3065414428711,355.50587704307156,332.70559411299854,94.44994926452637,0,0,0,0,0,0,forward,0.08767673793216173,0.01702680565543702,0.030182234674649453,1,231,239,0.9201932549476624,0,None,358,255,323.6253662109375,254.40252685546875,393.74927520751953,256.0301971435547,0
1,1,279.0,217.0,161.0,161.0,326.6985261440277,256.60374641418457,395.0836205482483,258.19477558135986,359.14833068847656,288.402156829834,358.7331932469418,330.0205978594328,94.80836391448975,0,0,0,0,0,0,forward,0.0690770480801576,0.1081097311962583,0.001965769458825859,1,227,238,0.9199531078338623,0,None,361,256,326.28990173339844,255.68760108947754,396.00862884521484,257.3034210205078,0
1,1,280.0,220.0,160.0,160.0,323.64763259887695,258.0217605829239,395.9783101081848,258.1829649209976,360.03089904785156,287.63843536376953,357.6162900422749,331.6291026065224,95.35000324249268,0,0,0,0,0,0,forward,0.12006556618670253,0.028109850918637165,0.010263411320830005,1,228,239,0.9087663888931274,0,None,359,257,323.0196304321289,257.3127136230469,395.91497802734375,257.31944847106934,0
1,1,281.0,219.0,159.0,159.0,325.6185209751129,257.33156383037567,396.07739210128784,258.589945435524,361.35074615478516,287.55455017089844,360.48626146818464,330.3692059767874,94.95571255683899,0,0,0,0,0,0,forward,0.10087356531470683,0.01609974350422407,0.00288526972827411,1,229,239,0.9222016334533691,0,None,359,256,323.6977081298828,256.2948417663574,395.4945526123047,257.4634838104248,0
1,1,280.0,219.0,160.0,160.0,325.82483530044556,256.20110034942627,396.5543270111084,259.57828402519226,360.869140625,288.1937599182129,359.2373757613333,331.48280946831954,94.7007417678833,0,0,0,0,0,0,forward,0.10117824154589768,0.029145645923895423,0.025594821672002954,1,234,239,0.8476327657699585,0,None,360,257,325.1360511779785,255.54369163513184,395.22461700439453,258.81837272644043,0
1,1,282.0,219.0,157.0,157.0,326.9860327243805,257.01423704624176,396.0246229171753,259.3077903985977,361.54895782470703,288.0472755432129,358.7606229280171,330.6232256638376,94.3183183670044,0,0,0,0,0,0,forward,0.09510585899308403,-0.005509513900210068,0.03224279868137415,1,235,238,0.9178245663642883,0,None,360,257,326.0064468383789,256.1905345916748,395.9557800292969,258.4588851928711,0
1,1,283.0,219.0,157.0,157.0,327.5330138206482,254.9622344970703,396.7167258262634,258.7739485502243,360.6609344482422,287.47498512268066,356.8125935604698,329.38894874171206,95.32609581947327,0,0,0,0,0,0,forward,0.09637508087368656,0.041409134609396325,0.048360820252314404,1,238,239,0.905506432056427,0,None,362,255,326.8231506347656,253.9470977783203,397.4237747192383,257.7912940979004,0
1,1,283.0,218.0,156.0,156.0,326.7383551597595,258.8049477338791,395.308198928833,261.2092959880829,360.98876953125,287.65417098999023,360.1881910625257,331.2633117876555,94.67447400093079,0,0,0,0,0,0,forward,0.14280663808382896,0.017414244848085025,0.01456461165293512,1,227,238,0.92071533203125,0,None,361,259,327.0441436767578,258.2815933227539,396.70665740966797,260.7766799926758,0
1,1,282.0,221.0,161.0,161.0,325.8564591407776,259.25019085407257,396.64377212524414,259.7219681739807,362.2414779663086,289.26103591918945,359.3770860370837,331.93703902395146,94.6799635887146,0,0,0,0,0,0,forward,0.0902318364804711,-0.0067090318513650755,0.019664533516156945,1,229,239,0.934336245059967,0,None,361,258,325.9173355102539,258.56045150756836,397.7335662841797,259.01390647888184,0
1,1,284.0,219.0,154.0,154.0,326.9772267341614,258.6185073852539,394.55434560775757,259.21214640140533,360.6256103515625,288.60157012939453,359.93804329320005,331.1565896084434,95.5290675163269,0,0,0,0,0,0,forward,0.09566043938471681,0.04557513277811215,-0.0014008673301598446,1,231,239,0.9187082052230835,0,None,361,258,326.62097930908203,258.08038330078125,395.9163513183594,258.64325523376465,0
1,1,333.0,104.0,180.0,180.0,389.1526675224304,151.29497945308685,468.23129415512085,151.93681329488754,433.3266830444336,175.2989673614502,428.3718490600586,226.73449968036851,94.80047821998596,0,0,0,0,0,0,forward,0.09796099570083885,-0.00613224015333463,0.021768711901872087,1,266,240,0.8324061632156372,0,top_left,428,151,388.34271240234375,150.84747219085693,468.58131408691406,151.5824489593506,0
1,1,330.0,106.0,181.0,181.0,389.37140226364136,150.6300151348114,467.7514624595642,152.91626751422882,432.1384811401367,177.0857334136963,428.1639460513466,227.46625297947935,94.68198418617249,0,0,0,0,0,0,forward,0.06198260260337181,-0.01306111172119407,0.02688457800190059,1,272,238,0.8951874375343323,0,top_left,428,151,388.26256561279297,149.99257278442383,468.32630920410156,152.39786624908447,0
1,1,331.0,104.0,183.0,183.0,392.8460621833801,149.56597834825516,472.15622186660767,152.8702899813652,436.28990173339844,176.8985939025879,432.99660331324526,227.34946677559302,93.79439949989319,0,0,0,0,0,0,forward,0.04400220379241907,-0.03824666218563592,0.031526698402574466,1,283,238,0.8333746194839478,0,top_left,433,150,392.75022888183594,149.0647029876709,473.4318542480469,152.4452304840088,0
1,1,335.0,102.0,181.0,181.0,395.2511525154114,149.16194647550583,472.31719970703125,153.6797797679901,435.81371307373047,176.36704444885254,430.72253578587583,226.54782245033667,95.28328776359558,0,0,0,0,0,0,forward,0.08286379104898926,0.0031891348381822837,0.05578607802933558,1,281,238,0.9016003012657166,0,top_left,434,150,395.88001251220703,148.58489513397217,473.71392822265625,153.12516689300537,0
1,1,336.0,107.0,180.0,180.0,396.39440059661865,150.66934794187546,473.16333055496216,154.59743857383728,438.3235168457031,177.79164791107178,432.90828905607526,228.45864321056166,92.89594888687134,0,0,0,0,0,0,forward,0.07114881528245644,-0.03553283459342332,0.0501024388911203,1,274,238,0.904068648815155,0,top_left,434,151,395.79085540771484,149.70351219177246,473.54019927978516,153.669771194458,0
1,1,336.0,106.0,182.0,182.0,396.8700647354126,148.70436161756516,474.2557644844055,153.2933896780014,439.67479705810547,176.75970554351807,432.2489547729492,228.9880717428107,93.82040500640869,0,0,0,0,0,0,forward,0.051696215952292,-0.05762250014118836,0.06085360092064196,1,275,239,0.8778403401374817,0,top_left,434,150,395.0354995727539,147.95775604248047,474.44371032714844,152.70531177520752,0
1,1,337.0,104.0,182.0,182.0,396.3921332359314,146.36551558971405,476.33245944976807,150.82351595163345,439.3785858154297,179.21821117401123,433.48088515432255,229.88947767960397,94.2672610282898,0,0,0,0,0,0,forward,0.0011989145079736108,-0.030149653298948097,0.043747257585339094,1,274,239,0.8199743032455444,0,top_left,436,147,395.40738677978516,145.61432361602783,477.40206146240234,150.29943180084229,0
1,1,337.0,104.0,179.0,179.0,398.2560729980469,148.4942203760147,474.5194458961487,153.88358563184738,438.7499237060547,179.1311502456665,431.75438730340255,226.80506756431177,94.80693936347961,0,0,0,0,0,0,forward,0.008725135543463883,-0.02692040085868827,0.07014275756411507,1,271,239,0.8506649732589722,0,top_left,436,150,398.2427749633789,147.7115879058838,474.9454879760742,153.2107973098755,0
1,1,339.0,104.0,180.0,180.0,396.8959641456604,147.08503603935242,477.7531337738037,151.7589756846428,440.4838562011719,176.76773071289062,433.9632134688528,228.14108697991622,93.35233569145203,0,0,0,0,0,0,forward,0.04085385326392583,-0.021521792411769134,0.057772606355280164,1,283,238,0.8908016681671143,0,top_left,437,148,396.6486358642578,146.3128366470337,478.4957962036133,151.16455078125,0
1,1,332.0,102.0,187.0,187.0,397.2715210914612,146.55152946710587,478.2198667526245,150.02803355455399,440.0346374511719,176.6706418991089,434.485660352205,230.5919559378373,93.05081367492676,0,0,0,0,0,0,forward,0.022866094649440966,-0.024023145055433025,0.04651969943957745,1,281,239,0.871947169303894,0,top_left,438,147,397.5506286621094,145.930326461792,478.6539764404297,149.31075954437256,0
1,1,337.0,105.0,182.0,182.0,397.4499249458313,146.14231020212173,478.2086443901062,150.5618217587471,442.41790771484375,175.98402500152588,436.17057599519427,229.6499460621884,93.58621835708618,0,0,0,0,0,0,forward,0.023989184074793647,-0.09282668138180002,0.04350273772504334,1,282,238,0.8936432600021362,0,top_left,438,147,397.47918701171875,145.63065147399902,479.6419219970703,150.04413986206055,0
1,1,337.0,106.0,183.0,183.0,400.212562084198,145.9422817826271,481.83178901672363,151.69762015342712,444.43531036376953,179.25124168395996,436.77177228425677,229.09848614742882,94.77947354316711,0,0,0,0,0,0,forward,0.005127598243299522,-0.023800299112714304,0.06423601595425459,1,280,239,0.819694995880127,0,top_left,440,148,399.3845672607422,145.40490245819092,482.1043243408203,151.23492622375488,0
1,1,339.0,105.0,180.0,180.0,402.32792615890503,145.1383477449417,482.99721002578735,151.7571097612381,445.8992385864258,178.59910011291504,438.24480157149463,230.2176897149337,94.46497559547424,0,0,0,0,0,0,forward,0.015585603309627466,-0.059534140434716894,0.06861074238440525,1,283,238,0.8819035291671753,0,top_left,442,148,402.29176330566406,144.7997703552246,482.6195755004883,151.20596981048584,0
1,1,339.0,102.0,183.0,183.0,402.4922227859497,145.72515428066254,483.46190214157104,153.21748226881027,445.8821105957031,179.20748233795166,437.44813818680615,229.34678002407676,93.7928557395935,0,0,0,0,0,0,forward,0.002659397420373756,-0.03818011879424645,0.0838607426236946,1,287,238,0.8601080775260925,0,top_left,443,149,402.06380462646484,145.21446132659912,484.0603790283203,152.81761264801025,0
1,1,339.0,105.0,182.0,182.0,403.168523311615,146.74738347530365,482.455039024353,152.396160364151,446.98509216308594,179.20390605926514,439.3155328850997,229.6287744923642,93.67263913154602,0,0,0,0,0,0,forward,0.010641196231424687,-0.05646764548082895,0.06687184446040544,1,295,238,0.8853808045387268,0,top_left,442,149,402.03052520751953,146.32314491271973,482.2892379760742,152.0008192062378,0
1,1,341.0,104.0,180.0,180.0,404.25089597702026,147.00269490480423,482.70299196243286,153.43506038188934,447.2549057006836,177.46830940246582,438.35647783781354,229.04708862304688,93.74318718910217,0,0,0,0,0,0,forward,0.03882398399491355,-0.050962320778998524,0.08294267926618837,1,282,238,0.9119312167167664,0,top_left,443,149,403.7024841308594,146.3646183013916,483.2804718017578,152.82174396514893,0
1,1,341.0,104.0,183.0,183.0,405.83410263061523,146.04359328746796,484.8784852027893,153.2989865541458,449.5892333984375,178.844633102417,441.45578284012646,231.87404582374975,94.47093605995178,0,0,0,0,0,0,forward,0.01763980670716955,-0.10473434330821665,0.07498516458725223,1,290,238,0.8420091271400452,0,top_left,445,148,405.2251892089844,145.2892255783081,485.6837463378906,152.69907188415527,0
1,1,341.0,105.0,183.0,183.0,408.3463788032532,146.2176212668419,486.54489040374756,154.45738703012466,452.6443862915039,181.23408794403076,443.53456396805615,233.47952466262015,94.427490234375,0,0,0,0,0,0,forward,0.008338267293656958,-0.13100487113415135,0.08553357510720239,1,288,239,0.8140810132026672,0,top_left,447,149,407.9961242675781,145.63782691955566,486.9753646850586,153.88939476013184,0
1,1,343.0,108.0,182.0,182.0,413.31116676330566,146.96170896291733,489.42235231399536,155.56095242500305,457.31273651123047,184.95569229125977,447.2425480892784,235.75808173731753,94.18925642967224,0,0,0,0,0,0,forward,-0.03868308470320995,-0.21637625743227445,0.07649514481746751,1,299,239,0.7728818655014038,0,top_left,452,150,414.3166732788086,146.23059368133545,491.39808654785156,154.9535722732544,0
1,1,347.0,106.0,181.0,181.0,411.79332971572876,148.65329056978226,492.07359313964844,158.4835883975029,460.3544616699219,187.06626892089844,448.37475425318667,238.42995643615723,94.01624798774719,0,0,0,0,0,0,forward,0.0014164011737773236,-0.14635070402650166,0.08792782483868208,1,298,239,0.8152826428413391,0,top_left,451,152,410.7496337890625,147.9449701309204,492.2289276123047,157.81828594207764,0
1,1,346.0,106.0,189.0,189.0,416.968252658844,152.45459854602814,496.1736512184143,163.88654440641403,463.1720733642578,195.5385446548462,449.9205077321906,244.06825266386332,94.39395070075989,0,0,0,0,0,0,forward,-0.05745860502231237,-0.1541896511963825,0.10684537104680357,1,294,239,0.810338020324707,0,top_left,456,157,415.7715301513672,151.56478786468506,496.47801208496094,163.0562868118286,0
1,1,351.0,115.0,181.0,181.0,419.7193169593811,158.7846091389656,500.17897605895996,171.84564024209976,468.052978515625,208.53249549865723,453.9330934223376,255.03670541863693,94.46540474891663,0,0,0,0,0,0,forward,-0.10026218478626273,-0.20610875604917964,0.09743052350037344,1,315,238,0.8179771900177002,0,None,459,164,418.6251907348633,157.95337200164795,500.3857955932617,171.3572645187378,0
1,1,344.0,113.0,196.0,196.0,422.6385235786438,163.4470671415329,503.13581228256226,175.93876540660858,471.7033386230469,214.21265602111816,454.9434481169048,260.878997100027,96.69068455696106,0,0,0,0,0,0,forward,-0.11791870479561187,-0.23033673199127672,0.10903387640036596,1,296,239,0.8295186161994934,0,None,462,168,421.58717346191406,162.39336490631104,502.53856658935547,174.64795875549316,0
1,1,346.0,115.0,194.0,194.0,423.38435888290405,167.00728833675385,501.15736961364746,179.17753100395203,470.4833221435547,216.3622283935547,453.9875913921155,262.41396753411544,96.74392938613892,0,0,0,0,0,0,forward,-0.11355589603921645,-0.23846096812043588,0.11020603475675121,1,298,239,0.8416991829872131,0,None,461,172,421.2491455078125,166.2106704711914,501.7778625488281,178.60157775878906,0
1,1,351.0,115.0,184.0,184.0,422.93107509613037,163.75962048768997,501.0220241546631,176.49255126714706,471.0743713378906,212.73236274719238,453.39164533113177,256.84264785365053,96.35642170906067,0,0,0,0,0,0,forward,-0.11677164768171432,-0.2520359333644454,0.10800400396638792,1,299,239,0.782219409942627,1,bottom_left,461,169,421.3154296875,162.85631847381592,502.335693359375,175.9456958770752,0
1,1,346.0,115.0,190.0,190.0,418.237521648407,160.73477178812027,496.5044641494751,174.55176383256912,464.12670135498047,206.79466724395752,448.8409082513106,254.2620187056692,96.46338224411011,0,0,0,0,0,0,forward,-0.0645119407391199,-0.20435119080897043,0.1297496545659341,1,297,239,0.8032450675964355,0,None,457,166,417.2024230957031,159.79715251922607,496.80503845214844,173.83197212219238,0
1,1,345.0,114.0,186.0,186.0,416.7173671722412,156.85281425714493,494.6073889732361,166.93964838981628,463.6602020263672,201.3431739807129,448.88620276200146,249.55266124323794,96.59082293510437,0,0,0,0,0,0,forward,-0.06837958674775975,-0.21528724927765705,0.09926396565344371,1,298,239,0.8010682463645935,0,None,455,161,416.0855255126953,156.1688747406006,495.2176284790039,166.26998805999756,0
1,1,345.0,110.0,184.0,184.0,410.27520179748535,151.83923363685608,491.7821979522705,159.95461463928223,461.8158721923828,193.22393417358398,450.24241397255344,240.03548120197496,93.9407467842102,0,0,0,0,0,0,forward,-0.05320372171792192,-0.161145387293995,0.053836760331091534,1,296,238,0.7653195858001709,0,top_left,450,154,409.31163024902344,150.89406967163086,492.1156768798828,159.03070163726807,0
1,1,344.0,107.0,182.0,182.0,411.1966800689697,148.32831412553787,489.89949464797974,157.80187636613846,459.51263427734375,186.48568153381348,447.491165964227,233.84358908000746,93.45905184745789,0,0,0,0,0,0,forward,-0.01682839992922907,-0.15558805903483441,0.08368671906495008,1,293,239,0.799807608127594,0,top_left,450,152,410.8005599975586,147.35850048065186,490.1822280883789,156.99832820892334,0
1,1,344.0,111.0,174.0,174.0,408.4612822532654,145.3226101398468,487.0845437049866,155.64547061920166,454.6016311645508,181.20245933532715,444.7179834466231,227.9768221001876,92.63755679130554,0,0,0,0,0,0,forward,0.03156579064240518,-0.10936336344425569,0.09048308072282958,1,294,239,0.7567161321640015,0,top_left,447,149,407.0525817871094,144.19323062896729,487.09937286376953,154.79805278778076,0
1,1,341.0,104.0,181.0,181.0,405.45604944229126,145.17458885908127,486.7737293243408,152.82343447208405,452.32704162597656,180.13216495513916,442.1371198955335,226.32969730778746,93.52730512619019,0,0,0,0,0,0,forward,-0.0016813290708817803,-0.07267499342514581,0.0774411178130567,1,313,238,0.8562169075012207,0,top_left,445,148,403.98960876464844,144.49414157867432,487.3265609741211,152.4672975540161,0
1,1,346.0,108.0,176.0,176.0,409.9398112297058,144.14809942245483,488.5428309440613,152.63151437044144,455.52024841308594,179.49585914611816,447.0411240427118,226.15473295512953,93.82282495498657,0,0,0,0,0,0,forward,0.005508995145368527,-0.1059113958119057,0.06927349391383109,1,288,239,0.8143347501754761,0,top_left,449,147,408.7882385253906,143.25405406951904,489.4856643676758,152.152193069458,0
1,1,349.0,105.0,180.0,180.0,412.9457926750183,144.10736113786697,491.7807674407959,155.10850936174393,459.1301727294922,178.9323091506958,444.9340217991879,233.48771170565956,94.83106136322021,0,0,0,0,0,0,forward,0.04092445760948736,-0.14589062862916438,0.1268395698472355,1,294,238,0.7889230847358704,0,top_left,451,148,410.9775619506836,143.25646305084229,492.2701950073242,154.67330646514893,0
1,1,350.0,106.0,175.0,175.0,415.9431481361389,144.10907596349716,492.8241038322449,154.47638601064682,461.40201568603516,178.55143547058105,444.281284934596,231.5450153852764,94.50414776802063,0,0,0,0,0,0,forward,0.017431987547737334,-0.1570811788217368,0.1369573442732057,1,313,238,0.795593798160553,0,top_left,453,148,414.2873077392578,142.99747467041016,493.66939544677734,153.72631359100342,0
1,1,350.0,104.0,181.0,181.0,418.01453828811646,142.49619215726852,495.6207036972046,154.99507158994675,466.46629333496094,179.57731246948242,449.96877369127776,232.19733238220215,93.71384382247925,0,0,0,0,0,0,forward,0.01427968987150018,-0.22377977624338868,0.12857725159733804,1,297,239,0.8066832423210144,0,top_left,456,147,416.58069610595703,141.2811985015869,495.8964157104492,154.1658525466919,0
1,1,352.0,105.0,177.0,177.0,419.4507384300232,143.14529210329056,499.61076498031616,155.16404807567596,470.4869079589844,177.2451639175415,453.40105357923005,230.37890534651908,95.23890018463135,0,0,0,0,0,0,forward,0.06857696632571748,-0.15460602433755952,0.1369113167193986,1,312,238,0.8413102030754089,0,top_left,458,148,416.8620071411133,142.094575881958,499.4021682739258,154.45904445648193,0
1,1,354.0,104.0,176.0,176.0,425.81382274627686,142.6728093624115,499.786319732666,153.36047172546387,472.8239059448242,178.18063259124756,456.08517897756474,231.1402190359015,95.4544186592102,0,0,0,0,0,0,forward,0.019700051771926384,-0.22263913065619464,0.11949377281424652,1,301,239,0.7582275867462158,0,top_left,462,147,425.44960021972656,142.13994884490967,500.23130798339844,152.92371654510498,0
1,1,355.0,104.0,177.0,177.0,420.71930408477783,141.90254241228104,500.35927295684814,153.08575630187988,472.69588470458984,175.89763641357422,458.33979957982115,228.76370731152986,94.98560428619385,0,0,0,0,0,0,forward,0.06369801736298444,-0.20013155740098415,0.10441780969312522,1,292,239,0.8039621710777283,0,top_left,459,146,419.20858001708984,140.7960720062256,500.37913513183594,152.33237171173096,0
1,1,356.0,103.0,176.0,176.0,421.53408765792847,140.63498944044113,499.80854988098145,153.38350743055344,472.0267868041992,172.97531604766846,457.2067702443976,226.45485501540335,95.34518122673035,0,0,0,0,0,0,forward,0.09705603949758415,-0.18395104580639288,0.12865365242184293,1,313,238,0.8428237438201904,0,top_left,459,146,418.53453063964844,139.62643432617188,499.705322265625,152.7467794418335,0
1,1,353.0,102.0,174.0,174.0,418.1157922744751,139.8761424422264,497.002694606781,150.02282559871674,468.4913635253906,170.9314727783203,456.25152186343547,223.29243082749215,95.05136609077454,0,0,0,0,0,0,forward,0.08116650357270917,-0.1757817079967385,0.09832925126266463,1,302,239,0.7498137354850769,0,top_left,456,144,416.20751953125,138.95626831054688,497.0976104736328,149.49597358703613,0
1,1,351.0,101.0,174.0,174.0,415.7604122161865,133.38461101055145,492.1240448951721,143.68974655866623,464.6382141113281,158.78960609436035,451.8717896310907,216.55695413288316,94.03181076049805,0,0,0,0,0,0,forward,0.1467661702570472,-0.17782405843768886,0.11464245961399239,1,302,238,0.8899407982826233,0,top_left,452,137,412.92779541015625,132.32230281829834,492.3477249145508,143.1724977493286,0
1,1,348.0,97.0,174.0,174.0,409.36269998550415,129.58233654499054,486.7227554321289,138.35700631141663,455.35701751708984,148.5769271850586,443.5920153166118,207.06787536018774,92.84820556640625,0,0,0,0,0,0,forward,0.20341984329681423,-0.0791771402204174,0.11821607917136351,1,286,238,0.9241849780082703,0,top_left,447,133,407.29857635498047,128.68134212493896,487.43790435791016,137.9245147705078,0
1,1,350.0,100.0,168.0,168.0,408.0023121833801,128.3421814441681,483.33208560943604,135.89902013540268,454.3722152709961,143.71562004089355,443.9695137425473,201.10219528800562,93.11554431915283,0,0,0,0,0,0,forward,0.22426322848321417,-0.1007974149304966,0.10367879323045526,1,273,238,0.934059202671051,0,top_left,444,131,405.57755279541016,127.66236877441406,483.98475646972656,135.58948516845703,0
1,1,352.0,101.0,163.0,163.0,409.2317795753479,127.14704006910324,483.42857599258423,136.0866442322731,451.6427993774414,144.91151332855225,445.0329730385228,191.2861708590859,93.09179782867432,0,0,0,0,0,0,forward,0.19270935889774488,-0.07657434550552993,0.09633449611684416,1,279,238,0.9136685132980347,0,top_left,445,131,407.81822204589844,126.4469633102417,483.57102966308594,135.6064624786377,0
1,1,356.0,100.0,166.0,166.0,412.4516701698303,128.57738614082336,486.75084352493286,135.86677193641663,457.75840759277344,140.58261394500732,447.98174406352797,200.87113305142051,93.82251501083374,0,0,0,0,0,0,down,0.27684730102913485,-0.07281820610509906,0.10416921468254212,1,281,238,0.9340320229530334,0,top_left,449,131,410.4258728027344,128.0720443725586,487.9160919189453,135.7902889251709,0
1,1,358.0,103.0,163.0,163.0,413.6433982849121,129.63996917009354,488.4467315673828,138.12575072050095,458.45176696777344,143.56707572937012,449.16643243086963,200.6753811083342,93.39224100112915,0,0,0,0,0,0,down,0.28565554146235267,-0.045817396209699796,0.11836924723348545,1,288,238,0.9191716909408569,0,top_left,451,133,412.62164306640625,129.14162063598633,490.0310974121094,137.73365020751953,0
1,1,359.0,103.0,164.0,164.0,416.19348764419556,130.06464064121246,491.2879800796509,138.97067427635193,462.23175048828125,143.93720626831055,452.7267355667917,201.55370461313348,93.93516778945923,0,0,0,0,0,0,down,0.27791545898863196,-0.07448601589883103,0.11408442089935919,1,302,238,0.9075337648391724,0,top_left,453,134,414.74151611328125,129.4419651031494,492.81158447265625,138.70238971710205,0
1,1,363.0,104.0,161.0,161.0,417.630615234375,129.53705728054047,493.3903384208679,140.01888155937195,463.2357406616211,146.44839763641357,452.4521657040245,204.12437965995386,94.02227401733398,0,0,0,0,0,0,forward,0.2531386459828882,-0.07367210796935787,0.1363133630459759,1,295,238,0.9292839169502258,0,top_left,455,134,416.02398681640625,128.9442844390869,495.8391342163086,139.8411569595337,0
1,1,361.0,102.0,164.0,164.0,420.2835416793823,130.54549366235733,494.4081473350525,139.6754014492035,464.18418884277344,147.79213428497314,453.51348274632505,205.19380142814234,94.77815628051758,0,0,0,0,0,0,forward,0.2246005316433687,-0.0659710282239611,0.12576095394142775,1,313,238,0.8855569362640381,0,top_left,457,134,418.8193817138672,129.99652576446533,495.27093505859375,139.5276460647583,0
1,1,360.0,95.0,173.0,173.0,420.2145504951477,132.8488102555275,496.28432750701904,141.68820977210999,466.0095977783203,150.3153133392334,454.487170169228,206.75759817424574,94.82321739196777,0,0,0,0,0,0,forward,0.25438615707058504,-0.04127588226834386,0.12666900446625134,1,299,238,0.9276571869850159,0,top_left,456,136,417.6734848022461,131.97877407073975,495.58909606933594,140.95517921447754,0
1,1,355.0,95.0,177.0,177.0,420.18489599227905,131.89581245183945,496.31468057632446,142.49289125204086,465.8127212524414,149.06946659088135,456.49098446494656,206.61235834422865,95.15337944030762,0,0,0,0,0,0,down,0.2678744456182196,-0.06433623958737544,0.12874367980973236,1,296,238,0.8983423709869385,0,top_left,457,136,418.51629638671875,131.11334323883057,496.2292251586914,142.05147171020508,0
1,1,360.0,101.0,165.0,165.0,419.3318843841553,129.88372832536697,494.307336807251,140.6435564160347,462.9956817626953,147.35604286193848,453.34069101434005,201.9180995539615,94.25118565559387,0,0,0,0,0,0,forward,0.23184541329566116,-0.047388527444472715,0.13789566544641355,1,307,238,0.8837229013442993,0,top_left,455,135,416.5196838378906,129.35749053955078,494.79280853271484,140.71065044403076,0
1,1,356.0,97.0,170.0,170.0,419.7175908088684,131.47948622703552,493.2630491256714,139.90457385778427,465.09822845458984,144.8280143737793,453.3508782637747,201.418265292519,92.4409031867981,0,0,0,0,0,0,down,0.26553288648613044,-0.06329436568974259,0.12957353905509836,1,297,238,0.8862035870552063,0,top_left,455,134,418.7760543823242,130.66017150878906,493.2098159790039,139.25421810150146,0
1,1,360.0,101.0,165.0,165.0,421.52658700942993,130.9586924314499,492.57264375686646,141.40872091054916,465.9816360473633,148.422589302063,452.95299329255755,206.4084600147448,94.16632056236267,0,0,0,0,0,0,forward,0.2205866890415475,-0.11864136381522652,0.14467584006141754,1,305,238,0.8829996585845947,0,top_left,456,135,420.2317428588867,130.2582778930664,493.5735778808594,141.1131362915039,0
1,1,357.0,104.0,164.0,164.0,417.41342067718506,132.70806938409805,491.694438457489,144.04611378908157,462.6716613769531,149.62544918060303,448.0305802194696,207.19803759926245,93.74410510063171,0,0,0,0,0,0,forward,0.25614192391060714,-0.06490015208384066,0.16411714787761758,1,310,238,0.9087479710578918,0,top_left,453,137,415.73411560058594,131.7499122619629,492.1323928833008,143.46642208099365,0
1,1,356.0,102.0,168.0,168.0,417.0628571510315,132.15391516685486,492.8928756713867,143.2572278380394,460.96240997314453,151.96545124053955,449.28191737124797,208.5394455257215,95.30969262123108,0,0,0,0,0,0,forward,0.21854014538990385,-0.03714695705761547,0.15075186275776714,1,293,239,0.9216716289520264,0,top_left,455,137,416.02149200439453,131.4909210205078,494.09668731689453,142.9824743270874,0
1,1,359.0,104.0,162.0,162.0,416.01561307907104,132.831369638443,490.5379247665405,143.6786538362503,459.28165435791016,155.43002128601074,449.24950248316713,204.25404197291323,92.81578660011292,0,0,0,0,0,0,forward,0.1786316475261896,-0.06805282146952729,0.13333950545234224,1,291,238,0.929132342338562,0,top_left,452,137,414.66979217529297,131.54739475250244,491.0216827392578,143.07331466674805,0
1,1,355.0,98.0,172.0,172.0,414.623486995697,132.35012769699097,491.4111590385437,142.31886059045792,459.98462677001953,151.16435050964355,448.45564992804276,208.3663656837062,94.81021761894226,0,0,0,0,0,0,forward,0.21880368070887832,-0.06391336476687848,0.13346795222308835,1,300,238,0.8763159513473511,0,top_left,451,137,412.16735076904297,131.89557552337646,491.6241683959961,142.23118114471436,0
1,1,358.0,103.0,164.0,164.0,415.07396936416626,134.33670490980148,490.6712770462036,144.04494613409042,458.5106658935547,151.067533493042,446.8227225855777,206.88987757030287,94.6478009223938,0,0,0,0,0,0,forward,0.2431615105140276,-0.004646146818932121,0.14339006776051103,1,287,238,0.9245070219039917,0,top_left,452,138,414.1710891723633,133.75911712646484,491.19667053222656,143.75377750396729,0
1,1,357.0,102.0,168.0,168.0,416.1129426956177,134.10715341567993,491.53509616851807,144.17560905218124,459.1603088378906,153.14513683319092,447.9334238955849,210.34304568642065,95.7324206829071,0,0,0,0,0,0,forward,0.20079042541708467,-0.03865481267957642,0.14123038047226205,1,300,238,0.9009070992469788,0,top_left,453,138,413.9690704345703,133.42450618743896,492.52955627441406,144.021746635437,0
1,1,354.0,104.0,168.0,168.0,416.1725401878357,135.53078770637512,490.853796005249,145.03297716379166,460.6608581542969,154.94195938110352,447.37945355867083,209.96992688429984,93.50959062576294,0,0,0,0,0,0,forward,0.2039029727647585,-0.060966678838722387,0.1419088081927307,1,313,238,0.8664010763168335,0,top_left,453,139,414.71337890625,134.93236827850342,491.71549224853516,144.70595741271973,0
1,1,357.0,103.0,168.0,168.0,418.2159972190857,134.522063434124,492.6477575302124,144.08958792686462,462.4782943725586,152.57052898406982,450.8410985846269,209.84416911476538,96.14764451980591,0,0,0,0,0,0,forward,0.2069494667374489,-0.06896039316610612,0.13634097718426483,1,306,238,0.903499960899353,0,top_left,455,138,416.6878967285156,133.75868225097656,493.7985610961914,143.792893409729,0
1,1,355.0,103.0,169.0,169.0,417.1117568016052,133.97260040044785,491.6907262802124,145.08924186229706,458.8304138183594,155.73695182800293,447.7582891363847,211.3819297991301,94.27797198295593,0,0,0,0,0,0,forward,0.1942978916320159,-0.041199140191109394,0.14924021812703273,1,308,238,0.9030374884605408,0,top_left,454,139,415.74376678466797,133.29494762420654,493.2327880859375,145.00505447387695,0
1,1,353.0,102.0,172.0,172.0,412.95137643814087,135.79746633768082,491.0414433479309,144.88121151924133,458.5475540161133,155.13765335083008,448.23070526123047,208.22406066091438,91.73036813735962,0,0,0,0,0,0,forward,0.20714830590424108,-0.048739412898270176,0.11930495913610309,1,290,238,0.910763680934906,0,top_left,451,139,411.1196975708008,134.62087154388428,491.3498764038086,144.34047317504883,0
1,1,355.0,104.0,169.0,169.0,414.9726128578186,136.10034853219986,490.4327893257141,146.3626652956009,460.7621765136719,156.54653549194336,449.2856075889186,210.34619205876402,92.70970821380615,0,0,0,0,0,0,forward,0.20177030093323534,-0.08857362739267514,0.13384996512907793,1,308,238,0.8870267868041992,0,top_left,451,140,412.9628372192383,135.49673652648926,490.93743896484375,146.19590663909912,0
1,1,353.0,103.0,170.0,170.0,413.1139922142029,133.58357548713684,488.33547830581665,143.5777723789215,458.14605712890625,153.4998893737793,448.3076416818719,209.20755536932694,94.96299028396606,0,0,0,0,0,0,forward,0.19672858968526608,-0.10912903589703424,0.12202820058942818,1,294,238,0.8983144164085388,0,top_left,449,138,410.97460174560547,132.81927680969238,488.9776840209961,143.3608045578003,0
1,1,350.0,102.0,170.0,170.0,411.97786808013916,135.1527053117752,487.6136374473572,145.61892539262772,454.6147155761719,156.89033031463623,443.4284812525699,209.44928018670333,93.10047626495361,0,0,0,0,0,0,forward,0.16383911725488431,-0.0428734985841952,0.14064006271093712,1,280,238,0.9338617324829102,0,top_left,448,139,409.5331726074219,134.21157932281494,488.1760559082031,145.16017627716064,0
1,1,350.0,101.0,171.0,171.0,412.12947607040405,135.39391458034515,488.5034728050232,146.5145480632782,454.96131896972656,157.93009757995605,443.2806737799394,211.16510792782432,93.11681389808655,0,0,0,0,0,0,forward,0.1919398703601109,-0.02895536222409227,0.14714573786461957,1,282,238,0.908948540687561,0,top_left,450,140,411.5420227050781,134.82673358917236,489.9974060058594,146.45904064178467,0
1,1,355.0,105.0,165.0,165.0,411.2023425102234,135.65477281808853,488.6223316192627,146.84096306562424,456.20532989501953,155.81219673156738,444.01940596731083,211.16587965111984,94.75502967834473,0,0,0,0,0,0,forward,0.24658326967549954,-0.03243994916221779,0.15004854231131487,1,303,238,0.860609233379364,0,top_left,449,141,409.6225814819336,135.1957426071167,490.12994384765625,146.85619640350342,0
1,1,352.0,103.0,169.0,169.0,411.8287467956543,135.97177416086197,486.6056156158447,146.30802780389786,452.98622131347656,156.88430786132812,443.3695040251079,209.67944044815866,93.89529228210449,0,0,0,0,0,0,forward,0.18442169322124222,-0.03949783053716291,0.13416874470710963,1,306,238,0.9139386415481567,0,top_left,448,140,410.4466781616211,134.82885646820068,487.0242385864258,145.59004497528076,0
1,1,225.0,128.0,156.0,156.0,269.9595546722412,162.36617267131805,339.6405839920044,158.1014084815979,313.5120391845703,181.96370601654053,313.24833217420075,236.5686825702065,92.31476783752441,0,0,0,0,0,0,forward,0.1045908219599199,-0.28475578154503056,-0.06824147237826081,1,219,237,0.7730622291564941,0,top_left,304,159,268.6105155944824,161.89667987823486,339.9475326538086,157.4915256500244,0
1,1,222.0,120.0,166.0,166.0,274.9499809741974,156.18651688098907,344.4935178756714,152.20310926437378,318.2961654663086,172.51141548156738,316.95832202309055,233.07401606911108,92.05809831619263,0,0,0,0,0,0,forward,0.12230839630062144,-0.31083391326001575,-0.0592159862913949,1,230,239,0.7340782880783081,0,top_left,309,154,274.8920555114746,156.0483856201172,345.0731658935547,152.01775646209717,0
1,1,224.0,115.0,170.0,170.0,277.25881934165955,152.26271778345108,346.96681022644043,149.83671694993973,319.3389892578125,165.94310760498047,317.0298787167198,229.90563944766396,91.06888175010681,0,0,0,0,0,0,forward,0.19283477670156746,-0.21490479518935449,-0.028297587948586476,1,206,238,0.7293358445167542,0,top_left,312,151,276.4951858520508,152.361102104187,348.01058197021484,149.68750762939453,0
1,1,226.0,114.0,161.0,161.0,277.7627623081207,150.10505855083466,346.82504892349243,147.6149144768715,320.1885223388672,164.83723640441895,318.2522161383378,223.61857991469535,92.48561263084412,0,0,0,0,0,0,forward,0.15958598657517828,-0.28599321233525465,-0.03310801494893979,1,210,239,0.7400849461555481,0,top_left,312,148,276.53188705444336,150.00665473937988,347.6311569213867,147.28735828399658,0
1,1,227.0,114.0,168.0,168.0,277.46007442474365,149.04096007347107,347.18941926956177,146.57058835029602,316.5453338623047,162.67333030700684,316.367264797813,221.808947512978,90.00955820083618,0,0,0,0,0,0,forward,0.1779439602513262,-0.1571764197471293,-0.035800965021545825,1,205,240,0.8041483163833618,0,top_left,311,147,275.0103302001953,148.97579383850098,347.8913803100586,146.239520072937,0
1,1,232.0,119.0,162.0,162.0,278.9047157764435,149.38782066106796,346.72465085983276,148.70855122804642,317.25330352783203,166.3414764404297,316.9513993514212,224.83191414883262,88.05290460586548,0,0,0,0,0,0,forward,0.16811453427706174,-0.19891485699647948,-0.025517127905153113,1,207,240,0.7369964718818665,0,top_left,312,148,278.357852935791,149.17269802093506,347.50891876220703,148.3896188735962,0
1,1,231.0,116.0,162.0,162.0,279.12513732910156,154.2653015255928,349.7769236564636,152.88847893476486,319.97501373291016,176.28247261047363,319.12009590550474,232.427269032127,90.07319211959839,0,0,0,0,0,0,forward,0.10812514534340988,-0.2409446838136973,-0.026677810664200004,1,208,239,0.7078765034675598,0,top_left,314,153,278.5912055969238,154.03229427337646,350.76221466064453,152.50588130950928,0
1,1,229.0,124.0,168.0,168.0,283.2907009124756,156.53617054224014,353.52014780044556,158.3552286028862,325.92864990234375,184.04140949249268,320.7998817845395,242.52803225266305,92.61073470115662,0,0,0,0,0,0,left,0.0483251320915793,-0.40777796317266607,0.009842369420367453,1,214,242,0.6878176331520081,0,top_left,318,157,282.3269729614258,156.30262756347656,353.8505325317383,157.98064613342285,0
1,1,232.0,124.0,164.0,164.0,286.3627767562866,160.8327305316925,355.70794105529785,161.56489223241806,327.2658920288086,189.54504489898682,322.2515166433234,244.29609323802748,92.13192462921143,0,0,0,0,0,0,left,0.011310641590781828,-0.3651382730972045,-0.0035306681232334155,1,209,240,0.7133838534355164,0,top_left,321,160,285.84809494018555,159.99206256866455,356.23463439941406,160.63156127929688,0
1,1,227.0,127.0,172.0,172.0,286.14574551582336,167.75584638118744,356.1486482620239,165.65855383872986,328.69876861572266,199.04248237609863,322.5996850666247,256.33169776514956,90.3265118598938,0,0,0,0,0,0,left,-0.006230281442692648,-0.3648847805590694,-0.012213058726721342,1,209,240,0.75589519739151,0,top_left,321,166,286.11088943481445,167.33173084259033,357.67564392089844,164.96213150024414,0
1,1,225.0,132.0,174.0,174.0,288.9445447921753,171.3627701997757,358.3763384819031,173.21216493844986,328.1287384033203,206.2401294708252,320.52607285348995,258.97235719781173,95.5914855003357,0,0,0,0,0,0,forward,0.005195099289111047,-0.25050032657691873,0.032459382304410256,1,212,242,0.6933760046958923,0,top_left,323,171,287.83327865600586,170.8632001876831,359.18257904052734,172.94500637054443,0
1,1,222.0,127.0,181.0,181.0,288.28505277633667,172.3087602853775,360.034499168396,174.99819785356522,328.4687805175781,207.86484718322754,319.7219236273515,260.3549329858077,93.93177032470703,0,0,0,0,0,0,forward,0.019352444878588938,-0.20636151548118314,0.04210499763400155,1,210,242,0.7677679657936096,0,top_left,324,173,286.87457275390625,171.94144535064697,361.1670837402344,174.90154266357422,0
1,1,226.0,130.0,170.0,170.0,286.3998591899872,173.83029609918594,359.6008062362671,175.3827667236328,328.64025115966797,204.18638706207275,321.2723802265368,259.320603169893,94.94999647140503,0,0,0,0,0,0,forward,0.11106028855931692,-0.1606014857851256,0.027113826559083495,1,210,240,0.7306147217750549,0,top_left,323,173,285.6224365234375,173.10793018341064,360.7146759033203,174.71692371368408,0
1,1,227.0,128.0,179.0,179.0,289.97578620910645,168.58203917741776,362.6281404495239,169.477079808712,334.1011428833008,198.14406394958496,323.7280323630885,257.78629001818206,94.33684945106506,0,0,0,0,0,0,forward,0.08664149308514578,-0.23449715324203074,0.03966667842995366,1,212,242,0.7269359827041626,0,top_left,324,168,286.56204986572266,168.17495155334473,363.3813934326172,169.19510078430176,0
1,1,230.0,129.0,176.0,176.0,292.21773982048035,167.27857410907745,363.52670669555664,169.4352087378502,335.03379821777344,198.05076599121094,326.7264044912238,256.8366532576712,94.67133283615112,0,0,0,0,0,0,forward,0.07332952375040379,-0.2764308881018612,0.0369152431550776,1,217,242,0.6895946264266968,0,top_left,327,168,291.014347076416,166.88168048858643,364.69566345214844,169.21464729309082,0
1,1,236.0,129.0,167.0,167.0,296.4823508262634,166.56915217638016,367.86434412002563,168.80451321601868,338.4242248535156,195.8428430557251,329.1210897345292,250.52125679819207,93.29402446746826,0,0,0,0,0,0,forward,0.050368998746906764,-0.2511306091897677,0.04078053107641623,1,214,241,0.6741358637809753,0,top_left,331,166,294.06045150756836,165.795804977417,369.72520446777344,168.08504676818848,0
1,1,237.0,134.0,166.0,166.0,296.59101128578186,165.97746402025223,368.16930770874023,167.10583090782166,341.63963317871094,194.44005489349365,331.1336386831183,251.96078727119848,94.25516724586487,0,0,0,0,0,0,forward,0.0657935133794232,-0.31592460174798376,0.030227256451815357,1,228,241,0.6184021830558777,0,top_left,331,165,294.340763092041,165.19909000396729,369.01861572265625,166.38834285736084,0
1,1,241.0,132.0,161.0,161.0,297.4462914466858,165.36175400018692,368.1999635696411,168.04615527391434,341.4079284667969,195.14219284057617,331.241118782445,249.81401041934365,95.40987610816956,0,0,0,0,0,0,forward,0.0591225161126584,-0.2945924947958802,0.04003542750813799,1,226,241,0.5888458490371704,0,top_left,332,166,295.48302459716797,164.70717430114746,368.77886962890625,167.64048671722412,0
1,1,239.0,130.0,165.0,165.0,295.31996846199036,164.48927521705627,365.8905863761902,166.0301998257637,339.69425201416016,191.50747776031494,331.1473444888466,247.91424600701583,93.93371939659119,0,0,0,0,0,0,forward,0.08373201920056267,-0.3065485956280147,0.023956696491704108,1,226,240,0.59516841173172,0,top_left,330,164,293.59947967529297,163.9965534210205,366.8676223754883,165.49271392822266,0
1,1,238.0,129.0,167.0,167.0,298.1242620944977,161.87101989984512,367.4200367927551,165.00815838575363,342.3331069946289,190.83088874816895,331.1792393734581,247.19705230311342,93.68113875389099,0,0,0,0,0,0,forward,0.07488304613574415,-0.3263339132593798,0.05148620871793289,1,212,239,0.5444031357765198,0,top_left,332,162,296.69260025024414,161.38765811920166,369.0412292480469,164.43468475341797,0
1,1,240.0,129.0,163.0,163.0,296.8901562690735,159.43713337183,364.21894788742065,164.9059957265854,340.2239990234375,189.7263765335083,330.920208378842,247.18723447699296,93.99260878562927,0,0,0,0,0,0,left,0.07888214129014604,-0.41082056716117193,0.05027501799567083,0,0,0,0,0,top_left,329,161,294.7940902709961,158.80432033538818,364.1448287963867,164.4798059463501,0
1,1,239.0,126.0,163.0,163.0,295.76467633247375,159.6979397535324,363.1813907623291,162.8389897942543,337.52269744873047,185.74639320373535,328.9141534504138,239.7111819919787,93.91723871231079,0,0,0,0,0,0,forward,0.08508995532913044,-0.33077596492061,0.049490991869177,1,209,240,0.7076609134674072,0,top_left,329,160,294.8908004760742,158.88653755187988,364.6468505859375,161.81791877746582,0
1,1,242.0,129.0,154.0,154.0,297.28756189346313,158.79322797060013,363.8999676704407,164.09125953912735,336.8463134765625,185.15862464904785,327.5256458081697,237.62349956914,90.85595607757568,0,0,0,0,0,0,forward,0.08746905965085609,-0.31567931018031403,0.0738255331426116,1,214,242,0.7618841528892517,0,top_left,331,160,295.814022064209,157.7489891052246,366.4576644897461,163.50414276123047,0
1,1,240.0,130.0,154.0,154.0,295.28054118156433,157.0460745692253,361.98089361190796,162.73461788892746,336.80320739746094,185.10480880737305,326.81034088134766,240.57642158709075,93.74086856842041,0,0,0,0,0,0,left,0.08124497805508407,-0.36633226605028446,0.06763987655162408,1,209,240,0.7776196002960205,0,top_left,328,159,293.40538787841797,156.2516326904297,363.1434783935547,162.25473976135254,0
1,1,236.0,127.0,159.0,159.0,296.67266845703125,156.22702717781067,360.537474155426,161.66659712791443,335.97007751464844,183.70808601379395,323.8282534950658,238.07030853472259,91.58205986022949,0,0,0,0,0,0,left,0.06555332833512752,-0.37871025730767605,0.08838014536743763,1,214,241,0.5746625065803528,0,top_left,328,158,295.65797424316406,155.59348583221436,361.30667877197266,161.18362712860107,0
1,1,226.0,123.0,174.0,174.0,290.01256704330444,156.64942860603333,357.63099431991577,159.85261917114258,331.435546875,181.1661672592163,320.6967444168894,240.11815271879496,94.23384070396423,0,0,0,0,0,0,forward,0.11047640758515015,-0.31593369123939474,0.06207370755354017,1,210,240,0.7543824911117554,0,top_left,323,157,288.1335563659668,156.27017211914062,358.84191131591797,159.52003383636475,0
1,1,224.0,123.0,173.0,173.0,286.02758407592773,156.96905493736267,353.81073236465454,158.92798840999603,329.6880340576172,178.1802463531494,320.5438041687012,239.8113260771099,94.98810172080994,0,0,0,0,0,0,forward,0.15478963216395888,-0.33472269748010874,0.04256533187651668,1,207,240,0.7173098921775818,0,top_left,318,157,283.34579849243164,156.61987495422363,353.34934997558594,158.7562551498413,0
1,1,222.0,123.0,172.0,172.0,282.57360458374023,155.43870985507965,351.4700698852539,156.86276882886887,324.4102478027344,178.91813278198242,317.6480172809802,239.5071880440963,94.27798390388489,0,0,0,0,0,0,forward,0.12784959841429247,-0.3198450815997037,0.027403108586575547,1,217,241,0.5228344798088074,0,top_left,317,155,281.0956916809082,155.1181812286377,353.42969512939453,156.305757522583,0
1,1,222.0,124.0,169.0,169.0,281.88599586486816,154.78192627429962,350.4388451576233,156.1750030517578,324.24095153808594,176.52488708496094,318.44406529476765,237.40442426581131,93.60711574554443,0,0,0,0,0,0,forward,0.14660546777353606,-0.3133837238483292,0.017592530531912766,0,0,0,0,0,top_left,315,155,280.0084228515625,154.29382038116455,351.4580383300781,155.76064682006836,0
1,1,225.0,122.0,165.0,165.0,282.8532600402832,152.6356002688408,350.6200098991394,154.3140023946762,326.51206970214844,174.1482639312744,320.294478567023,234.68378493660376,91.6602611541748,0,0,0,0,0,0,left,0.12884414603447114,-0.35779877576904057,0.011378296976682451,1,208,239,0.5791724324226379,0,top_left,316,153,281.3207015991211,152.1983814239502,351.4355773925781,153.82602310180664,0
1,1,226.0,120.0,159.0,159.0,285.67724108695984,151.0838484764099,353.17318201065063,153.39136004447937,330.27366638183594,174.55349922180176,321.233313711066,234.56418589541786,89.62968587875366,0,0,0,0,0,0,left,0.08656252779712895,-0.4117392308909987,0.021702886410737064,1,202,239,0.5863321423530579,0,top_left,319,151,284.3341827392578,150.46134853363037,353.87705993652344,152.76703548431396,0
1,1,225.0,116.0,165.0,165.0,283.7900960445404,151.97967320680618,351.4167523384094,150.39211928844452,328.1349563598633,171.23451232910156,321.3513093245657,232.82301852577612,89.0138566493988,0,0,0,0,0,0,left,0.09987076428368293,-0.3720060834543474,-0.012561547312382649,1,227,241,0.6940000057220459,0,top_left,316,150,281.37855529785156,151.26026058197021,351.9985809326172,149.48466682434082,0
1,1,224.0,116.0,169.0,169.0,282.9568886756897,150.53871005773544,352.45585680007935,151.82132989168167,327.4447250366211,167.77359008789062,319.55400968852797,231.7010397660105,91.16899967193604,0,0,0,0,0,0,forward,0.18540295344475105,-0.2894598753424684,0.02441322906159582,1,210,239,0.5329694747924805,0,top_left,316,150,280.9622039794922,150.24948120117188,352.8031921386719,151.41268157958984,0
1,1,226.0,116.0,168.0,168.0,282.3771929740906,149.8771521449089,350.5800747871399,149.3261495232582,326.3808822631836,168.50176334381104,320.30554821616727,227.73569433312667,91.82915687561035,0,0,0,0,0,0,forward,0.1659753891950505,-0.27056261193743497,-0.003115147890630185,0,0,0,0,0,top_left,315,148,280.74842071533203,149.3778419494629,350.61134338378906,148.53976249694824,0
1,1,224.0,116.0,170.0,170.0,280.44573307037354,152.14383155107498,351.3274884223938,151.79447203874588,325.87913513183594,171.74953937530518,321.66793622468646,226.13162191290604,91.73566102981567,0,0,0,0,0,0,forward,0.16721925914432934,-0.2608618178410645,-0.02234022134415509,0,0,0,0,0,top_left,314,150,277.92817306518555,151.1541624069214,351.8842086791992,150.75429153442383,0
1,1,223.0,113.0,169.0,169.0,281.5976405143738,154.3985617160797,349.6521496772766,152.5922879576683,323.2185363769531,175.7882022857666,319.57813463712995,226.5845459385922,91.80097579956055,0,0,0,0,0,0,forward,0.12371542872554266,-0.20955063143331124,-0.037691272327308456,0,0,0,0,0,top_left,315,153,279.83884048461914,154.08665657043457,350.5027542114258,152.03014469146729,0
1,1,220.0,121.0,170.0,170.0,281.8809127807617,159.85280692577362,347.8864526748657,158.35467159748077,322.9419708251953,181.89923286437988,319.72191358867445,231.9024234069021,94.92692351341248,0,0,0,0,0,0,forward,0.11871723874035958,-0.2342498840283804,-0.03584295447955848,1,198,238,0.5351473689079285,0,top_left,314,158,281.787654876709,159.62796592712402,347.25108337402344,157.85400295257568,0
1,1,223.0,124.0,164.0,164.0,281.9289016723633,161.11622661352158,348.18254709243774,158.74719500541687,324.3161392211914,184.02527332305908,321.0470310010408,233.69436264038086,93.82023811340332,0,0,0,0,0,0,forward,0.06919787505320409,-0.29958195103232743,-0.0469967318762899,1,199,239,0.5973407030105591,0,top_left,313,159,279.8102226257324,160.7843198776245,347.8936309814453,158.20430374145508,0
1,1,222.0,126.0,168.0,168.0,280.96147656440735,160.72596698999405,348.9496684074402,160.2325478196144,323.6803436279297,186.3566493988037,319.0579605102539,236.74206583123458,95.0328528881073,0,0,0,0,0,0,forward,0.0682113406160631,-0.2916716489920569,-0.023327642923091543,1,201,239,0.5831766724586487,0,top_left,315,159,280.3753242492676,160.1120367050171,350.13243865966797,159.55080699920654,0
1,1,223.0,126.0,166.0,166.0,282.0771527290344,160.3589102625847,351.2108325958252,160.9694543480873,323.4929656982422,187.40017890930176,321.1610894454153,236.2057173879523,95.52050828933716,0,0,0,0,0,0,forward,0.08392483753752988,-0.22385270606681404,-0.026932792822554844,1,206,238,0.5771217942237854,0,top_left,317,159,281.3639831542969,159.3506097793579,352.7430419921875,159.97714519500732,0
1,1,224.0,126.0,166.0,166.0,281.8760883808136,161.9422084093094,350.6760501861572,161.7478197813034,326.08123779296875,187.3876190185547,321.4889245284231,237.06458443089537,94.87746357917786,0,0,0,0,0,0,forward,0.07841314811056715,-0.2969023028934245,-0.023220548567121052,1,226,241,0.5340369939804077,0,top_left,316,161,281.3952751159668,161.2375202178955,351.26832580566406,160.90490627288818,0
1,1,224.0,129.0,166.0,166.0,281.9619941711426,162.03989624977112,349.9360466003418,161.93451941013336,324.24083709716797,188.7777328491211,318.317457500257,241.59852429440147,95.53869366645813,0,0,0,0,0,0,forward,0.049141570960406826,-0.3349035793963594,-0.009797644122290896,1,206,240,0.6084077954292297,0,top_left,316,161,280.4939880371094,161.6555585861206,351.63008880615234,161.42603588104248,0
1,1,221.0,126.0,171.0,171.0,280.66152334213257,163.39143365621567,350.7478165626526,161.83490753173828,323.7422180175781,193.3341121673584,317.26814771953383,246.14202449196264,93.28983426094055,0,0,0,0,0,0,left,-0.009805392272528413,-0.36425699829717856,-0.014714242550480277,1,221,241,0.6275033354759216,0,top_left,316,161,279.52025604248047,162.76270866394043,352.63240814208984,160.9130859375,0
1,1,221.0,127.0,169.0,169.0,282.8381848335266,164.94179338216782,351.6288900375366,164.45004880428314,325.3799057006836,193.37422370910645,317.71933605796414,247.3120187458239,93.3260440826416,0,0,0,0,0,0,left,-0.004334361638522762,-0.3767314660515338,-0.005763986496820364,1,209,240,0.6362338066101074,0,top_left,317,164,282.03126525878906,164.68241500854492,352.64369201660156,164.05308437347412,0
1,1,221.0,128.0,168.0,168.0,280.9845745563507,166.74816817045212,351.7496395111084,164.49120998382568,325.17223358154297,195.42634963989258,316.85625578227797,248.66972471538344,93.62196922302246,0,0,0,0,0,0,left,-0.03605494366164152,-0.3912532708387232,-0.016878590189329308,1,207,240,0.6475687623023987,0,top_left,315,165,279.52929306030273,166.35889434814453,352.3897247314453,163.89277839660645,0
1,1,221.0,129.0,168.0,168.0,280.8302855491638,167.16988116502762,350.35471200942993,164.37638461589813,324.09427642822266,195.78815460205078,318.03350247834857,247.3609663310804,92.66089797019958,0,0,0,0,0,0,forward,-0.019306164897840487,-0.3395990498180799,-0.026586978702688658,1,216,241,0.6538000702857971,0,top_left,315,165,279.38846588134766,166.8801326751709,351.67452239990234,163.7900104522705,0
1,1,221.0,128.0,169.0,169.0,281.3128674030304,166.76697671413422,350.15934705734253,165.9629863500595,324.9477767944336,196.14761352539062,318.01724986026164,247.7107918889899,93.46522688865662,0,0,0,0,0,0,left,-0.03282970171990454,-0.4140876539261964,-0.01893076731083999,1,208,240,0.657066822052002,0,top_left,315,165,279.7521553039551,166.20508575439453,350.80741119384766,165.25797271728516,0
1,1,224.0,129.0,163.0,163.0,280.7332468032837,166.56598716974258,352.05172538757324,165.5028721690178,323.7767791748047,195.472412109375,319.4971265290913,241.80978072317023,93.18431615829468,0,0,0,0,0,0,forward,-0.018753328953269244,-0.2660384653557815,-0.028632310956449487,1,215,240,0.6801577210426331,0,top_left,315,165,279.16028213500977,166.02811431884766,352.6376419067383,164.85943222045898,0
1,1,224.0,128.0,163.0,163.0,280.1358902454376,167.38452047109604,352.0803666114807,166.64946287870407,321.69532775878906,195.05172729492188,317.37257706491573,238.2027046304,94.04481053352356,0,0,0,0,0,0,forward,0.018604272066993794,-0.14308575206990912,-0.015298274369452778,1,204,240,0.5992964506149292,0,top_left,316,166,278.90352630615234,166.75081729888916,353.15914154052734,166.0657196044922,0
1,1,224.0,126.0,164.0,164.0,280.1106321811676,167.90407866239548,350.4212737083435,167.20326393842697,322.07313537597656,197.53549575805664,317.3180590177837,238.7239973168624,93.10048818588257,0,0,0,0,0,0,forward,-0.05043180693233656,-0.22611183111970143,-0.027549572296611986,1,205,240,0.636250913143158,0,top_left,315,166,279.3460388183594,167.07726287841797,351.03871154785156,166.3064832687378,0
1,1,222.0,126.0,170.0,170.0,281.54112100601196,169.8908418416977,352.1736168861389,169.10025984048843,323.4400939941406,200.59636116027832,318.45416821931536,240.58652777420846,95.65364122390747,0,0,0,0,0,0,forward,-0.08488180922156663,-0.24235313798532868,-0.026292775721222048,1,205,239,0.6289504766464233,0,top_left,316,169,280.2138862609863,169.45916175842285,352.39550018310547,168.58807182312012,0
1,1,222.0,128.0,166.0,166.0,282.41315364837646,171.97484225034714,348.089394569397,171.44942432641983,322.6359558105469,201.0549545288086,318.79323457416734,241.10871114228902,93.8991129398346,0,0,0,0,0,0,forward,-0.02813025948718017,-0.26759708804911525,-0.03573779750433174,1,208,240,0.6587483286857605,0,top_left,315,171,282.65715408325195,171.4891233444214,347.6889877319336,170.60622310638428,0
1,1,223.0,133.0,164.0,164.0,275.6340527534485,175.49593180418015,343.99274826049805,171.78878277540207,316.0919952392578,201.98919296264648,314.97454191509047,241.73184645803352,95.26452422142029,0,0,0,0,0,0,forward,-0.029307513230208478,-0.16895820251571134,-0.07890034958510347,1,204,239,0.7155115604400635,0,top_left,309,173,275.1699676513672,175.02751350402832,344.1798324584961,171.07149410247803,0
1,1,221.0,135.0,162.0,162.0,263.693950176239,176.23752057552338,335.014488697052,167.25372523069382,305.6399154663086,201.3677215576172,310.3251929032175,243.6059550235146,95.04086375236511,0,0,0,0,0,0,forward,-0.019809729377992486,-0.07557372495815368,-0.14943233041133064,1,199,240,0.7556365132331848,0,None,298,171,262.7159996032715,175.6362705230713,334.9511032104492,166.52328872680664,0
1,1,214.0,136.0,165.0,165.0,252.27269291877747,185.05476862192154,322.8778147697449,169.98595476150513,295.51307678222656,212.02962398529053,303.46356843647203,251.00981561761154,94.41118836402893,1,0.6439822912216187,0.9990885853767395,0,0,1,forward,-0.1261473372795077,-0.03159063304186343,-0.2224844158372772,1,194,241,0.6737039685249329,0,None,286,176,250.88749313354492,184.48378658294678,323.0821189880371,169.1072072982788,0
1,1,209.0,135.0,164.0,164.0,250.96053957939148,188.2308143377304,320.9910726547241,170.80372720956802,291.86153411865234,212.18032836914062,302.0359621549907,251.4550841482062,94.41672563552856,0,0,0,0,0,0,forward,-0.09443571046303621,0.04854844431043354,-0.24768241759315698,1,192,241,0.6513980031013489,0,top_right,287,178,251.13810348510742,187.69799137115479,322.9652290344238,169.80517101287842,0
1,1,207.0,137.0,164.0,164.0,246.3687777519226,188.53260308504105,316.94125294685364,169.3266025185585,289.61816787719727,212.1577262878418,301.2112025210732,250.68380205254806,94.74769234657288,0,0,0,0,0,0,forward,-0.11868312901067693,0.052088182892220024,-0.28070519910426495,1,192,241,0.617536723613739,0,None,281,178,246.02898788452148,187.95921421051025,317.9300956726074,168.2922821044922,0
1,1,205.0,139.0,163.0,163.0,243.5075867176056,191.89184457063675,313.0156636238098,171.62798523902893,286.6241455078125,211.9312334060669,299.06647029675935,251.4349869677895,95.63831686973572,0,0,0,0,0,0,forward,-0.07047973468226272,0.008824294180162812,-0.3066138534045456,1,192,242,0.6874024868011475,0,None,278,181,242.99385452270508,191.69704341888428,313.4002914428711,171.168231010437,0
1,1,199.0,139.0,166.0,166.0,239.34797048568726,192.50537395477295,310.7712185382843,170.6326460838318,282.4500274658203,214.54645156860352,296.3814133091977,253.3953757035105,95.46603560447693,0,0,0,0,0,0,forward,-0.11797595744665963,0.08545719292579426,-0.30461167068144557,1,191,241,0.6979039907455444,0,None,275,180,239.25439453125,192.04781341552734,311.93177795410156,169.79912853240967,0
1,1,199.0,139.0,165.0,165.0,239.21942710876465,191.4483466744423,306.6728138923645,170.1327207684517,280.0137710571289,212.82896518707275,294.35909271240234,252.6318883895874,96.52717113494873,0,0,0,0,0,0,forward,-0.07012237920574257,0.09106137797134145,-0.3139962351566574,1,190,241,0.7141789793968201,0,top_right,273,180,239.47455978393555,190.87223625183105,307.1194305419922,169.45945072174072,0
1,1,201.0,139.0,162.0,162.0,239.73873496055603,191.2167665362358,305.9759283065796,170.89573949575424,280.73137283325195,213.90336513519287,294.429729863217,251.4800285038195,95.37345767021179,0,0,0,0,0,0,forward,-0.10857025177354598,0.09542986911729934,-0.31373238296003925,1,188,241,0.5830098986625671,0,None,272,180,239.53753280639648,190.7717170715332,305.7568893432617,170.42798709869385,0
1,1,205.0,142.0,159.0,159.0,242.79154419898987,193.03390234708786,308.692467212677,172.80092775821686,283.34381103515625,213.17885398864746,296.84973666542453,250.88153337177476,95.52981853485107,0,0,0,0,0,0,forward,-0.07378007861599405,0.050577350354100825,-0.32164737204996674,1,189,242,0.7882604002952576,0,top_right,275,181,242.66780853271484,192.13949489593506,309.2368812561035,171.80408477783203,0
1,1,206.0,142.0,159.0,159.0,242.1705687046051,190.91083824634552,308.3198392391205,170.252006649971,282.49162673950195,212.99663543701172,295.6237170570775,251.87896653225548,95.24722695350647,0,0,0,0,0,0,forward,-0.0925888730025617,0.08495636817751201,-0.3045604866401661,1,191,241,0.6847102642059326,0,top_right,275,179,242.15728378295898,190.2738447189331,308.47093200683594,169.4188814163208,0
1,1,209.0,140.0,155.0,155.0,241.49526953697205,190.3845575451851,309.5576310157776,169.17317658662796,284.98817443847656,213.67196559906006,298.0655660127339,251.33323694530287,94.83500123023987,0,0,0,0,0,0,forward,-0.14014382543979714,0.05251350958116218,-0.31641260376900465,1,191,240,0.6953480839729309,0,None,275,179,241.30453491210938,189.7794828414917,309.5708541870117,168.48809623718262,0
1,1,201.0,138.0,166.0,166.0,241.04081749916077,190.79955250024796,311.9955635070801,169.0480050444603,282.76851654052734,212.5302028656006,296.1980408116391,250.43368841472426,94.42442059516907,1,0.5785937309265137,1.005993127822876,0,0,1,forward,-0.11743220136287097,0.0986843960808314,-0.29591559709607845,1,188,241,0.6822429299354553,0,None,277,178,240.37770462036133,190.19733238220215,313.7084045410156,167.67442417144775,0
1,1,205.0,139.0,160.0,160.0,239.0198850631714,189.79359358549118,309.599244594574,167.1859136223793,281.1616516113281,210.74556827545166,295.3324087042558,249.62208095349763,96.60484194755554,1,0.5615983605384827,1.0092930793762207,0,0,1,forward,-0.09657160572799996,0.09743548984665354,-0.31075108982341776,1,190,241,0.7098512053489685,0,top_right,274,177,238.76527404785156,189.17327785491943,311.04686737060547,165.84508323669434,0
1,1,201.0,138.0,163.0,163.0,238.86517643928528,189.90164458751678,309.5559597015381,168.09127181768417,280.90904235839844,211.6338014602661,294.106771569503,249.49873096064516,95.5287218093872,0,0,0,0,0,0,forward,-0.12462096740249426,0.09367300772169336,-0.29618030347366614,1,191,241,0.7315053939819336,0,None,275,177,238.88581085205078,189.00373649597168,311.43988037109375,166.6207981109619,0
1,1,201.0,139.0,165.0,165.0,241.57073140144348,189.8444876074791,306.5955424308777,168.71694266796112,280.2526664733887,210.1453685760498,294.6916248923854,248.67251722436202,96.34323120117188,1,0.5638301968574524,1.0039973258972168,0,0,1,forward,-0.0794666305560509,0.14047425494751425,-0.3188466640100776,1,189,241,0.6726672649383545,0,None,274,178,242.3000030517578,189.0807123184204,306.8602828979492,168.0835361480713,0
1,1,201.0,138.0,163.0,163.0,238.64893794059753,192.0257306098938,306.6444265842438,171.0197952389717,279.27785873413086,213.40270042419434,294.5833457143683,250.63623980471962,95.00733613967896,0,0,0,0,0,0,forward,-0.1089737821394862,0.12857614969890002,-0.3175754317401151,1,189,241,0.6456314325332642,0,None,273,180,239.06997680664062,191.22116661071777,308.29795837402344,169.82787322998047,0
1,1,202.0,138.0,161.0,161.0,238.2099151611328,190.27526557445526,306.3286852836609,168.59138309955597,278.29280853271484,212.05854892730713,292.17694834658977,248.14701883416427,94.96915936470032,0,0,0,0,0,0,forward,-0.14455720109652825,0.11639670943051518,-0.3070194271978562,1,188,241,0.7311901450157166,0,None,273,178,238.5822868347168,189.96588134765625,308.2451171875,167.80345630645752,0
1,1,221.0,130.0,173.0,173.0,272.68842339515686,179.4707813858986,343.7714195251465,171.47978872060776,311.8965530395508,204.2713737487793,314.86099142777294,248.1110459879825,94.98571157455444,0,0,0,0,0,0,forward,0.005569418467480522,-0.0257426878669037,-0.10900691417013765,1,207,240,0.6836167573928833,0,None,308,174,272.5567169189453,178.9412326812744,344.28981018066406,170.8817539215088,0
1,1,223.0,132.0,168.0,168.0,271.589457988739,180.10091543197632,343.7570595741272,172.2565171122551,311.1066436767578,203.35610389709473,314.2381437201249,246.579909324646,93.52684617042542,0,0,0,0,0,0,forward,0.025066036488276988,-0.03020031778092621,-0.11417172237174723,1,208,240,0.6521095633506775,0,None,306,175,270.28814697265625,179.1708698272705,343.34459686279297,171.2327184677124,0
1,1,223.0,134.0,168.0,168.0,272.0911645889282,179.87057715654373,342.2863221168518,171.56007170677185,310.7438087463379,205.97308158874512,314.7143785577071,248.36840629577637,94.33799386024475,0,0,0,0,0,0,forward,-0.03184021188660587,-0.005878022551084744,-0.12158099158110117,1,209,240,0.616428017616272,0,None,306,174,271.69462966918945,179.03308296203613,341.7668151855469,170.67752838134766,0
1,1,223.0,132.0,169.0,169.0,272.6651883125305,178.95118653774261,343.532395362854,171.70766294002533,311.42370223999023,202.88809776306152,315.0508117675781,245.6911573911968,95.39339542388916,0,0,0,0,0,0,forward,0.012179004103063013,-0.030655863613693844,-0.11679979761785682,1,208,240,0.6372392177581787,0,None,308,174,272.9142074584961,178.11236000061035,343.60890197753906,171.13898277282715,0
1,1,222.0,131.0,168.0,168.0,271.51116371154785,176.09071880578995,344.97169733047485,169.34890151023865,310.18680572509766,202.1425437927246,315.291583412572,245.7825429815995,94.88711953163147,0,0,0,0,0,0,forward,-0.006338644303066733,0.03713724479317594,-0.11071708465606933,1,208,240,0.6375147104263306,0,None,308,171,272.13428497314453,175.17101097106934,345.50230407714844,168.47812843322754,0
1,1,224.0,132.0,168.0,168.0,271.5472197532654,176.6113355755806,344.7212553024292,167.81577944755554,310.68824768066406,201.66987419128418,314.60031409012646,244.30326461791992,93.6090886592865,0,0,0,0,0,0,forward,-0.01731247481385037,0.02479777064752211,-0.11756206210485903,1,208,240,0.651292085647583,0,None,309,171,271.5609474182129,175.81540203094482,346.4510040283203,166.73240089416504,0
1,1,223.0,131.0,167.0,167.0,270.64465403556824,176.36017262935638,343.440158367157,167.6995450258255,310.7238006591797,201.04817390441895,315.2645582901804,244.6864881013569,93.42582821846008,0,0,0,0,0,0,forward,-0.009243110020953783,-0.018400273939414256,-0.12751664747531857,1,207,240,0.599359393119812,0,None,307,171,270.9809799194336,175.70986461639404,344.0704574584961,166.90019989013672,0
1,1,223.0,127.0,170.0,170.0,269.37464118003845,176.95912957191467,344.78434801101685,167.28447049856186,309.8044967651367,201.29691123962402,314.81057418020146,244.22983571102745,94.62664127349854,0,0,0,0,0,0,forward,-0.02034088467722832,0.02901734451813316,-0.12977725566536114,1,208,240,0.6302686333656311,0,None,307,171,269.996883392334,176.10964965820312,345.81578826904297,166.32756328582764,0
1,1,222.0,133.0,170.0,170.0,269.3345379829407,175.88569790124893,343.8080596923828,167.85893976688385,308.49720001220703,202.21332550048828,314.2770566438374,244.97355335637144,94.76441144943237,0,0,0,0,0,0,forward,-0.029464663524940208,0.03912980156703275,-0.12121225537073851,1,207,239,0.6962470412254333,0,None,306,171,269.2552070617676,175.1411647796631,344.51122283935547,166.9509687423706,0
1,1,224.0,132.0,168.0,168.0,269.47038888931274,175.6633785367012,343.825101852417,165.9883189201355,309.4969177246094,201.13134384155273,314.0416918302837,244.5553704311973,93.85964274406433,0,0,0,0,0,0,forward,-0.02842105517206406,0.01698367381358147,-0.12902333115289336,1,208,240,0.6498477458953857,0,None,306,169,268.7083206176758,174.8984727859497,344.74212646484375,164.9524269104004,0
1,1,222.0,132.0,169.0,169.0,269.77277517318726,177.8475120663643,342.61507987976074,168.69840502738953,308.91109466552734,201.79603099822998,313.8105894389905,244.47227352543882,94.76945400238037,0,0,0,0,0,0,forward,-0.009034959701345966,0.026951624446621695,-0.1267383058025952,1,207,240,0.6512390971183777,0,None,307,172,270.0186424255371,177.41887092590332,344.21056365966797,168.0385036468506,0
1,1,223.0,133.0,167.0,167.0,268.8643181324005,178.291654586792,341.814603805542,168.40245455503464,307.8514099121094,202.39906311035156,312.8356501930638,244.86543153461656,94.44433450698853,0,0,0,0,0,0,forward,-0.010063565256401516,0.03699519312630314,-0.12950898302385003,1,207,240,0.6827531456947327,0,None,305,173,268.8558921813965,178.02602577209473,341.73374938964844,168.10626411437988,0
1,1,223.0,132.0,169.0,169.0,265.6394362449646,179.7177556157112,339.0665650367737,167.89715588092804,307.1247100830078,204.23526763916016,312.6224668402421,247.9645013809204,94.58717107772827,0,0,0,0,0,0,forward,-0.018469500660320968,-0.008323099774837021,-0.1521837844437517,1,207,240,0.7038641571998596,0,None,301,173,264.33399200439453,179.44037532806396,338.2723159790039,167.41889476776123,0
1,1,224.0,133.0,167.0,167.0,270.8028781414032,177.16751396656036,340.5507826805115,167.8742954134941,307.71263122558594,201.51989936828613,313.2192892777292,249.29501935055382,94.09963488578796,0,0,0,0,0,0,forward,0.023698122079002355,0.05712184629805628,-0.13271809810441162,1,213,241,0.6852211356163025,0,top_right,306,171,271.49583435058594,176.35113716125488,341.5626678466797,167.1236743927002,0
1,1,218.0,128.0,176.0,176.0,269.7152769565582,178.15634429454803,342.02282905578613,169.49872970581055,309.6226501464844,204.00569915771484,314.4871089332982,251.38184647811087,95.9217369556427,0,0,0,0,0,0,forward,0.0020890213430625653,-0.020694013649207425,-0.12480598159666008,1,208,240,0.5456809997558594,0,None,305,173,268.2671546936035,177.67648315429688,342.6230239868164,168.76175022125244,0
1,1,220.0,129.0,175.0,175.0,270.5487620830536,178.62858831882477,342.85595178604126,169.28411096334457,309.65465545654297,201.4410924911499,313.51693504735044,252.51661551626106,94.97207403182983,0,0,0,0,0,0,forward,0.064537161324534,0.01593094061174455,-0.11838709194088191,1,207,239,0.5457350611686707,0,None,306,173,269.61774826049805,178.62281799316406,343.66800689697266,168.93956565856934,0
1,1,220.0,132.0,174.0,174.0,275.74212074279785,180.210183262825,343.8083505630493,169.36498492956161,313.41190338134766,199.50210571289062,318.47790768272,252.6816799766139,94.65426206588745,0,0,0,0,0,0,forward,0.10301443855607982,-0.02440352226176613,-0.13992868084238447,1,207,240,0.7690639495849609,0,None,310,174,276.0939712524414,179.9611701965332,344.5433044433594,168.78428649902344,0
1,1,218.0,130.0,178.0,178.0,271.97827100753784,175.80136477947235,344.5671248435974,164.98482316732407,314.2018508911133,199.8449420928955,318.7499829342491,254.3818940614399,94.80082988739014,0,0,0,0,0,0,forward,0.04543944887774743,-0.11596950632204676,-0.1353313425160259,1,208,241,0.5891502499580383,0,top_left,308,169,270.7262153625488,175.44104862213135,345.3770294189453,164.21240615844727,0
1,1,213.0,129.0,179.0,179.0,267.00254559516907,175.17149537801743,336.54984951019287,164.38158720731735,310.0341796875,200.6432819366455,315.38564983167146,252.57248978865775,95.89358568191528,0,0,0,0,0,0,forward,0.010009840371313255,-0.2505985478215015,-0.15572529433648205,1,201,239,0.7276324033737183,0,top_left,301,169,266.8414497375488,174.6698455810547,336.65406036376953,163.7083225250244,0
1,1,207.0,135.0,173.0,173.0,251.95276975631714,182.15904146432877,324.66926097869873,165.91733872890472,292.5313949584961,204.26748275756836,303.127498626709,254.3595283909848,95.05298137664795,0,0,0,0,0,0,forward,0.024093303429790644,0.06386270123117883,-0.21826892800304887,1,197,241,0.5115858316421509,0,top_right,288,173,251.0911636352539,181.90171337127686,326.43861389160156,165.00745010375977,0
1,1,200.0,140.0,164.0,164.0,236.99997663497925,187.59771287441254,307.4857831001282,169.00270968675613,276.62654876708984,208.40267658233643,290.3911550421464,256.0086686987626,95.59699892997742,0,0,0,0,0,0,forward,0.009635929059697948,0.10509413285841983,-0.2650619574552097,1,190,241,0.6969902515411377,0,top_right,273,177,236.95525741577148,187.09500217437744,309.36695861816406,167.88314723968506,0
1,1,200.0,141.0,155.0,155.0,230.77011108398438,188.47450643777847,298.42591166496277,166.56473994255066,267.5529479980469,206.57512664794922,282.7575623361688,251.02042925985236,94.46043372154236,0,0,0,0,0,0,forward,0.007985977860979302,0.17231238070316848,-0.3024257195362349,1,190,241,0.5576640963554382,0,top_right,265,176,229.71923446655273,188.21261501312256,300.3248519897461,165.53468227386475,0
1,1,200.0,144.0,153.0,153.0,226.11173152923584,187.09004491567612,295.23934602737427,163.13414990901947,260.99803924560547,202.4562692642212,278.12463860762745,248.2440895783274,93.98810863494873,0,0,0,0,0,0,forward,0.06598896751081973,0.20016174892366087,-0.31097037958960094,1,188,240,0.7362605333328247,0,top_right,262,174,226.6627426147461,186.34232425689697,297.84069061279297,161.7351951599121,0
1,1,197.0,144.0,150.0,150.0,226.07455372810364,191.4926889538765,290.71741580963135,166.70173555612564,258.2838821411133,205.34993648529053,274.2495888157895,249.71476680354067,95.46565413475037,0,0,0,0,0,0,forward,0.07323932934932491,0.23936402762463513,-0.3222960115121641,1,190,239,0.6411638259887695,0,top_right,259,178,226.18844604492188,191.38968086242676,292.18198013305664,166.24410724639893,0
1,1,198.0,146.0,151.0,151.0,224.28237080574036,195.93565553426743,289.1351079940796,171.18182212114334,258.04115295410156,212.60464668273926,274.3613594456723,253.9915556656687,93.82839798927307,0,0,0,0,0,0,forward,0.03052952121567268,0.23416648394291903,-0.32356286138424684,1,187,239,0.7002090811729431,0,top_right,257,182,224.39348220825195,195.34346294403076,289.7469253540039,169.95287132263184,0
1,1,198.0,150.0,160.0,160.0,227.67594933509827,200.90551257133484,294.84861612319946,173.58346313238144,263.02345275878906,214.747953414917,281.90666600277547,259.03915154306515,92.91940927505493,0,0,0,0,0,0,forward,0.056396041922275375,0.19210649801767724,-0.3614178432485563,1,190,240,0.6723510026931763,0,top_right,260,186,226.72978973388672,200.9747200012207,294.8916320800781,173.01461505889893,0
1,1,204.0,147.0,158.0,158.0,233.44963192939758,198.5301312804222,300.7953178882599,171.89909845590591,269.7636032104492,211.11338138580322,287.17999809666685,255.30373221949526,95.19392848014832,0,0,0,0,0,0,forward,0.08311646581549233,0.13626640536823711,-0.3516939188745808,1,190,239,0.6764875054359436,0,top_right,267,184,233.5171775817871,198.45472812652588,301.5895767211914,171.28373908996582,0
1,1,203.0,144.0,162.0,162.0,234.28386211395264,200.754976272583,305.95496892929077,173.999844789505,274.0669250488281,212.19683647155762,290.93159123470906,255.3079665334601,95.71242332458496,0,0,0,0,0,0,forward,0.0977479791049939,0.07928371783666109,-0.34641899819372557,1,191,241,0.652911365032196,0,top_right,270,187,233.6202392578125,200.71694469451904,306.8440475463867,173.42864227294922,0
1,1,202.0,149.0,158.0,158.0,236.29234910011292,205.2331978082657,308.1827402114868,178.17228019237518,277.8607940673828,218.1164789199829,294.52583814922133,257.8786423331813,94.75361704826355,1,0,0,0.2556646168231964,0.8549754023551941,1,forward,0.05882502209411917,0.04026232548764317,-0.367913045627201,1,188,241,0.7063217759132385,0,top_right,272,191,235.99260330200195,205.0487995147705,308.97743225097656,177.59896659851074,0
1,1,197.0,156.0,167.0,167.0,238.24442505836487,219.57297563552856,309.19461727142334,192.29787200689316,285.7862854003906,243.0417823791504,300.75486434133427,278.73378301921645,93.89969110488892,1,0,0,0.25372886657714844,0.9078020453453064,1,forward,-0.19174398433616827,0.05901120573427559,-0.3733617633345456,1,188,241,0.7077141404151917,0,None,272,205,236.7738914489746,219.47719860076904,308.89991760253906,191.68595123291016,0
1,1,197.0,162.0,170.0,170.0,240.35128712654114,230.55079847574234,312.4104976654053,208.71703147888184,289.3141174316406,261.69490814208984,302.4311778419896,295.062437559429,94.19017434120178,0,0,0,0,0,0,forward,-0.24509081908551733,0.07757051737399175,-0.32853034670643455,1,187,241,0.5940713882446289,0,None,276,218,240.37292861938477,229.83717441558838,312.33253479003906,208.15413665771484,0
1,1,184.0,169.0,179.0,179.0,232.69113659858704,246.8099820613861,308.7553286552429,221.55429393053055,285.87120056152344,282.6833438873291,298.1267427143298,311.30129663567794,95.82428932189941,1,0,0,0.18865077197551727,1.0440526008605957,1,None,-0.35243216626314205,0.05179077106082591,-0.33126961617429734,1,186,240,0.7601313591003418,0,None,268,234,229.18637466430664,247.344331741333,306.8468933105469,221.5700511932373,0
1,1,182.0,183.0,179.0,179.0,226.21682167053223,265.6153070926666,300.8175778388977,235.77413767576218,279.2255401611328,301.67959213256836,295.3664237574527,329.5060067427786,95.01824378967285,0,0,0,0,0,0,None,-0.2995592322336751,0.13027534799684715,-0.37266816011098813,1,184,241,0.7269777655601501,1,bottom_right,262,250,223.90220260620117,266.0470561981201,300.4756317138672,235.72766304016113,0
1,1,182.0,195.0,171.0,171.0,221.05772614479065,275.8789265155792,294.6068787574768,246.80890649557114,273.7227249145508,312.68062591552734,291.5175668816817,336.22340403105085,94.38993334770203,0,0,0,0,0,0,None,-0.3357849418823082,0.16199076818099464,-0.3829702192766626,1,181,239,0.5459660887718201,1,bottom_right,256,260,219.31650924682617,275.4558963775635,294.6754150390625,245.76975345611572,0
1,1,181.0,198.0,171.0,171.0,221.30500435829163,279.01445031166077,293.8810205459595,252.00413346290588,271.92928314208984,318.5903263092041,285.9491187647769,343.03801285593136,95.78055143356323,0,0,0,0,0,0,None,-0.3287124308369339,0.1107958034582284,-0.3460497792309234,1,181,240,0.5834922194480896,1,bottom_right,256,265,219.63518905639648,278.72474670410156,293.16717529296875,251.67909049987793,0
1,1,186.0,199.0,170.0,170.0,225.5651295185089,281.42713129520416,299.2913317680359,251.69086575508118,278.20627212524414,317.18539237976074,293.35444299798263,341.7732238769531,93.96045207977295,0,0,0,0,0,0,None,-0.34798253616710784,0.10285490055526778,-0.3797109409624952,1,184,240,0.6115551590919495,0,None,260,266,222.6438446044922,281.9993076324463,299.2596435546875,251.40756797790527,0
1,1,189.0,197.0,171.0,171.0,230.5547797679901,276.7097210884094,305.5950093269348,247.73556232452393,287.26802825927734,317.801456451416,298.11392131604646,338.2054379111842,93.51685643196106,0,0,0,0,0,0,None,-0.43317509987731645,0.04455468107683202,-0.3643649087500558,1,185,240,0.6584008932113647,1,bottom_left,266,261,227.79508590698242,276.8610191345215,305.60498046875,246.97207832336426,0
1,1,191.0,195.0,178.0,178.0,249.0935480594635,282.14201509952545,318.48077297210693,248.13434600830078,307.8974151611328,315.02354621887207,318.8957776521382,337.7683052263762,91.96924567222595,1,0,0,0.23420000076293945,0.9684005975723267,1,None,-0.36116923869151857,-0.06731567675622992,-0.4550823698348465,1,188,240,0.6246625185012817,1,bottom_left,283,264,249.31950759887695,281.21253776550293,317.9440155029297,247.39643096923828,0
1,1,193.0,203.0,180.0,180.0,255.47938466072083,289.6695327758789,326.6499865055084,251.43344700336456,320.88138580322266,318.53673934936523,324.3895801744963,340.6081761811909,89.112788438797,1,0,0,0.2793847620487213,0.9880967140197754,1,None,-0.4594975536370464,-0.1975627212799053,-0.48273535874645884,1,198,238,0.5236445069313049,1,bottom_left,292,269,257.57794189453125,288.380521774292,328.1500549316406,249.773775100708,0
1,1,207.0,210.0,167.0,167.0,259.0483248233795,291.751429438591,330.45801877975464,254.69914734363556,323.1255340576172,320.55925369262695,329.2425848308362,344.82804047433956,89.46411609649658,1,0,0,0.2664719521999359,0.9876039624214172,1,None,-0.39853763691444166,-0.15234968619911354,-0.4781335958188772,1,196,238,0.5530456304550171,1,bottom_left,293,272,257.2975730895996,291.19057273864746,330.4763870239258,253.28162384033203,0
1,1,209.0,205.0,171.0,171.0,264.96556758880615,283.36256325244904,334.5300030708313,249.7116780281067,330.7689666748047,315.8593940734863,336.3541201541298,338.6041139301501,89.49494361877441,1,0,0,0.2846328616142273,0.9682105779647827,1,None,-0.37223307853670556,-0.12332289430302446,-0.471386425305527,1,198,239,0.6791563630104065,1,bottom_left,298,265,262.70430755615234,282.23818588256836,333.67195892333984,247.96113395690918,0
1,1,203.0,202.0,179.0,179.0,268.9501202106476,283.167627453804,339.4502830505371,245.1870283484459,336.62330627441406,316.2385082244873,343.62540496023075,338.19366856625203,84.73739624023438,1,0,0,0.30385759472846985,0.9908244609832764,1,None,-0.5324361764323127,0.018592776429301926,0.5011641445794796,1,199,239,0.7088556885719299,1,bottom_left,303,262,267.06978607177734,282.4357738494873,339.39693450927734,243.11528205871582,0
1,1,202.0,207.0,180.0,180.0,266.44412994384766,289.12509977817535,339.46322202682495,256.19802832603455,332.75760650634766,318.2064628601074,336.1330273276881,344.8439402329294,88.89851570129395,1,0,0,0.30989059805870056,0.9953762292861938,1,None,-0.36043327972248307,-0.20536627907198574,-0.450205756652824,1,198,238,0.667725145816803,1,bottom_left,301,271,264.88078689575195,287.96030044555664,338.90118408203125,254.8260154724121,0
1,1,206.0,209.0,176.0,176.0,263.48602652549744,287.6911783218384,339.1958284378052,248.7169262766838,333.1986999511719,324.45276260375977,339.90981152183133,347.5534644879793,88.71532678604126,1,0,0,0.3177731931209564,0.9927316904067993,1,None,-0.3960730138693205,-0.13000628747784782,-0.4742666484032539,1,199,239,0.6739132404327393,1,bottom_left,300,266,260.6391944885254,286.5960273742676,340.03978729248047,245.71307945251465,0
1,1,206.0,201.0,178.0,178.0,265.09307622909546,279.49626982212067,339.0233325958252,237.22150325775146,335.0052261352539,316.15041732788086,345.3107171309622,340.0955049615157,90.55166244506836,1,0,0,0.3189575672149658,1.001214861869812,1,None,-0.4441115384007384,-0.00098091369141072,0.5180753712385675,1,199,239,0.6331415176391602,0,top_right,301,255,263.13754653930664,277.97216033935547,340.2709274291992,233.85957527160645,0
1,1,214.0,198.0,167.0,167.0,263.7861394882202,267.4712347984314,336.63304328918457,226.57932668924332,332.3118209838867,301.39142990112305,344.8700945000899,328.6353507794832,89.33934569358826,1,0,0,0.32112354040145874,0.9916132688522339,1,None,-0.35645528374893237,0.026707967611178374,0.5119191493588273,1,202,240,0.6537829637527466,1,bottom_left,299,245,261.8059387207031,266.6795425415039,337.3096008300781,224.30206203460693,0
1,1,210.0,191.0,163.0,163.0,259.14626836776733,260.65542697906494,331.5793204307556,222.25935459136963,328.55838775634766,291.3278388977051,342.2503702264083,321.9190075522975,89.9806022644043,1,0,0,0.3198035657405853,0.999136745929718,1,None,-0.30361224208234927,0.02770391090202729,0.5245108151796146,1,197,239,0.6954309344291687,0,None,294,240,256.8476448059082,260.09083557128906,332.9147033691406,220.10078716278076,0
1,1,198.0,199.0,176.0,176.0,253.18196892738342,273.51131558418274,324.07432794570923,235.35997062921524,319.1633605957031,305.9989929199219,334.2858224166067,333.279030448512,88.48018050193787,1,0,0,0.32066839933395386,0.9847573041915894,1,None,-0.37497203179255145,0.18741030332253078,0.4989412904295633,1,195,238,0.6491972208023071,1,bottom_left,288,253,252.16464233398438,272.8552951812744,324.51490783691406,233.7837038040161,0
1,1,194.0,205.0,177.0,177.0,247.78170704841614,286.5272641181946,322.59026527404785,246.74206674098969,317.1183776855469,324.08008575439453,328.9014495046515,347.9635951393529,89.36760425567627,0,0,0,0,0,0,None,-0.37340815785554626,-0.04075135250040441,-0.4934852803078486,1,195,238,0.5564629435539246,1,bottom_left,284,264,245.48259735107422,285.2926425933838,322.6090316772461,244.0566701889038,0
1,1,190.0,206.0,181.0,181.0,244.8694145679474,295.0938266515732,320.0802278518677,255.7651537656784,314.49756622314453,333.58311653137207,327.5781952707391,352.25598034105803,89.64446187019348,1,0,0,0.34104785323143005,0.992359459400177,1,None,-0.4219817029678023,0.062411563232595064,-0.49306351377692,1,201,238,0.5208731293678284,1,bottom_left,281,273,242.47173690795898,293.9995651245117,320.7533645629883,253.22110748291016,0
1,1,188.0,200.0,181.0,181.0,241.141996383667,285.8972382545471,316.3144254684448,248.27009797096252,308.8560485839844,325.2447509765625,323.3121590865286,348.1196940572638,89.36433792114258,1,0,0,0.31819379329681396,1.016424536705017,1,None,-0.34863901327881364,0.09465451158767224,-0.4748001833522588,1,194,238,0.6709374785423279,0,None,277,265,238.42436599731445,284.86947441101074,316.49503326416016,245.99716186523438,0
1,1,183.0,206.0,179.0,179.0,238.77737283706665,286.34431421756744,312.1981430053711,245.42616605758667,306.43592834472656,322.1400260925293,320.03978528474505,345.56594196118806,90.15153050422668,1,0,0,0.33231666684150696,1.0139793157577515,1,None,-0.37432897756588923,0.027675994264289922,-0.5006388669118712,1,192,237,0.6121901869773865,1,bottom_left,275,264,237.61935424804688,285.3809051513672,314.27403259277344,242.647310256958,0
1,1,179.0,205.0,184.0,184.0,234.56652641296387,286.3788288831711,310.43346405029297,247.86162436008453,300.39459228515625,324.4840621948242,315.43730284038344,348.96632194519043,90.91697335243225,1,0,0,0.310397744178772,0.97100830078125,1,None,-0.4455955958363616,0.19904410197196679,0.45821527444986715,1,190,238,0.6435590386390686,0,None,272,265,233.11432647705078,285.8689670562744,312.80767822265625,245.18535232543945,0
1,1,182.0,205.0,180.0,180.0,233.7638020515442,286.52618050575256,310.01177072525024,246.5598714351654,301.79576873779297,322.6343250274658,317.2581722861842,345.443172454834,89.69346284866333,1,0,0,0.3310158848762512,1.0087425708770752,1,None,-0.45650594555163004,0.24872671947767816,0.4755047844979434,1,190,238,0.5957908034324646,1,bottom_left,272,264,232.3437843322754,285.6127681732178,311.83106994628906,243.90733337402344,0
1,1,177.0,203.0,185.0,185.0,232.12048172950745,284.0919917821884,307.5462317466736,244.81474578380585,301.36890411376953,317.98078536987305,315.08872383519224,342.7615793127763,90.73984026908875,0,0,0,0,0,0,None,-0.3796432228933877,0.017316385181939276,-0.5032033978497831,1,188,237,0.5711480379104614,1,bottom_left,270,262,231.45886611938477,282.41356658935547,308.9644317626953,242.0230894088745,0
1,1,177.0,208.0,180.0,180.0,228.93682479858398,286.2524574995041,304.920392036438,245.31454503536224,296.3288116455078,320.2298355102539,311.4960399426912,343.5090140292519,87.58290410041809,1,0,0,0.3307068943977356,0.9846498370170593,1,None,-0.4124236989520562,0.03669353058513814,-0.502669961643561,1,188,237,0.6343887448310852,1,bottom_left,267,263,227.3880386352539,285.19164276123047,307.5825500488281,241.87765502929688,0
1,1,181.0,211.0,178.0,178.0,227.6961064338684,289.7767102718353,303.4312105178833,248.76953065395355,294.54296112060547,325.8651638031006,308.38314859490646,346.6877897162187,89.49997425079346,1,0,0,0.30874332785606384,0.986997663974762,1,None,-0.418511394720128,0.028352897668993095,-0.49234395783622703,1,187,238,0.720610499382019,1,bottom_left,265,267,226.78570556640625,288.56997299194336,305.08363342285156,245.98556900024414,0
1,1,178.0,206.0,182.0,182.0,224.3771779537201,285.7951855659485,305.1749515533447,246.89520835876465,295.6986618041992,321.86479568481445,309.1361397191098,346.81070377952176,90.37147164344788,1,0,0,0.3298763632774353,0.9867815375328064,1,None,-0.44307890736325933,0.014277519290439572,-0.4712938987936896,1,188,237,0.6406269073486328,1,bottom_left,264,263,222.11681747436523,284.2393341064453,306.6544189453125,243.7093563079834,0
1,1,172.0,200.0,192.0,192.0,228.18389654159546,285.1279789209366,307.0611608028412,245.0803166627884,297.54127502441406,321.4749240875244,311.773614381489,344.911836824919,89.55658078193665,1,0,0,0.32815226912498474,0.986189603805542,1,None,-0.4130725121704949,0.016208298047030504,-0.48327026532707495,1,188,238,0.6454429626464844,1,bottom_left,268,263,226.35634994506836,284.82952880859375,309.9641418457031,242.14850234985352,0
1,1,177.0,202.0,183.0,183.0,231.1048698425293,283.28958213329315,307.0617866516113,243.23768734931946,297.30276107788086,318.4794616699219,311.28195511667354,341.4380851544832,89.62241411209106,1,0,0,0.32478833198547363,1.0115137100219727,1,None,-0.4839878636412212,0.1833000667325717,0.47564414856316795,1,189,237,0.588126540184021,1,bottom_left,269,261,229.19947814941406,282.9203395843506,308.81836318969727,240.80353546142578,0
1,1,178.0,207.0,186.0,186.0,230.4757595062256,283.8254427909851,305.42943000793457,245.03355592489243,295.6907653808594,322.7589797973633,311.5062713623047,346.36067691602204,88.21672797203064,1,0,0,0.3125685453414917,1.005221962928772,1,None,-0.3695049303267293,0.08851445103211278,-0.4737816883840685,1,188,237,0.5414855480194092,0,None,267,262,228.71548461914062,282.44588470458984,307.1024475097656,241.60726833343506,0
1,1,184.0,203.0,179.0,179.0,233.52048993110657,281.0393464565277,308.71700048446655,242.90693074464798,299.4655990600586,319.1869354248047,313.4208056801244,341.3238716125488,88.60772252082825,1,0,0,0.3249548077583313,0.994148313999176,1,None,-0.41315603159830716,0.05486398010832677,-0.47408750536165545,1,190,239,0.6908724308013916,1,bottom_left,271,260,230.89871978759766,280.8622570037842,311.1517868041992,240.15838623046875,0
1,1,176.0,201.0,189.0,189.0,231.61324620246887,281.20717763900757,310.3410077095032,245.12301295995712,297.2473907470703,320.07184982299805,311.3011952450401,344.24107902928404,88.99514079093933,1,0,0,0.32092976570129395,0.9817603826522827,1,None,-0.37338118102725093,0.04065479213129011,-0.4426152687928394,1,189,237,0.6478586196899414,1,bottom_left,270,261,229.8939208984375,280.5334053039551,311.9036865234375,242.88029193878174,0
1,1,181.0,198.0,186.0,186.0,236.59684419631958,281.82180762290955,310.7517457008362,246.074059009552,301.1933898925781,315.8019733428955,314.4111472681949,340.6769250568591,87.8790557384491,1,0,0,0.31070125102996826,0.9966205358505249,1,None,-0.3743788228918421,0.01710908254002025,-0.4690990754603038,1,188,238,0.5909817814826965,1,bottom_left,273,262,235.359619140625,281.43908500671387,312.4342575073242,244.25105667114258,0
1,1,183.0,202.0,180.0,180.0,231.68391704559326,279.82612788677216,308.8183569908142,243.27425211668015,296.54762268066406,316.6318130493164,311.22628262168485,342.2159822363603,88.93898129463196,1,0,0,0.3105224072933197,1.0115678310394287,1,None,-0.3752958624701108,0.03533365078146628,-0.45298026926156953,1,187,238,0.664548933506012,1,bottom_left,271,259,230.46461486816406,278.97264862060547,311.56905364990234,240.460298538208,0
1,1,183.0,196.0,184.0,184.0,233.311208486557,273.94885182380676,310.4529619216919,236.22047066688538,298.48323822021484,310.52475929260254,312.16567089683133,335.86179783469754,90.10992050170898,1,0,0,0.3195725679397583,0.9860446453094482,1,None,-0.3824121607777187,0.019779242062167794,-0.45161971465338663,1,187,238,0.7371333837509155,1,bottom_left,272,253,232.73110580444336,273.03319931030273,313.11287689208984,233.38253116607666,0
1,1,187.0,190.0,175.0,175.0,237.91894555091858,263.1044965982437,310.24330854415894,230.00430554151535,297.03147888183594,300.8082103729248,311.2681549473813,329.21829926340206,90.1134192943573,1,0,0,0.32255473732948303,0.9545794725418091,1,None,-0.30759987622614077,0.049522984560977805,-0.4247337545322089,1,187,238,0.6732383966445923,0,None,275,244,237.81813049316406,262.00293159484863,312.5438690185547,227.46231365203857,0
1,1,187.0,187.0,174.0,174.0,233.08624029159546,257.367879152298,310.1063323020935,225.72131484746933,292.31544494628906,293.56653213500977,307.00359545255964,325.40314021863435,92.04697608947754,1,0,0,0.32185402512550354,0.971763551235199,1,None,-0.30635940202869505,0.18529590880938254,0.3934352807810406,1,185,241,0.6238381266593933,0,None,271,240,230.61557388305664,257.242338180542,312.9054946899414,223.1365098953247,0
1,1,183.0,181.0,172.0,172.0,228.85478258132935,253.40681791305542,309.12737131118774,223.38749080896378,290.8362579345703,292.7537727355957,303.8450763100072,325.0012297379343,92.54068732261658,1,0,0,0.3229561448097229,0.977402925491333,1,None,-0.3386495851917351,0.005480895732731245,-0.37741230228927825,1,185,239,0.716191828250885,1,bottom_left,269,236,226.80261993408203,252.7357292175293,311.2980041503906,221.04646682739258,0
1,1,292.0,203.0,163.0,163.0,348.25878858566284,238.63021552562714,420.5142116546631,245.40286481380463,390.1657485961914,273.80041122436523,379.58634828266344,321.56114929600767,95.89588642120361,0,0,0,0,0,0,forward,0.10352474967024629,-0.20888901261841658,0.10995457108060944,1,238,239,0.9216686487197876,0,top_left,385,241,349.0475311279297,238.2780933380127,422.39117431640625,244.99647331237793,1
1,1,285.0,202.0,166.0,166.0,340.774028301239,235.28475880622864,416.445209980011,244.5587146282196,382.36515045166016,270.97354888916016,373.2004286113538,318.6250335291812,95.58939337730408,0,0,0,0,0,0,forward,0.13009133448777213,-0.1354905990408442,0.11643275546598397,1,238,240,0.8692874312400818,0,top_left,378,239,340.20801544189453,234.34678173065186,417.05198669433594,243.8005599975586,1
1,1,285.0,201.0,165.0,165.0,340.16799688339233,238.20099592208862,414.18976068496704,245.89789509773254,381.3691711425781,271.8771743774414,372.2237938328793,318.92561561182924,95.65026760101318,0,0,0,0,0,0,forward,0.12112688484685698,-0.1680029994576796,0.10919271146648493,1,236,241,0.9340640902519226,0,top_left,378,241,340.9607925415039,237.55037784576416,415.30055236816406,245.31195831298828,1
1,1,281.0,199.0,167.0,167.0,338.39489698410034,236.35137856006622,412.8732442855835,244.7163686156273,381.37935638427734,274.7325611114502,370.9951501143606,319.3201612171374,94.79803442955017,0,0,0,0,0,0,forward,0.07292453002020748,-0.1888151621891655,0.10015488578994387,1,237,240,0.9007002711296082,0,top_left,377,239,339.95240020751953,235.1896505355835,415.7212829589844,243.90435218811035,1
1,1,284.0,202.0,161.0,161.0,336.5567946434021,237.7843451499939,411.3084387779236,245.13020932674408,377.29602813720703,272.33485221862793,368.1874686793277,318.61638872246994,95.29459476470947,0,0,0,0,0,0,forward,0.123204309385943,-0.12013479895645947,0.10512473914220956,1,236,240,0.8849385976791382,0,top_left,375,241,337.7678680419922,237.35533905029297,413.34952545166016,244.76413822174072,1
1,1,280.0,202.0,166.0,166.0,335.7662510871887,237.2987124323845,411.38471841812134,245.05096971988678,377.9017639160156,271.87007904052734,369.96498107910156,319.4522245306718,95.24484872817993,0,0,0,0,0,0,forward,0.12675269240932738,-0.17191660558629995,0.10183955111319376,1,237,240,0.8696704506874084,0,top_left,374,240,336.7610778808594,236.72187423706055,412.03184509277344,244.49735641479492,1
1,1,280.0,201.0,165.0,165.0,334.4622242450714,240.38900792598724,410.6288456916809,247.35158264636993,377.4015808105469,273.198766708374,369.66976968865646,319.7962158604672,95.36432027816772,0,0,0,0,0,0,forward,0.14869316920664735,-0.12915761048740151,0.0945727456232292,1,235,240,0.9086824059486389,0,top_left,372,243,334.2476043701172,239.7154369354248,411.23609924316406,246.83841133117676,1
1,1,280.0,200.0,165.0,165.0,334.074547290802,239.7899642586708,408.32270860671997,246.565922498703,375.6624984741211,273.19899559020996,369.0164485730623,320.72549568979366,95.01612782478333,0,0,0,0,0,0,forward,0.14089287313688437,-0.1572127386707609,0.08722592607865999,1,243,240,0.8092926740646362,0,top_left,370,242,333.13990783691406,238.9654712677002,408.84534454345703,245.8315200805664,1
1,1,279.0,204.0,163.0,163.0,330.8683669567108,240.7832881808281,406.1738634109497,247.04349160194397,372.23060607910156,273.2255744934082,364.910485117059,320.33443752088044,95.83446383476257,0,0,0,0,0,0,forward,0.15206392012044734,-0.10093655081849638,0.08073085603340928,1,241,240,0.7930417060852051,0,top_left,368,243,329.66746520996094,240.1128044128418,407.0098190307617,246.59603118896484,1
1,1,275.0,203.0,166.0,166.0,330.41247844696045,241.34929955005646,405.3560161590576,246.5893167257309,372.3199462890625,271.1838626861572,365.9816360473633,319.3244151065224,95.50952315330505,0,0,0,0,0,0,forward,0.1844913825289839,-0.10520344678041663,0.07481276905105778,1,240,239,0.8384610414505005,0,top_left,367,243,329.57105255126953,240.78564834594727,405.5505142211914,246.10082244873047,1
1,1,276.0,203.0,167.0,167.0,330.3654360771179,241.485915184021,404.0675926208496,245.07157981395721,371.46961212158203,271.06510162353516,365.43135592811984,319.8366360915335,95.8885908126831,0,0,0,0,0,0,forward,0.16382533566970992,-0.1153863393571799,0.060423167931933974,1,233,239,0.8591469526290894,0,top_left,367,242,331.1034698486328,241.04831886291504,404.79061126708984,244.61849212646484,1
1,1,273.0,200.0,169.0,169.0,326.38725757598877,240.5099442601204,400.44644355773926,244.3449229001999,367.7630615234375,269.72768783569336,362.0705935829564,318.04902528461656,94.85164284706116,0,0,0,0,0,0,forward,0.14807127185482236,-0.13529065194837153,0.061664629301105535,1,228,239,0.8823106288909912,0,top_left,363,241,326.0257110595703,239.84328746795654,400.9135513305664,243.65435028076172,1
1,1,271.0,197.0,171.0,171.0,321.71801805496216,238.15534472465515,394.6291470527649,241.7276707291603,361.0999298095703,268.18004608154297,355.86019415604443,315.4884172740735,93.72755885124207,0,0,0,0,0,0,forward,0.1359798820640348,-0.11273680696181934,0.05248274672373948,1,311,237,0.7741729021072388,0,top_left,358,239,322.2613296508789,237.34907054901123,394.1585006713867,241.07143878936768,1
1,1,260.0,193.0,178.0,178.0,312.42125511169434,235.6507033109665,393.8798117637634,237.82234579324722,352.58888244628906,266.1774444580078,348.6595454968904,314.38717189588044,93.00431609153748,0,0,0,0,0,0,forward,0.11731275802364045,0.06475497406661977,0.033300930220735936,1,305,238,0.6980857253074646,0,None,354,235,312.3072090148926,234.75271224975586,396.40113830566406,237.12735271453857,1
1,1,258.0,200.0,166.0,166.0,300.13399720191956,238.31116944551468,367.90098428726196,236.96678191423416,329.2985534667969,277.30236053466797,336.0812187194824,318.6771131816663,87.92944550514221,0,0,0,0,0,0,right,-0.071171039434378,0.45790220313487556,-0.06357759923374885,1,307,238,0.7675025463104248,1,bottom_right,333,236,299.9463005065918,237.1067533493042,366.8776626586914,235.40968322753906,1
1,1,245.0,199.0,174.0,174.0,286.320858001709,242.72091418504715,366.11343145370483,236.64879888296127,327.48252868652344,270.5240249633789,328.2146765056409,315.2920999025044,93.03629994392395,0,0,0,0,0,0,forward,0.08738175582022671,0.026234118295684845,-0.0686306380111417,1,309,236,0.6293125748634338,0,None,326,238,285.15479278564453,241.69801712036133,367.1701965332031,235.8861894607544,1
1,1,236.0,198.0,167.0,167.0,276.35542154312134,244.1612407565117,350.5323386192322,234.49812412261963,316.23958587646484,266.660213470459,322.3527727629009,315.6620181234259,92.4498200416565,0,0,0,0,0,0,forward,0.17942787012819977,0.013615705770442257,-0.14024400192992836,1,305,237,0.7584788799285889,0,None,313,238,275.7603302001953,243.6979522705078,351.2438278198242,234.0399055480957,1
1,1,228.0,196.0,174.0,174.0,270.9478545188904,245.71635603904724,345.5029010772705,233.75277668237686,310.8272933959961,266.98330879211426,317.51889479787724,314.1758868568822,93.62738132476807,0,0,0,0,0,0,forward,0.15865602051230937,0.02760296865772004,-0.15730120327680272,1,232,238,0.5902129411697388,0,top_right,307,239,270.05253982543945,245.16383743286133,344.98368072509766,233.26128387451172,1
1,1,227.0,200.0,171.0,171.0,268.48482966423035,246.358203291893,340.57342052459717,234.36661005020142,308.5656929016113,267.46204376220703,314.98571897807875,313.9171570225766,93.97247433662415,0,0,0,0,0,0,forward,0.14691128368973358,-0.006673621692789153,-0.16405688740527996,1,305,236,0.5707609057426453,0,None,304,239,267.09823989868164,245.78782081604004,341.0958938598633,233.65437698364258,1
1,1,225.0,198.0,169.0,169.0,269.6741032600403,244.4357979297638,340.4852294921875,233.47325563430786,310.7203674316406,267.0205020904541,315.8525145681281,313.31035061886433,92.47530698776245,0,0,0,0,0,0,forward,0.1351850682775378,-0.07509154826784137,-0.1464596952596219,0,0,0,0,0,None,305,238,269.5493278503418,243.58787441253662,341.7006072998047,232.5291051864624,1
1,1,228.0,198.0,166.0,166.0,268.87521982192993,246.23079299926758,340.48182487487793,235.50884306430817,307.30518341064453,276.650390625,314.56147143715305,320.46039932652525,90.93070030212402,0,0,0,0,0,0,forward,0.017319131154401864,0.14026496427547286,-0.16384185177652894,1,287,238,0.5444716215133667,0,top_right,303,240,266.5602035522461,245.7144012451172,341.31068420410156,235.22667789459229,1
1,1,231.0,196.0,168.0,168.0,272.65658378601074,245.97050964832306,344.4685673713684,233.456352353096,315.6099510192871,266.986141204834,323.27194615414265,308.51986734490646,87.02939748764038,0,0,0,0,0,0,forward,0.11394869465442536,-0.07508027136909497,-0.20221624807935623,0,0,0,0,0,None,307,239,270.26382064819336,245.86293983459473,344.9880599975586,233.027512550354,1
1,1,232.0,199.0,160.0,160.0,273.2750654220581,247.99978852272034,342.99108266830444,234.39120143651962,311.28173828125,269.725341796875,316.86302686992445,306.658521953382,89.03205394744873,0,0,0,0,0,0,forward,0.0523038848360315,0.030896410649042125,-0.18532865161034456,1,300,237,0.5388103723526001,0,top_right,308,240,273.9042091369629,247.64706230163574,343.2734680175781,233.99641513824463,1
1,1,232.0,200.0,163.0,163.0,270.76183795928955,247.73483991622925,342.3495817184448,235.46861797571182,310.18213272094727,272.2918510437012,314.59407706009716,309.55116071199114,88.34263682365417,0,0,0,0,0,0,forward,0.025274846452465815,0.01167055516702186,-0.1672509895125503,1,265,239,0.5622006058692932,0,top_right,306,241,270.328556060791,247.2201862335205,343.2969207763672,234.8192138671875,1
1,1,237.0,199.0,154.0,154.0,273.1850218772888,248.81912648677826,345.1472997665405,236.90200567245483,310.8919906616211,272.2962284088135,315.09984668932464,306.350645768015,88.32683563232422,0,0,0,0,0,0,forward,-0.04225268701035653,0.04077072427496292,-0.14845583596474474,1,259,239,0.6909069418907166,0,top_right,310,242,273.49638748168945,248.3825397491455,347.15870666503906,236.36691570281982,1
1,1,237.0,199.0,160.0,160.0,271.2722599506378,249.4287371635437,345.5866551399231,236.3204526901245,311.5670394897461,273.3310604095459,315.4122794301886,308.21994932074296,88.68175148963928,0,0,0,0,0,0,forward,-0.04733516777463255,0.004530675601856619,-0.1522442918005243,1,293,236,0.6573349833488464,0,top_right,306,242,268.87573623657227,249.3145523071289,344.4227600097656,236.00952243804932,1
1,1,240.0,200.0,156.0,156.0,274.312869310379,249.15425956249237,348.5918879508972,238.1934866309166,314.53433990478516,276.1911392211914,318.82565146998354,313.9170124656276,87.10501194000244,0,0,0,0,0,0,forward,-0.0005651694428159095,0.03141203430997098,-0.14407476070645797,1,262,239,0.6659220457077026,0,top_right,311,243,273.31544494628906,248.80579376220703,349.5796661376953,237.9043664932251,1
1,1,244.0,198.0,153.0,153.0,277.2264540195465,247.35933780670166,350.1530385017395,235.86215794086456,316.89353942871094,272.2148323059082,320.7690148604544,305.14361030177065,87.39445805549622,0,0,0,0,0,0,forward,-0.09159558880404682,0.009543192773059655,-0.1474203494183907,1,267,239,0.6668339967727661,0,top_right,313,240,276.98541259765625,246.8195686340332,350.89119720458984,235.0539493560791,1
1,1,245.0,200.0,153.0,153.0,278.5564708709717,246.98044896125793,350.3999710083008,236.1454939842224,318.76087188720703,272.7682113647461,321.77934445832904,309.5494922838713,87.00330257415771,0,0,0,0,0,0,forward,-0.008598815380377312,-0.03173607076989462,-0.14854604295404564,1,264,239,0.701748788356781,0,None,314,241,277.98677825927734,246.62762832641602,351.3262176513672,235.6433401107788,1
1,1,245.0,199.0,154.0,154.0,277.76970624923706,245.1732873916626,353.4225654602051,235.42046695947647,321.18946075439453,269.8687934875488,325.13227061221477,307.7208995819092,87.8753125667572,0,0,0,0,0,0,forward,0.01405070880308108,-0.040009073362721546,-0.14804254275499534,1,297,238,0.7302615642547607,0,None,314,239,275.76974868774414,244.83111763000488,354.0042037963867,234.70929050445557,1
1,1,246.0,199.0,151.0,151.0,283.46617817878723,246.079580783844,356.7217683792114,235.6114500761032,325.85426330566406,272.8999614715576,329.70155314395305,309.5036903180574,88.83198499679565,0,0,0,0,0,0,forward,-0.05935401110589722,-0.024880556685118654,-0.14801394635945153,1,306,238,0.7447267174720764,0,None,320,239,283.2420234680176,245.2749423980713,358.3927688598633,234.61680793762207,1
1,1,236.0,194.0,162.0,162.0,282.3359513282776,244.97828006744385,356.542387008667,235.82112729549408,324.15149688720703,277.3966598510742,326.3477917721397,319.80648542705336,89.75039720535278,0,0,0,0,0,0,forward,-0.024888694121690605,-0.02748610291620282,-0.11541768634554887,1,309,238,0.8076977133750916,0,None,319,240,281.06285858154297,244.71088886260986,358.4127731323242,235.59265995025635,1
1,1,244.0,198.0,157.0,157.0,281.64297580718994,243.8945460319519,356.4968705177307,236.20590269565582,322.78377532958984,271.0668468475342,325.90057071886565,315.97882371199756,88.92804980278015,0,0,0,0,0,0,forward,0.09156350327176443,-0.007842707490506721,-0.11035323738247715,1,306,238,0.755343496799469,0,None,318,239,280.3706817626953,243.65903091430664,357.3982925415039,235.87211894989014,1
1,1,244.0,199.0,161.0,161.0,284.26852107048035,243.79884034395218,358.31796169281006,234.72107201814651,326.1772155761719,265.6718444824219,331.04631825497273,312.96552356920745,91.0071611404419,0,0,0,0,0,0,forward,0.16956635105134354,-0.06605814139979456,-0.12516788467579665,1,265,239,0.6789128184318542,0,None,321,238,284.1304740905762,243.40895462036133,358.4864807128906,234.31759071350098,1
1,1,243.0,197.0,161.0,161.0,284.2126727104187,242.1550190448761,358.8016676902771,233.72734665870667,327.94933319091797,266.0148811340332,330.6900305497019,311.24565877412493,91.8660044670105,0,0,0,0,0,0,forward,0.13550970061559864,-0.07601457584740422,-0.11497762881773699,1,281,238,0.6581939458847046,0,None,321,237,283.39453125,241.6840696334839,358.9833526611328,233.28816318511963,1
1,1,244.0,197.0,160.0,160.0,287.2843587398529,244.4490534067154,356.2019467353821,234.82410997152328,329.4159698486328,265.7326412200928,331.00407449822677,311.89346213089794,92.46885180473328,0,0,0,0,0,0,forward,0.14740497272944755,-0.13950861795698688,-0.10984782302089965,1,273,238,0.6960529088973999,0,top_left,322,239,287.1457977294922,244.085844039917,357.39400482177734,234.36595916748047,1
1,1,246.0,200.0,161.0,161.0,286.3952600955963,244.11842107772827,355.97589015960693,234.85714584589005,330.9897994995117,266.18897438049316,333.2357065301192,313.62454966494914,92.24950075149536,0,0,0,0,0,0,forward,0.14281892484590814,-0.2424898267127383,-0.11551529752156128,1,293,237,0.5800337195396423,0,top_left,321,238,286.31639862060547,243.18402671813965,356.58758544921875,233.8242130279541,1
1,1,239.0,199.0,170.0,170.0,283.0822694301605,243.49526345729828,360.4787254333496,234.47163194417953,325.83553314208984,265.7021999359131,330.0295117026881,314.7136748464484,94.77365016937256,0,0,0,0,0,0,forward,0.16793715127667713,-0.0348554833464265,-0.11739969220893456,1,217,238,0.797977864742279,0,None,321,238,281.89046478271484,243.17338943481445,361.6624450683594,233.9359645843506,1
1,1,235.0,199.0,167.0,167.0,276.96911454200745,246.52948915958405,348.6999177932739,234.7308513522148,318.12435150146484,264.6595001220703,324.5528682909514,311.4526929353413,92.3852026462555,0,0,0,0,0,0,forward,0.1718082566867969,-0.07649557284922673,-0.15503176805070246,1,209,239,0.8349835276603699,0,None,312,239,276.8618698120117,245.78598403930664,348.81925201416016,233.6654176712036,1
1,1,225.0,198.0,168.0,168.0,263.73852491378784,244.90801692008972,337.19661235809326,230.11653631925583,303.6428642272949,260.92586517333984,312.4526907268323,308.56624603271484,94.23571825027466,0,0,0,0,0,0,forward,0.20789553795999174,0.004408236660734248,-0.19982300157154184,1,208,238,0.8170210123062134,0,top_right,299,236,262.5829048156738,244.51048278808594,337.21728515625,229.4796667098999,1
1,1,215.0,198.0,163.0,163.0,246.81357979774475,244.72250550985336,317.96990275382996,224.94877964258194,282.68272399902344,259.682035446167,296.7544154116982,303.44473788612765,94.15618181228638,0,0,0,0,0,0,forward,0.16104277661170174,0.11154028734232746,-0.279209113026093,1,207,237,0.8027671575546265,0,top_right,283,233,246.84495162963867,243.94311046600342,319.7366714477539,223.7942419052124,1
1,1,200.0,200.0,160.0,160.0,233.0637812614441,249.37832415103912,302.5544512271881,224.57422614097595,269.92237091064453,259.96973991394043,285.9456333361174,303.08038661354465,92.35716462135315,0,0,0,0,0,0,forward,0.18692753967750278,0.05814426849501333,-0.3444304234929925,1,206,236,0.7748859524726868,0,top_right,268,236,233.3588104248047,248.8252716064453,303.8793182373047,223.7843255996704,1
1,1,196.0,199.0,161.0,161.0,223.08783650398254,252.14983820915222,295.820255279541,223.75727891921997,262.3307418823242,261.9044780731201,280.7121457551655,303.298319766396,90.90251922607422,0,0,0,0,0,0,forward,0.181554874209249,0.03736692493769134,-0.37431274279535676,1,188,239,0.7512995600700378,0,top_right,259,237,222.74414825439453,251.5714817047119,297.0877265930176,222.64814472198486,1
1,1,192.0,199.0,157.0,157.0,220.09167075157166,250.63943088054657,290.8393061161041,223.72757971286774,258.47389221191406,259.19325828552246,276.3827354029605,301.41145254436293,92.37063527107239,0,0,0,0,0,0,forward,0.20998257032264872,0.020064770829334715,-0.37427415510285056,1,191,238,0.7366564869880676,0,top_right,255,236,219.17190170288086,250.25186920166016,292.1486587524414,222.72525787353516,1
1,1,193.0,199.0,159.0,159.0,222.47340440750122,247.25153803825378,293.7188482284546,223.60822945833206,261.9528579711914,257.07183837890625,279.53015277260226,301.2780821950812,92.07543730735779,0,0,0,0,0,0,forward,0.21042806921497423,-0.031578665844070264,-0.3452113531642798,1,187,237,0.6904932856559753,0,top_right,257,234,221.78017044067383,246.78175163269043,293.8413772583008,223.09846687316895,1
1,1,197.0,195.0,160.0,160.0,232.12692618370056,242.2084093093872,305.1624047756195,224.7316038608551,273.2381820678711,255.98859786987305,284.1741943359375,302.83395767211914,92.46431589126587,0,0,0,0,0,0,forward,0.1915850828280351,-0.06012567600712423,-0.2437515006369352,1,186,238,0.7554258108139038,0,None,268,232,231.21964263916016,241.70920658111572,306.0824279785156,224.04289054870605,1
1,1,200.0,191.0,165.0,165.0,246.12782835960388,235.8229073882103,318.68292212486267,228.44026654958725,286.0544013977051,253.96013259887695,289.7490240398206,302.1100420700876,94.9853777885437,0,0,0,0,0,0,forward,0.21032125111029362,-0.11060814696881101,-0.10400484906336897,1,190,237,0.7953193783760071,0,None,282,231,245.37372207641602,235.44598388671875,319.0337219238281,227.96649742126465,1
1,1,211.0,193.0,161.0,161.0,257.73372173309326,228.81847769021988,330.7615625858307,231.81187212467194,296.89550399780273,251.6619873046875,294.1066922639546,300.0233248660439,94.63246464729309,0,0,0,0,0,0,forward,0.2320675309969668,-0.1545658411448869,0.03820122103367669,1,201,238,0.7923233509063721,0,top_left,293,229,256.3377380371094,227.966872215271,331.05406188964844,231.1155881881714,1
1,1,219.0,193.0,161.0,161.0,272.20606565475464,226.52162432670593,341.07990026474,232.86043614149094,310.1175308227539,252.49740600585938,304.54078071995787,301.3654021212929,95.34944891929626,0,0,0,0,0,0,forward,0.218314791300625,-0.2232963319076049,0.09402437553565603,1,201,238,0.7888903617858887,0,top_left,305,228,270.56892013549805,225.3980541229248,341.109619140625,231.86416053771973,1
1,1,230.0,194.0,162.0,162.0,284.0121364593506,224.374440908432,355.77030897140503,236.42378747463226,323.2932662963867,250.72834968566895,313.8970917149594,297.2057563380191,94.46150064468384,0,0,0,0,0,0,down,0.277370421002873,-0.177229867001529,0.16226584023184223,1,209,239,0.8133835196495056,0,top_left,319,229,282.2489204406738,223.3535614013672,356.27679443359375,235.5867576599121,1
1,1,235.0,193.0,162.0,162.0,295.21328568458557,224.80655819177628,364.92074489593506,240.19260048866272,333.0342102050781,254.63584899902344,319.26042958309773,300.63833337081104,94.37883496284485,0,0,0,0,0,0,forward,0.23679244169538485,-0.2044750752196985,0.22419942216979036,1,223,237,0.8456553220748901,0,top_left,330,231,294.48389434814453,223.928635597229,365.99874114990234,239.66591835021973,1
1,1,241.0,196.0,161.0,161.0,300.2680504322052,226.76010310649872,372.43714570999146,243.4411409497261,339.43870544433594,257.7270698547363,323.581082193475,303.2738354331569,93.5240089893341,0,0,0,0,0,0,forward,0.23598130227457542,-0.18091152033729577,0.24446013843568556,1,225,240,0.8444361686706543,0,top_left,335,233,298.8142509460449,225.41102600097656,373.02762603759766,242.55876445770264,1
1,1,246.0,197.0,158.0,158.0,306.06332898139954,226.63165390491486,376.0036253929138,246.18120968341827,344.9094009399414,258.746337890625,329.1874905636436,304.09887012682464,94.06530261039734,0,0,0,0,0,0,forward,0.255014542950477,-0.23784531012862917,0.2756001569010493,1,239,239,0.8560372591018677,0,top_left,340,235,304.94202041625977,225.54360580444336,376.65050506591797,245.55371475219727,1
1,1,251.0,198.0,157.0,157.0,309.923540353775,225.87283730506897,378.4893774986267,246.56242311000824,348.47991943359375,259.25374031066895,330.79606708727385,304.1815988641036,95.53829431533813,0,0,0,0,0,0,forward,0.2562985372786642,-0.24719626015376456,0.2954838631519874,1,229,239,0.8719573616981506,0,top_left,343,235,307.75419998168945,224.4193239212036,378.2938232421875,245.58449935913086,1
1,1,252.0,198.0,160.0,160.0,312.8011226654053,227.3046174645424,380.62416791915894,249.71810281276703,350.54298400878906,261.16321563720703,331.2375319631476,305.9339919843172,95.89509963989258,0,0,0,0,0,0,forward,0.24274485588030825,-0.2475977756011787,0.32358315437598884,1,227,238,0.8451762199401855,0,top_left,346,237,311.642578125,225.92674827575684,380.7319869995117,248.84921836853027,1
1,1,255.0,201.0,155.0,155.0,313.6296570301056,227.41040647029877,381.7893576622009,248.47783863544464,350.8079147338867,261.9181251525879,332.59381043283565,305.5200682188335,94.52366828918457,0,0,0,0,0,0,forward,0.21476968165261065,-0.2390653593901552,0.3090575919787014,1,226,239,0.8882109522819519,0,top_left,346,236,311.4712791442871,225.91924667358398,382.1929397583008,247.66963005065918,1
1,1,255.0,200.0,159.0,159.0,317.08476066589355,227.75851249694824,384.85352754592896,252.05890953540802,354.7770690917969,261.784029006958,334.53270962363797,306.91079942803634,96.79229855537415,0,0,0,0,0,0,down,0.26976287085535156,-0.24568858873416669,0.34820453687716735,1,226,240,0.8713357448577881,0,top_left,350,239,315.84002685546875,226.8715181350708,385.56195068359375,251.6982307434082,1
1,1,253.0,200.0,161.0,161.0,320.30791878700256,230.84999173879623,386.83011770248413,253.5326063632965,358.5538101196289,266.1631393432617,337.84401843422336,307.7623347232216,95.89931964874268,0,0,0,0,0,0,forward,0.22911562166446942,-0.261335614042237,0.34405941106322274,1,237,238,0.8228228092193604,0,top_left,353,241,319.2982063293457,229.6849250793457,387.01732635498047,252.52209091186523,1
1,1,257.0,204.0,160.0,160.0,323.62284421920776,232.12537497282028,389.8539113998413,257.8745198249817,360.61195373535156,268.6555480957031,335.34204483032227,313.83745795802065,96.62492871284485,0,0,0,0,0,0,forward,0.2501719146916684,-0.25396649167468816,0.39472822864189555,1,236,239,0.8312063813209534,0,top_left,356,244,322.08981704711914,230.87853527069092,390.7376022338867,257.3697681427002,1
1,1,261.0,208.0,154.0,154.0,328.3044624328613,234.7458118200302,392.31929540634155,263.3005553483963,364.9904251098633,276.23205184936523,341.5082690590306,317.97983370329206,97.46437668800354,0,0,0,0,0,0,forward,0.23061769370356738,-0.3205266695439616,0.4180791815839501,1,245,239,0.8842417597770691,0,top_left,359,248,326.69488525390625,233.2509241104126,393.2127151489258,262.77587127685547,1
1,1,262.0,212.0,152.0,152.0,329.30697083473206,236.15595549345016,395.7671546936035,264.4971764087677,367.5231170654297,277.1569633483887,343.82762708162005,321.2873132605302,96.64693474769592,0,0,0,0,0,0,down,0.26279420699701095,-0.30424750235634157,0.41111170289077786,1,261,239,0.8426059484481812,0,top_left,361,249,327.72884368896484,235.01735401153564,396.2062072753906,264.09761238098145,1
1,1,266.0,213.0,151.0,151.0,332.3879659175873,237.1432963013649,399.0500330924988,267.22809612751007,369.3495178222656,281.72298431396484,345.73928732621044,321.766683678878,96.92939519882202,0,0,0,0,0,0,forward,0.21459934250656987,-0.2993460766288293,0.4209597632779606,1,263,238,0.8587515354156494,0,top_left,365,251,330.72119140625,235.7153263092041,399.7402877807617,266.9623203277588,1
1,1,273.0,213.0,147.0,147.0,333.7416398525238,239.11576867103577,400.95070362091064,267.61307895183563,372.0049285888672,282.19762802124023,348.3889870894583,322.0687158484208,95.79957127571106,0,0,0,0,0,0,forward,0.2076954604827737,-0.3105225278829611,0.4121495291622903,1,258,238,0.8828966617584229,0,top_left,366,252,331.42581939697266,237.40712642669678,401.66815185546875,267.4148139953613,1
1,1,273.0,217.0,152.0,152.0,338.3516454696655,239.2922079563141,401.32996797561646,268.7685066461563,372.9735565185547,284.3433094024658,347.2329491063168,324.8927849217465,95.62596678733826,0,0,0,0,0,0,left,0.17519267209150594,-0.35784062106977954,0.4454488039321249,1,280,237,0.7931740283966064,0,top_left,368,252,336.5181350708008,237.36298370361328,400.91603088378906,267.6072807312012,1
1,1,271.0,215.0,156.0,156.0,340.95306396484375,241.25932037830353,403.45295906066895,271.53951823711395,375.4570770263672,285.80698013305664,351.0975446199116,325.7877610859118,96.55559062957764,0,0,0,0,0,0,forward,0.21254805426688983,-0.3326840486189125,0.45026775923147566,1,295,238,0.848358154296875,0,top_left,371,255,338.7230758666992,239.62476253509521,403.3403549194336,270.8818645477295,1
1,1,271.0,215.0,156.0,156.0,341.48255825042725,242.7000993490219,405.7095980644226,272.58100390434265,375.9111785888672,287.88219451904297,351.09175230327406,327.03022354527525,95.08890509605408,0,0,0,0,0,0,forward,0.1813223499323497,-0.2971019829506737,0.443058106533048,1,288,238,0.8517330288887024,0,top_left,373,256,340.6450653076172,241.57476425170898,406.48974609375,272.06152153015137,1
1,1,268.0,216.0,160.0,160.0,342.2273015975952,243.3968684077263,405.1780891418457,271.07450544834137,379.00962829589844,289.51366424560547,353.5477608128598,327.6646644190738,95.75119614601135,0,0,0,0,0,0,left,0.15350113424128253,-0.3937920740803598,0.41561697559310723,1,246,238,0.7532311081886292,0,None,372,255,340.89929962158203,241.92617225646973,404.6198501586914,269.9622116088867,1
1,1,276.0,214.0,152.0,152.0,343.67090463638306,243.86755496263504,407.1903085708618,274.3789529800415,378.2235336303711,292.1846580505371,351.4687086406507,331.77081057899875,95.14685273170471,0,0,0,0,0,0,forward,0.16835442428140462,-0.33168706978729945,0.4483070911202044,1,267,238,0.8558024168014526,0,top_left,376,258,343.2365493774414,242.8612003326416,408.82352447509766,274.4868106842041,1
0,0,0,0,0,0,0,0,0,0,0,0,0,0,0,0,0,0,0,0,0,None,0.0,0.0,0.0,1,319,238,0.8861709833145142,0,None,0,0,0,0,0,0,1
0,0,0,0,0,0,0,0,0,0,0,0,0,0,0,0,0,0,0,0,0,None,0.0,0.0,0.0,1,316,230,0.8513649106025696,0,None,0,0,0,0,0,0,1
0,0,0,0,0,0,0,0,0,0,0,0,0,0,0,0,0,0,0,0,0,None,0.0,0.0,0.0,1,318,238,0.8916528224945068,0,None,0,0,0,0,0,0,1
0,0,0,0,0,0,0,0,0,0,0,0,0,0,0,0,0,0,0,0,0,None,0.0,0.0,0.0,1,318,238,0.8840112090110779,0,None,0,0,0,0,0,0,1
0,0,0,0,0,0,0,0,0,0,0,0,0,0,0,0,0,0,0,0,0,None,0.0,0.0,0.0,1,315,232,0.8324353098869324,0,None,0,0,0,0,0,0,1
0,0,0,0,0,0,0,0,0,0,0,0,0,0,0,0,0,0,0,0,0,None,0.0,0.0,0.0,1,318,237,0.9041130542755127,0,None,0,0,0,0,0,0,1
0,0,0,0,0,0,0,0,0,0,0,0,0,0,0,0,0,0,0,0,0,None,0.0,0.0,0.0,1,318,237,0.8889921307563782,0,None,0,0,0,0,0,0,1
0,0,0,0,0,0,0,0,0,0,0,0,0,0,0,0,0,0,0,0,0,None,0.0,0.0,0.0,1,318,238,0.8786298632621765,0,None,0,0,0,0,0,0,1
0,0,0,0,0,0,0,0,0,0,0,0,0,0,0,0,0,0,0,0,0,None,0.0,0.0,0.0,1,317,237,0.8523972034454346,0,None,0,0,0,0,0,0,1
0,0,0,0,0,0,0,0,0,0,0,0,0,0,0,0,0,0,0,0,0,None,0.0,0.0,0.0,1,317,236,0.8590807914733887,0,None,0,0,0,0,0,0,1
0,0,0,0,0,0,0,0,0,0,0,0,0,0,0,0,0,0,0,0,0,None,0.0,0.0,0.0,1,317,237,0.8880675435066223,0,None,0,0,0,0,0,0,1
0,0,0,0,0,0,0,0,0,0,0,0,0,0,0,0,0,0,0,0,0,None,0.0,0.0,0.0,1,317,237,0.8757977485656738,0,None,0,0,0,0,0,0,1
0,0,0,0,0,0,0,0,0,0,0,0,0,0,0,0,0,0,0,0,0,None,0.0,0.0,0.0,1,317,237,0.8712445497512817,0,None,0,0,0,0,0,0,1
0,0,0,0,0,0,0,0,0,0,0,0,0,0,0,0,0,0,0,0,0,None,0.0,0.0,0.0,1,316,230,0.8282564878463745,0,None,0,0,0,0,0,0,1
0,0,0,0,0,0,0,0,0,0,0,0,0,0,0,0,0,0,0,0,0,None,0.0,0.0,0.0,1,318,238,0.8857691884040833,0,None,0,0,0,0,0,0,1
0,0,0,0,0,0,0,0,0,0,0,0,0,0,0,0,0,0,0,0,0,None,0.0,0.0,0.0,1,318,238,0.8953059911727905,0,None,0,0,0,0,0,0,1
0,0,0,0,0,0,0,0,0,0,0,0,0,0,0,0,0,0,0,0,0,None,0.0,0.0,0.0,1,316,228,0.8334763646125793,0,None,0,0,0,0,0,0,1
0,0,0,0,0,0,0,0,0,0,0,0,0,0,0,0,0,0,0,0,0,None,0.0,0.0,0.0,1,317,237,0.8816927075386047,0,None,0,0,0,0,0,0,1
0,0,0,0,0,0,0,0,0,0,0,0,0,0,0,0,0,0,0,0,0,None,0.0,0.0,0.0,1,317,237,0.8626455068588257,0,None,0,0,0,0,0,0,1
0,0,0,0,0,0,0,0,0,0,0,0,0,0,0,0,0,0,0,0,0,None,0.0,0.0,0.0,1,316,236,0.8359537124633789,0,None,0,0,0,0,0,0,1
0,0,0,0,0,0,0,0,0,0,0,0,0,0,0,0,0,0,0,0,0,None,0.0,0.0,0.0,1,317,237,0.8848435282707214,0,None,0,0,0,0,0,0,1
0,0,0,0,0,0,0,0,0,0,0,0,0,0,0,0,0,0,0,0,0,None,0.0,0.0,0.0,1,318,237,0.8844598531723022,0,None,0,0,0,0,0,0,1
0,0,0,0,0,0,0,0,0,0,0,0,0,0,0,0,0,0,0,0,0,None,0.0,0.0,0.0,1,318,237,0.8911275863647461,0,None,0,0,0,0,0,0,1
0,0,0,0,0,0,0,0,0,0,0,0,0,0,0,0,0,0,0,0,0,None,0.0,0.0,0.0,1,317,237,0.8976788520812988,0,None,0,0,0,0,0,0,1
0,0,0,0,0,0,0,0,0,0,0,0,0,0,0,0,0,0,0,0,0,None,0.0,0.0,0.0,1,317,237,0.8875066637992859,0,None,0,0,0,0,0,0,1
0,0,0,0,0,0,0,0,0,0,0,0,0,0,0,0,0,0,0,0,0,None,0.0,0.0,0.0,1,316,237,0.8848050832748413,0,None,0,0,0,0,0,0,1
0,0,0,0,0,0,0,0,0,0,0,0,0,0,0,0,0,0,0,0,0,None,0.0,0.0,0.0,1,316,237,0.8631546497344971,0,None,0,0,0,0,0,0,1
0,0,0,0,0,0,0,0,0,0,0,0,0,0,0,0,0,0,0,0,0,None,0.0,0.0,0.0,1,316,237,0.8494173884391785,0,None,0,0,0,0,0,0,1
0,0,0,0,0,0,0,0,0,0,0,0,0,0,0,0,0,0,0,0,0,None,0.0,0.0,0.0,1,316,237,0.8604653477668762,0,None,0,0,0,0,0,0,1
0,0,0,0,0,0,0,0,0,0,0,0,0,0,0,0,0,0,0,0,0,None,0.0,0.0,0.0,1,317,237,0.8701881170272827,0,None,0,0,0,0,0,0,1
0,0,0,0,0,0,0,0,0,0,0,0,0,0,0,0,0,0,0,0,0,None,0.0,0.0,0.0,1,316,238,0.8397433757781982,0,None,0,0,0,0,0,0,1
0,0,0,0,0,0,0,0,0,0,0,0,0,0,0,0,0,0,0,0,0,None,0.0,0.0,0.0,1,315,237,0.8403056859970093,0,None,0,0,0,0,0,0,1
0,0,0,0,0,0,0,0,0,0,0,0,0,0,0,0,0,0,0,0,0,None,0.0,0.0,0.0,1,314,237,0.8106544017791748,0,None,0,0,0,0,0,0,1
0,0,0,0,0,0,0,0,0,0,0,0,0,0,0,0,0,0,0,0,0,None,0.0,0.0,0.0,1,315,237,0.8426690101623535,0,None,0,0,0,0,0,0,1
0,0,0,0,0,0,0,0,0,0,0,0,0,0,0,0,0,0,0,0,0,None,0.0,0.0,0.0,1,316,237,0.820180356502533,0,None,0,0,0,0,0,0,1
0,0,0,0,0,0,0,0,0,0,0,0,0,0,0,0,0,0,0,0,0,None,0.0,0.0,0.0,1,315,237,0.844379723072052,0,None,0,0,0,0,0,0,1
0,0,0,0,0,0,0,0,0,0,0,0,0,0,0,0,0,0,0,0,0,None,0.0,0.0,0.0,1,315,237,0.819110095500946,0,None,0,0,0,0,0,0,1
0,0,0,0,0,0,0,0,0,0,0,0,0,0,0,0,0,0,0,0,0,None,0.0,0.0,0.0,1,315,237,0.8275229930877686,0,None,0,0,0,0,0,0,1
0,0,0,0,0,0,0,0,0,0,0,0,0,0,0,0,0,0,0,0,0,None,0.0,0.0,0.0,1,315,238,0.8572526574134827,0,None,0,0,0,0,0,0,1
0,0,0,0,0,0,0,0,0,0,0,0,0,0,0,0,0,0,0,0,0,None,0.0,0.0,0.0,1,314,237,0.8465477824211121,0,None,0,0,0,0,0,0,1
0,0,0,0,0,0,0,0,0,0,0,0,0,0,0,0,0,0,0,0,0,None,0.0,0.0,0.0,1,317,237,0.8891378045082092,0,None,0,0,0,0,0,0,1
0,0,0,0,0,0,0,0,0,0,0,0,0,0,0,0,0,0,0,0,0,None,0.0,0.0,0.0,1,317,237,0.8995969295501709,0,None,0,0,0,0,0,0,1
0,0,0,0,0,0,0,0,0,0,0,0,0,0,0,0,0,0,0,0,0,None,0.0,0.0,0.0,1,318,237,0.8902003169059753,0,None,0,0,0,0,0,0,1
0,0,0,0,0,0,0,0,0,0,0,0,0,0,0,0,0,0,0,0,0,None,0.0,0.0,0.0,1,317,237,0.8886621594429016,0,None,0,0,0,0,0,0,1
0,0,0,0,0,0,0,0,0,0,0,0,0,0,0,0,0,0,0,0,0,None,0.0,0.0,0.0,1,317,237,0.8996797800064087,0,None,0,0,0,0,0,0,1
0,0,0,0,0,0,0,0,0,0,0,0,0,0,0,0,0,0,0,0,0,None,0.0,0.0,0.0,1,317,237,0.8889549374580383,0,None,0,0,0,0,0,0,1
0,0,0,0,0,0,0,0,0,0,0,0,0,0,0,0,0,0,0,0,0,None,0.0,0.0,0.0,1,317,237,0.8920035362243652,0,None,0,0,0,0,0,0,1
0,0,0,0,0,0,0,0,0,0,0,0,0,0,0,0,0,0,0,0,0,None,0.0,0.0,0.0,1,317,237,0.8989542722702026,0,None,0,0,0,0,0,0,1
0,0,0,0,0,0,0,0,0,0,0,0,0,0,0,0,0,0,0,0,0,None,0.0,0.0,0.0,1,317,237,0.8884772062301636,0,None,0,0,0,0,0,0,1
0,0,0,0,0,0,0,0,0,0,0,0,0,0,0,0,0,0,0,0,0,None,0.0,0.0,0.0,1,317,237,0.8909416198730469,0,None,0,0,0,0,0,0,1
0,0,0,0,0,0,0,0,0,0,0,0,0,0,0,0,0,0,0,0,0,None,0.0,0.0,0.0,1,317,237,0.8825636506080627,0,None,0,0,0,0,0,0,1
0,0,0,0,0,0,0,0,0,0,0,0,0,0,0,0,0,0,0,0,0,None,0.0,0.0,0.0,1,317,237,0.8897377848625183,0,None,0,0,0,0,0,0,1
0,0,0,0,0,0,0,0,0,0,0,0,0,0,0,0,0,0,0,0,0,None,0.0,0.0,0.0,1,317,237,0.8921153545379639,0,None,0,0,0,0,0,0,1
0,0,0,0,0,0,0,0,0,0,0,0,0,0,0,0,0,0,0,0,0,None,0.0,0.0,0.0,1,317,237,0.887681782245636,0,None,0,0,0,0,0,0,1
0,0,0,0,0,0,0,0,0,0,0,0,0,0,0,0,0,0,0,0,0,None,0.0,0.0,0.0,1,317,237,0.8872191905975342,0,None,0,0,0,0,0,0,1
0,0,0,0,0,0,0,0,0,0,0,0,0,0,0,0,0,0,0,0,0,None,0.0,0.0,0.0,1,317,237,0.8824700713157654,0,None,0,0,0,0,0,0,1
0,0,0,0,0,0,0,0,0,0,0,0,0,0,0,0,0,0,0,0,0,None,0.0,0.0,0.0,1,318,237,0.8850030899047852,0,None,0,0,0,0,0,0,1
0,0,0,0,0,0,0,0,0,0,0,0,0,0,0,0,0,0,0,0,0,None,0.0,0.0,0.0,1,317,237,0.876764714717865,0,None,0,0,0,0,0,0,1
0,0,0,0,0,0,0,0,0,0,0,0,0,0,0,0,0,0,0,0,0,None,0.0,0.0,0.0,1,317,237,0.8506711721420288,0,None,0,0,0,0,0,0,1
0,0,0,0,0,0,0,0,0,0,0,0,0,0,0,0,0,0,0,0,0,None,0.0,0.0,0.0,1,317,237,0.8824172616004944,0,None,0,0,0,0,0,0,1
0,0,0,0,0,0,0,0,0,0,0,0,0,0,0,0,0,0,0,0,0,None,0.0,0.0,0.0,1,318,237,0.8850854635238647,0,None,0,0,0,0,0,0,1
0,0,0,0,0,0,0,0,0,0,0,0,0,0,0,0,0,0,0,0,0,None,0.0,0.0,0.0,1,318,237,0.8969862461090088,0,None,0,0,0,0,0,0,1
0,0,0,0,0,0,0,0,0,0,0,0,0,0,0,0,0,0,0,0,0,None,0.0,0.0,0.0,1,318,237,0.878934383392334,0,None,0,0,0,0,0,0,1
0,0,0,0,0,0,0,0,0,0,0,0,0,0,0,0,0,0,0,0,0,None,0.0,0.0,0.0,1,318,237,0.8861392736434937,0,None,0,0,0,0,0,0,1
0,0,0,0,0,0,0,0,0,0,0,0,0,0,0,0,0,0,0,0,0,None,0.0,0.0,0.0,1,319,237,0.8856432437896729,0,None,0,0,0,0,0,0,1
0,0,0,0,0,0,0,0,0,0,0,0,0,0,0,0,0,0,0,0,0,None,0.0,0.0,0.0,1,318,237,0.8739840984344482,0,None,0,0,0,0,0,0,1
0,0,0,0,0,0,0,0,0,0,0,0,0,0,0,0,0,0,0,0,0,None,0.0,0.0,0.0,1,318,237,0.8860027194023132,0,None,0,0,0,0,0,0,1
0,0,0,0,0,0,0,0,0,0,0,0,0,0,0,0,0,0,0,0,0,None,0.0,0.0,0.0,1,318,237,0.8817245364189148,0,None,0,0,0,0,0,0,1
0,0,0,0,0,0,0,0,0,0,0,0,0,0,0,0,0,0,0,0,0,None,0.0,0.0,0.0,1,318,237,0.874823272228241,0,None,0,0,0,0,0,0,1
0,0,0,0,0,0,0,0,0,0,0,0,0,0,0,0,0,0,0,0,0,None,0.0,0.0,0.0,1,318,237,0.8724032044410706,0,None,0,0,0,0,0,0,1
1,1,271.0,201.0,162.0,162.0,326.54741287231445,244.16419565677643,402.1405553817749,252.6758998632431,368.22776794433594,286.3125228881836,357.12066851164167,330.22748445209703,93.1196391582489,0,0,0,0,0,0,forward,0.004430117885768903,-0.18683726026194572,0.10921993785109374,1,238,239,0.8495119214057922,0,top_left,364,247,326.06372833251953,243.3383502960205,402.8437194824219,251.99479866027832,1
1,1,272.0,200.0,161.0,161.0,326.0607600212097,243.0025452375412,401.7561197280884,251.36021554470062,369.21234130859375,286.0455322265625,359.251564427426,331.4224373666864,92.15511083602905,0,0,0,0,0,0,forward,0.034600389378040775,-0.19929732695489003,0.09195286738988802,1,250,239,0.722795844078064,0,top_left,364,246,325.57751846313477,242.2964744567871,402.4658966064453,250.92903327941895,1
1,1,268.0,203.0,163.0,163.0,323.61109018325806,242.56447792053223,401.40700578689575,249.37807738780975,367.34081268310547,285.50514221191406,359.4016707570929,331.140372125726,92.44975447654724,0,0,0,0,0,0,forward,0.026835534531416537,-0.16213575598514796,0.06418034850655002,1,243,239,0.7543551325798035,0,top_left,361,245,321.3944664001465,241.81303024291992,402.11798095703125,248.92371368408203,1
1,1,274.0,201.0,156.0,156.0,321.45883679389954,243.26463550329208,394.6041965484619,249.37909841537476,365.9010314941406,281.8179702758789,358.83960121556333,327.1984230844598,90.63407778739929,0,0,0,0,0,0,forward,0.12004154147685045,-0.2151025738852769,0.06927749972398498,1,230,239,0.8581710457801819,0,top_left,357,245,321.00072479248047,242.55570030212402,394.08834075927734,248.53773880004883,1
1,1,266.0,196.0,165.0,165.0,316.72895193099976,241.57923102378845,396.0438561439514,246.5437352657318,361.6014099121094,279.82080459594727,356.9132533826326,323.02522207561293,91.89451932907104,0,0,0,0,0,0,forward,0.037699069979193284,-0.10696439261835373,0.02549218617832811,1,228,239,0.8541232347488403,0,top_left,355,243,315.54017639160156,241.20168113708496,396.3385314941406,245.96297550201416,1
1,1,265.0,197.0,168.0,168.0,319.30227756500244,243.93965899944305,395.7948422431946,248.62083792686462,362.435302734375,279.46117401123047,357.036267330772,319.6663314417789,91.02098941802979,0,0,0,0,0,0,forward,0.0290651066606338,-0.10232343592167117,0.031395964782207506,1,236,239,0.6634949445724487,0,top_left,357,245,319.2905158996582,243.57219886779785,396.1247863769531,247.96491050720215,1
1,1,266.0,197.0,165.0,165.0,319.4319820404053,242.96132147312164,395.02017974853516,245.84093928337097,358.68762969970703,278.81481170654297,353.853336133455,320.46928807308797,90.93629121780396,0,0,0,0,0,0,forward,0.01399201340280458,-0.035752936382427505,0.02915314892453621,1,229,240,0.6903571486473083,0,top_left,357,243,319.4012756347656,242.0991439819336,396.4700012207031,244.74623107910156,1
1,1,268.0,199.0,164.0,164.0,321.64701223373413,241.68447017669678,396.3106417655945,243.85305762290955,363.4212112426758,280.9841823577881,358.68081343801396,325.2933100650185,89.3515944480896,0,0,0,0,0,0,forward,0.025948893264781128,-0.13505195677195475,0.01718521743816079,1,227,240,0.7278844714164734,0,top_left,358,241,320.6692085266113,240.8463134765625,396.41442108154297,242.95848655700684,1
1,1,272.0,198.0,159.0,159.0,318.88975262641907,242.3149538040161,397.7629327774048,245.76646327972412,362.6141357421875,279.45871353149414,355.74952778063323,321.0949456064325,89.67218399047852,0,0,0,0,0,0,forward,-0.008921319596039857,-0.07897039838475364,0.03254866102602139,1,235,239,0.8080956339836121,0,top_left,358,243,318.1620292663574,241.84698486328125,398.69862365722656,245.1232738494873,1
1,1,271.0,197.0,162.0,162.0,320.27114033699036,244.20427590608597,396.6288900375366,245.08312940597534,362.7367401123047,281.5544128417969,360.3591396934108,323.90031262447957,89.91775512695312,0,0,0,0,0,0,forward,0.015121202573715313,-0.0982578398449505,-0.008898306525320082,1,239,240,0.7259300947189331,0,top_left,359,243,319.97082138061523,243.45090579986572,398.54420471191406,244.26097011566162,1
1,1,266.0,201.0,167.0,167.0,320.8201730251312,241.55311971902847,395.53560733795166,244.41649496555328,361.38336181640625,281.18785858154297,352.8576941239206,328.67103074726305,91.5442407131195,0,0,0,0,0,0,forward,0.02094945857031589,-0.14706025005696982,0.0634683203440555,1,237,240,0.6241379976272583,0,top_left,357,242,319.995418548584,241.5229368209839,395.83728790283203,244.20114040374756,1
1,1,267.0,195.0,168.0,168.0,318.10874700546265,242.73359566926956,395.3543424606323,244.11117553710938,362.61566162109375,281.02386474609375,356.6599032753392,329.1207820490787,91.98709726333618,0,0,0,0,0,0,forward,0.037777444886721086,-0.1643199995348867,0.01900511935638599,1,241,240,0.7042585611343384,0,top_left,357,242,317.9756546020508,242.1928596496582,396.71871185302734,243.53228187561035,1
1,1,264.0,200.0,168.0,168.0,317.06899642944336,244.5628523826599,394.5311689376831,246.34477257728577,362.3469543457031,283.0866050720215,356.01204119230573,330.6317650644403,90.7069444656372,0,0,0,0,0,0,forward,0.03460881590882681,-0.1628793248743391,0.019216053226924962,1,231,240,0.8128533363342285,0,top_left,355,245,316.4170799255371,244.2555055618286,395.0542755126953,246.07993125915527,1
1,1,266.0,198.0,168.0,168.0,319.31013464927673,243.2466486096382,395.0316596031189,243.78563404083252,363.4745407104492,278.79844665527344,356.6408358122173,328.2989727823358,91.47711396217346,0,0,0,0,0,0,forward,0.06492448763078987,-0.18662558131338183,0.02753456741876479,1,236,240,0.7692372798919678,0,top_left,356,243,318.17762756347656,242.90608978271484,395.32984924316406,243.36787605285645,1
1,1,265.0,198.0,171.0,171.0,319.6047902107239,245.35452246665955,395.4231095314026,247.1663099527359,362.12486267089844,279.53699111938477,353.9432284706517,328.77042117871736,93.77895593643188,0,0,0,0,0,0,forward,0.0867813530275335,-0.13152840891057918,0.05291535114020601,1,230,240,0.837843656539917,0,top_left,357,245,318.4695854187012,244.95916271209717,396.00804138183594,246.70698165893555,1
1,1,267.0,203.0,165.0,165.0,318.52779030799866,247.86089837551117,395.2053761482239,248.60702455043793,360.5333709716797,281.7966842651367,355.0742018850226,326.19685574581746,91.27339124679565,0,0,0,0,0,0,forward,0.04367799305956163,-0.05593624494167463,0.02071186188835041,1,232,240,0.7421587109565735,0,top_left,357,247,318.6330986022949,247.50301551818848,395.90599822998047,248.1126937866211,1
1,1,268.0,200.0,166.0,166.0,317.1910619735718,246.3431203365326,394.1768527030945,247.8295361995697,360.372314453125,280.00980377197266,353.34775422748766,327.3118325283653,91.68771505355835,0,0,0,0,0,0,forward,0.08563375648910126,-0.1115848601108335,0.04170833183265579,1,232,240,0.7659265398979187,0,top_left,355,246,316.7644958496094,245.76608848571777,394.6063537597656,247.26719856262207,1
1,1,261.0,199.0,174.0,174.0,317.73059129714966,245.97550570964813,394.5051980018616,247.9016000032425,359.8699951171875,279.8067855834961,352.94173993562396,327.14118003845215,93.51504445075989,0,0,0,0,0,0,forward,0.06847643668944707,-0.11926838489012684,0.05111631640358982,1,232,240,0.6538283228874207,0,top_left,356,246,317.8479881286621,245.57673454284668,395.2582778930664,247.47310638427734,1
1,1,262.0,204.0,171.0,171.0,317.62864351272583,249.23480451107025,392.8773832321167,249.60322380065918,358.3223342895508,279.5789623260498,354.1474974782843,327.9994824058131,93.91924738883972,0,0,0,0,0,0,forward,0.1461398024081717,-0.0468424128362204,0.015909049918613735,1,231,240,0.6992734670639038,0,top_left,356,249,318.0338668823242,248.9971218109131,394.4774627685547,249.36614799499512,1
1,1,257.0,199.0,181.0,181.0,319.2206394672394,246.15539073944092,393.5792350769043,246.5561717748642,361.25919342041016,277.80200958251953,354.0819690102025,327.5108844355533,95.14123201370239,0,0,0,0,0,0,forward,0.11177918669837152,-0.13523859604385186,0.04122202746743371,1,230,240,0.7895936965942383,0,top_left,356,245,318.6616859436035,245.5825366973877,394.2814407348633,245.8337230682373,1
1,1,263.0,202.0,171.0,171.0,318.94036650657654,245.3847187757492,395.14435052871704,247.71957635879517,362.00050354003906,278.31653594970703,355.5717829654091,327.11821656478077,93.93659830093384,0,0,0,0,0,0,forward,0.12507765456662304,-0.11300646561771491,0.04115627035085287,1,238,240,0.7538764476776123,0,top_left,357,246,319.1791076660156,244.93638610839844,396.32847595214844,247.1059856414795,1
1,1,267.0,200.0,167.0,167.0,319.4059109687805,245.209681391716,395.4316020011902,245.79106092453003,363.13140869140625,277.4123954772949,357.7830063669305,321.29257603695515,93.77351999282837,0,0,0,0,0,0,forward,0.07515972209881135,-0.11806158253447574,0.01845889378079757,1,229,240,0.7024894952774048,0,top_left,357,245,319.1675338745117,245.1449489593506,396.30599212646484,245.52109336853027,1
1,1,263.0,200.0,172.0,172.0,321.1399531364441,242.4503856897354,395.4823040962219,243.46701443195343,361.8089294433594,274.0496635437012,356.8231401945415,321.8631423147101,94.75834965705872,0,0,0,0,0,0,forward,0.1219802016155044,-0.07877244895454458,0.031920626214270775,1,239,240,0.7564469575881958,0,top_left,359,242,322.04295349121094,242.036527633667,396.1694564819336,242.81571292877197,1
1,1,258.0,200.0,178.0,178.0,319.03995871543884,242.26329445838928,394.010374546051,242.86985278129578,360.90526580810547,274.317626953125,357.64708468788547,323.9232971793727,93.14428567886353,0,0,0,0,0,0,forward,0.10942780219375675,-0.120884411111342,0.011630696289947869,1,231,240,0.7351786494255066,0,top_left,357,241,319.2537040710449,241.5164566040039,395.26473236083984,242.07845306396484,1
1,1,263.0,197.0,175.0,175.0,317.3867917060852,242.30396926403046,394.4575548171997,242.4136707186699,361.07582092285156,272.2180652618408,357.8208883185136,323.4479728497957,94.20897960662842,0,0,0,0,0,0,forward,0.15600584016727945,-0.11183578389738609,0.007646422522526674,1,230,240,0.7462722659111023,0,top_left,355,241,316.8407211303711,241.7030553817749,394.6378631591797,241.77198028564453,1
1,1,261.0,204.0,174.0,174.0,319.23556685447693,242.10944920778275,393.88782024383545,241.79209917783737,360.5916976928711,271.2202262878418,357.18057732833057,320.9604549407959,93.65610480308533,0,0,0,0,0,0,forward,0.1382955056916647,-0.08958789224500381,0.006352137675940641,1,234,240,0.7198950052261353,0,top_left,356,241,319.21485137939453,241.49919891357422,394.30477142333984,240.99815940856934,1
1,1,261.0,199.0,175.0,175.0,317.47276186943054,240.4719015955925,393.9444589614868,239.86598789691925,359.317626953125,270.6064224243164,357.0785100836503,320.20090002762646,93.25875043869019,0,0,0,0,0,0,forward,0.1099764858531509,-0.09387587247776642,0.00044712376554390746,1,235,240,0.7662627100944519,0,top_left,355,239,316.9697952270508,240.0069236755371,394.40880584716797,239.39193534851074,1
1,1,262.0,196.0,175.0,175.0,316.7811918258667,237.7496713399887,392.78066635131836,236.72313272953033,358.17626953125,268.0726432800293,355.26999824925474,317.02859627573116,91.8566644191742,0,0,0,0,0,0,forward,0.10561638349743684,-0.07949142592020791,-0.0008769339814191551,1,230,240,0.6997343301773071,0,top_left,354,236,316.1428871154785,237.22651863098145,393.39009857177734,236.24735641479492,1
1,1,263.0,199.0,172.0,172.0,312.44776606559753,239.69194024801254,388.1804347038269,237.2741049528122,353.8711929321289,269.0632438659668,351.7101910239772,315.13707462110017,93.3814287185669,0,0,0,0,0,0,forward,0.09420401270239348,-0.06303868519645099,-0.014690609224809236,1,227,240,0.7551074624061584,0,top_left,350,237,311.9880676269531,238.89149379730225,388.52758026123047,236.4401035308838,1
1,1,263.0,199.0,168.0,168.0,311.7685544490814,238.70470494031906,385.980703830719,237.14589804410934,352.342529296875,268.1864833831787,351.0810852050781,317.80285835266113,93.44176054000854,0,0,0,0,0,0,forward,0.12084883677657104,-0.08273289786562972,-0.018041895295391512,1,227,240,0.8102614283561707,0,top_left,349,237,311.4432945251465,238.6036834716797,386.5578918457031,236.93092346191406,1
1,1,258.0,198.0,174.0,174.0,306.12884879112244,239.0755945444107,384.188334941864,236.29468649625778,348.6277770996094,270.18256187438965,350.61346556011,318.25348753678173,93.44984889030457,0,0,0,0,0,0,forward,0.07971190146166385,-0.045680531006040886,-0.053409401008713615,1,227,240,0.8306536078453064,0,top_left,345,237,305.5520706176758,238.39093208312988,384.8707046508789,235.6255989074707,1
1,1,260.0,200.0,169.0,169.0,305.3817903995514,240.26840150356293,383.5180878639221,236.9091036915779,347.6349639892578,268.33279609680176,347.3947013051886,317.929485722592,93.3296799659729,0,0,0,0,0,0,forward,0.14194952646489056,-0.04234661192130345,-0.04010646220392211,1,224,241,0.7583949565887451,0,None,344,238,304.54586029052734,240.05217361450195,384.1865692138672,236.56430625915527,1
1,1,257.0,202.0,171.0,171.0,305.40359377861023,241.03791564702988,381.4914631843567,235.75406849384308,346.2234878540039,269.0380096435547,348.18767748380964,319.218605443051,94.20164227485657,0,0,0,0,0,0,forward,0.11835647579734723,-0.002378074825451166,-0.06903103479133295,1,222,241,0.8237916827201843,0,None,343,237,304.9732666015625,240.52076053619385,382.2554244995117,235.14534187316895,1
1,1,256.0,201.0,174.0,174.0,305.10005593299866,239.32904183864594,380.0255227088928,235.47812283039093,346.35257720947266,267.7171325683594,347.8201725608424,317.93780527616804,94.12136673927307,0,0,0,0,0,0,forward,0.1309616195133361,-0.050291511920105586,-0.05581667343892645,1,222,241,0.8081293106079102,0,None,342,236,304.7993927001953,238.35559558868408,380.14144134521484,234.49932861328125,1
1,1,254.0,198.0,176.0,176.0,304.4593584537506,244.68768417835236,380.17459630966187,237.17445462942123,347.30289459228516,272.0223140716553,348.82391377499226,320.1387375279477,94.48937773704529,0,0,0,0,0,0,forward,0.10058003235830063,-0.06403013345449768,-0.08363355613637392,1,223,241,0.7358053922653198,0,None,342,240,304.69687271118164,244.0839500427246,380.45947265625,236.40415477752686,1
1,1,258.0,200.0,171.0,171.0,305.4385197162628,242.5533664226532,380.40374279022217,236.80864334106445,348.8112258911133,270.7685852050781,348.8243785657381,318.69816428736635,94.35356259346008,0,0,0,0,0,0,forward,0.0987832805915343,-0.10976824954764812,-0.06382452882161782,1,222,241,0.8164884448051453,0,top_left,342,238,305.60774993896484,241.65286445617676,380.0417175292969,235.74705505371094,1
1,1,256.0,199.0,174.0,174.0,305.3016722202301,245.50426483154297,380.68264722824097,237.8605404496193,349.43382263183594,272.5803565979004,352.5042945460269,320.26582266155043,93.00825595855713,0,0,0,0,0,0,forward,0.10490929156905117,-0.10432099098639125,-0.10071338971417902,1,223,241,0.7995148301124573,0,top_left,342,241,304.6758117675781,245.06425952911377,380.81813049316406,237.1655101776123,1
1,1,256.0,202.0,176.0,176.0,305.46736240386963,243.53817701339722,381.94374084472656,237.60992109775543,348.32977294921875,272.6923370361328,350.2198831658614,319.87580801311293,93.51803660392761,0,0,0,0,0,0,forward,0.08646359293798432,-0.05830387287174492,-0.07858928678608022,1,223,241,0.8011879324913025,0,top_left,342,240,304.2379722595215,243.053466796875,381.16062927246094,237.05294036865234,1
1,1,260.0,202.0,170.0,170.0,306.5717136859894,244.75257575511932,383.02706480026245,237.18221873044968,351.9200134277344,271.77589416503906,354.6491161145662,320.25442976700634,92.76179671287537,0,0,0,0,0,0,forward,0.11261987849318572,-0.11104246181565379,-0.09868540499870228,1,226,240,0.8099448084831238,0,top_left,344,240,306.37572479248047,244.40628147125244,382.9176483154297,236.7333641052246,1
1,1,259.0,201.0,169.0,169.0,306.4546275138855,244.73739445209503,381.33790016174316,239.02728259563446,347.70984649658203,270.10422706604004,349.9054075542249,319.49702363265186,93.78578662872314,0,0,0,0,0,0,forward,0.15143999763141405,-0.03414397498995792,-0.07569989371038108,1,223,241,0.7818096280097961,0,None,343,241,305.5429229736328,244.52319717407227,381.68103790283203,238.8067102432251,1
1,1,253.0,201.0,178.0,178.0,305.90319752693176,243.43001514673233,382.38805770874023,237.57727771997452,350.3470230102539,272.3679542541504,351.46953181216594,320.350758903905,94.22022104263306,0,0,0,0,0,0,forward,0.08662727396010372,-0.11682401017675918,-0.07324695350530235,1,224,241,0.7833858132362366,0,top_left,344,240,305.4049263000488,242.94301986694336,382.6597213745117,237.13120365142822,1
1,1,255.0,202.0,174.0,174.0,307.19385981559753,242.08877831697464,381.58345460891724,237.78654634952545,349.62318420410156,270.74764251708984,351.2080082140471,318.40010893972294,94.52167749404907,0,0,0,0,0,0,forward,0.11145432532758799,-0.09517742935677835,-0.06285807763371999,1,223,241,0.7951093316078186,0,top_left,344,239,306.40575408935547,241.35217666625977,382.0290985107422,236.8720121383667,1
1,1,262.0,199.0,161.0,161.0,309.34828996658325,242.60551929473877,381.09418392181396,237.1289885044098,347.8154754638672,273.7405014038086,348.2307755319696,312.02314176057513,89.03697729110718,0,0,0,0,0,0,forward,-0.012142264990267212,0.00871418500221052,-0.07006662931361007,1,223,241,0.7698127627372742,0,None,346,239,310.9795112609863,242.18571853637695,381.79312896728516,236.5266981124878,1
1,1,266.0,199.0,158.0,158.0,310.33146262168884,241.60448670387268,384.92167949676514,236.63842141628265,353.9409637451172,272.8173637390137,353.10156169690583,304.66720330087765,89.88077044487,0,0,0,0,0,0,forward,-0.16588680965780414,-0.029947177163033658,-0.08982480391692821,1,224,241,0.8088331818580627,0,top_left,347,238,309.2623519897461,241.12068557739258,384.85118865966797,235.8925838470459,1
1,1,267.0,201.0,165.0,165.0,321.9174110889435,237.84211099147797,390.3156065940857,237.3010602593422,362.5586700439453,268.6647891998291,363.97672552811474,312.58796942861454,89.63190913200378,0,0,0,0,0,0,forward,0.1140606603416792,-0.1943254082330679,-0.041947436205999805,1,225,240,0.8965185880661011,0,top_left,356,236,321.6499710083008,237.1750030517578,390.7473678588867,236.6126832962036,1
1,1,284.0,198.0,160.0,160.0,325.568710565567,240.59253841638565,398.46567392349243,240.08368492126465,366.3011169433594,268.419828414917,363.79763954564146,313.9807274467067,94.35093998908997,0,0,0,0,0,0,forward,0.14030866931117975,-0.07998649047783454,-0.0073308614105270856,1,226,237,0.881008505821228,0,top_left,360,240,323.23290634155273,240.85260772705078,398.63843536376953,240.44438552856445,1
1,1,280.0,196.0,165.0,165.0,326.1983644962311,237.7443328499794,400.1437187194824,238.37453216314316,368.9631652832031,266.47705078125,366.24162774336963,312.78527912340667,93.37528944015503,0,0,0,0,0,0,forward,0.14047939036030346,-0.14539093275643458,0.002791728875940844,1,227,237,0.8957982659339905,0,top_left,362,237,325.08757400512695,237.26014137268066,400.3715362548828,238.04397583007812,1
1,1,278.0,193.0,166.0,166.0,330.3360319137573,236.53373301029205,402.68195390701294,237.8085806965828,373.73207092285156,265.6007766723633,372.3970031738281,312.6705611379523,93.05520057678223,0,0,0,0,0,0,forward,0.16220001517681618,-0.19892015577626723,0.003927543366828115,1,227,237,0.8985703587532043,0,top_left,366,236,330.40162658691406,236.0520830154419,403.07271575927734,237.34877586364746,1
1,1,277.0,192.0,169.0,169.0,332.36491680145264,236.59746497869492,404.4981050491333,236.59354358911514,374.5453643798828,265.8328628540039,371.12151698062297,313.735677819503,93.78267526626587,0,0,0,0,0,0,forward,0.12376945135969258,-0.20657642223128986,0.004618445534462006,1,228,238,0.818626344203949,0,top_left,368,235,332.0977020263672,235.71095180511475,405.3399658203125,235.80188655853271,1
1,1,276.0,196.0,167.0,167.0,331.129435300827,235.766059756279,406.5190649032593,235.56893169879913,378.4407424926758,262.76601791381836,373.99384950336656,309.3631372953716,91.56655669212341,0,0,0,0,0,0,forward,0.14757988057611846,-0.21579523079315838,0.010189438549104618,1,228,238,0.8192092180252075,0,top_left,367,234,329.2043914794922,234.95682907104492,406.3607406616211,234.69265365600586,1
1,1,277.0,195.0,165.0,165.0,333.52986693382263,231.6784518957138,404.5952296257019,233.33116561174393,377.7657699584961,260.86941719055176,373.21259950336656,306.72795446295487,91.27672910690308,1,0,0,0.21668380498886108,0.9332683682441711,1,forward,0.1391170647991472,-0.24383771295856113,0.023937909402645806,0,0,0,0,0,top_left,368,231,332.7100830078125,230.67579746246338,404.95233154296875,232.29701614379883,1
1,1,275.0,194.0,162.0,162.0,331.28392338752747,234.38746958971024,403.1899857521057,238.32106947898865,375.9417724609375,262.4043273925781,370.84478478682666,306.60463232743115,91.54456853866577,1,0,0,0.21547400951385498,0.886603832244873,1,forward,0.16285239997105858,-0.22678214282016515,0.04560208893344551,0,0,0,0,0,top_left,367,235,330.6517028808594,233.92125034332275,403.51026916503906,237.77399826049805,1
1,1,269.0,193.0,169.0,169.0,328.49303364753723,232.2890728712082,400.0234079360962,236.49508953094482,373.23158264160156,261.95234298706055,368.0627100091231,307.46213210256474,91.98100566864014,1,0,0,0.19965201616287231,0.8068316578865051,1,forward,0.13583286606751516,-0.2853396824236902,0.05266632902933571,0,0,0,0,0,top_left,363,233,327.6554718017578,231.73761463165283,400.23104095458984,235.83837604522705,1
1,1,263.0,192.0,170.0,170.0,324.49289083480835,232.48273998498917,397.39089012145996,235.83370953798294,370.8523941040039,261.81352615356445,366.2223976536801,308.945235202187,92.45434999465942,0,0,0,0,0,0,forward,0.16354952877624077,-0.2747768356231451,0.0435506862364455,1,132,206,0.52821284532547,0,top_left,360,233,323.1590118408203,231.51862907409668,397.88245391845703,235.03364753723145,1
1,1,259.0,193.0,173.0,173.0,320.98689556121826,236.5397384762764,394.3978500366211,238.49544882774353,365.40077209472656,266.2301445007324,361.0111316881682,313.1193050585295,90.83660840988159,0,0,0,0,0,0,forward,0.14874641756514528,-0.23131187895960986,0.029563308198588323,1,129,235,0.5103444457054138,0,top_left,357,236,319.93355560302734,235.94175338745117,395.88501739501953,237.7062292098999,1
1,1,249.0,198.0,184.0,184.0,315.2872323989868,240.82545161247253,391.05631589889526,243.57233583927155,360.71685791015625,274.0641975402832,356.5249894794665,320.65262844688016,94.4560706615448,0,0,0,0,0,0,forward,0.11426905475890257,-0.20527064843828874,0.03084472548877926,0,0,0,0,0,top_left,352,241,313.9131278991699,239.86078548431396,391.37471771240234,242.69415092468262,1
1,1,250.0,201.0,181.0,181.0,308.8560152053833,247.46364533901215,384.0091609954834,246.77890598773956,354.3543243408203,281.89613342285156,350.3393514532792,327.4368411616275,92.22291111946106,0,0,0,0,0,0,forward,0.06386975218044479,-0.24569368170405204,0.004865151996878192,1,224,237,0.825332522392273,0,top_left,345,246,307.27399826049805,246.788818359375,383.15576171875,245.96726989746094,1
1,1,246.0,201.0,185.0,185.0,309.6954667568207,251.06845378875732,385.8874487876892,248.6799967288971,355.76499938964844,285.7229232788086,351.4324148077714,330.4765425230327,93.53687763214111,0,0,0,0,0,0,forward,0.0299554029406506,-0.2342806966646866,-0.013896941176246281,1,225,238,0.8552630543708801,0,top_left,347,249,308.9568977355957,250.5816307067871,386.6387634277344,248.0456371307373,1
1,1,248.0,203.0,180.0,180.0,308.6075174808502,250.82245588302612,382.78210401535034,249.5491075515747,352.97916412353516,286.62034034729004,349.3922866018195,331.29324862831515,95.31535506248474,0,0,0,0,0,0,forward,0.04880462715705279,-0.22986484127547516,-0.00940919041242584,1,224,237,0.8692418336868286,0,top_left,345,249,309.16490936279297,250.42797660827637,382.5067672729492,248.9406452178955,1
1,1,243.0,203.0,184.0,184.0,307.112717628479,249.93643999099731,380.8170199394226,249.0434718132019,350.42144775390625,286.0715675354004,346.05934544613484,330.57969595256606,96.15843296051025,0,0,0,0,0,0,forward,0.04868750067985863,-0.22545258253078662,-0.0005265592962864224,1,225,239,0.8118317723274231,0,top_left,344,248,307.76701736450195,249.22404098510742,380.97178649902344,248.28745651245117,1
1,1,246.0,200.0,183.0,183.0,306.5971076488495,249.92257833480835,380.2563500404358,247.65300571918488,348.08719635009766,286.6054916381836,345.5727055198268,330.58282801979465,96.51740789413452,0,0,0,0,0,0,forward,0.010768294014665156,-0.17707830948860884,-0.015691032732297047,1,224,240,0.7287824153900146,0,top_left,343,248,306.5090751647949,249.39711570739746,381.3722457885742,246.9466094970703,1
1,1,246.0,201.0,181.0,181.0,302.9758369922638,250.38623750209808,380.17061948776245,246.87943696975708,348.2634735107422,284.7298049926758,345.57930494609633,329.82019976565715,95.44704556465149,0,0,0,0,0,0,forward,0.03279571953021748,-0.15895528942906412,-0.029714727032837455,1,225,239,0.75226891040802,0,top_left,341,248,301.7203063964844,249.93740844726562,380.3610534667969,246.32718658447266,1
1,1,250.0,202.0,177.0,177.0,303.5432720184326,250.35870730876923,379.7424244880676,246.46389842033386,348.9019012451172,285.5281448364258,344.8428414997302,330.8892646588777,96.71885371208191,0,0,0,0,0,0,forward,0.012024953885579006,-0.2082749346432956,-0.030978394571787114,1,222,240,0.7748197913169861,0,top_left,341,247,303.0941696166992,249.62482452392578,380.2770538330078,245.6180820465088,1
1,1,248.0,201.0,180.0,180.0,300.08256554603577,252.87396132946014,377.58986711502075,247.6220816373825,347.0348358154297,285.2193260192871,346.15915900782534,329.87716724998074,96.97558283805847,0,0,0,0,0,0,forward,0.04630425163018336,-0.1645836523005923,-0.06834495469380349,1,222,241,0.7508513927459717,0,top_left,339,249,300.5617141723633,252.44769859313965,378.4439239501953,246.9649200439453,1
1,1,251.0,200.0,176.0,176.0,304.3694043159485,251.83202147483826,378.79217863082886,247.1352642774582,350.23887634277344,285.1560688018799,348.9337238512541,331.0017510464317,96.09270691871643,0,0,0,0,0,0,forward,0.051986426293885266,-0.23341055428389373,-0.055572034368963165,1,224,239,0.8651379942893982,0,top_left,341,248,303.8085403442383,251.31422424316406,378.9037094116211,246.53960609436035,1
1,1,248.0,199.0,181.0,181.0,302.4985444545746,252.17638671398163,378.7392520904541,249.24846768379211,348.1095504760742,283.96814346313477,345.1873297440378,329.64326356586656,96.33888006210327,0,0,0,0,0,0,forward,0.07493422553932472,-0.17225259957481112,-0.03029035187334362,1,225,240,0.8503940105438232,0,top_left,338,250,299.75634384155273,251.71426963806152,377.93292236328125,248.45717239379883,1
1,1,248.0,203.0,176.0,176.0,301.18525981903076,253.8280212879181,377.1971535682678,250.78671276569366,345.9960174560547,283.25182914733887,346.1290198878238,329.1643177835565,95.91625332832336,0,0,0,0,0,0,forward,0.11225419979788032,-0.13392880876171964,-0.046051439201934254,1,221,239,0.8525582551956177,0,top_left,339,251,301.59001541137695,253.5054702758789,377.39684295654297,250.22219467163086,1
1,1,246.0,201.0,181.0,181.0,300.3994846343994,253.94393384456635,377.3599600791931,249.18310046195984,345.5079650878906,283.15595626831055,344.70261824758427,328.35718556454304,96.54532670974731,0,0,0,0,0,0,forward,0.06184551343538111,-0.12344322915292687,-0.0521647290117879,1,224,240,0.7363884449005127,0,top_left,338,251,299.5726127624512,253.48481941223145,377.3700256347656,248.7034206390381,1
1,1,245.0,199.0,182.0,182.0,298.63656640052795,250.30492901802063,375.052649974823,245.6483155488968,343.4224319458008,281.80237770080566,342.63343911421924,328.19379706131787,96.20442986488342,0,0,0,0,0,0,forward,0.06623530482434342,-0.15851038934691272,-0.05490751872245317,1,221,240,0.8605931997299194,0,top_left,336,247,297.9195442199707,249.7646427154541,374.9747772216797,245.06692028045654,1
1,1,129.0,227.0,207.0,207.0,164.44763481616974,319.0730684995651,244.90145325660706,268.71017932891846,209.9942970275879,339.5829963684082,247.90789654380396,386.2186763161107,88.1667971611023,0,0,0,0,0,0,forward,0.0661376360033183,0.16700204334648167,-0.5483295721135407,0,0,0,0,1,None,205,292,164.28883171081543,318.76667976379395,247.35539627075195,266.8982334136963,1
1,1,132.0,225.0,205.0,205.0,168.7752789258957,312.34538197517395,247.862890958786,264.3409878015518,216.80355072021484,334.3905830383301,251.58395867598685,381.26757671958524,88.59633803367615,0,0,0,0,0,0,forward,0.02513214357266034,0.17729917160547737,-0.5328794284058384,0,0,0,0,0,None,209,286,169.34218978881836,311.19598388671875,249.59075927734375,262.60301399230957,1
1,1,136.0,233.0,203.0,203.0,168.62824082374573,319.87194657325745,247.43351340293884,272.5547808408737,216.62240982055664,344.232873916626,253.55314355147513,389.2502297853169,89.77259397506714,0,0,0,0,0,0,forward,0.0012928104522281856,0.21691299963092983,-0.5387459153984284,0,0,0,0,1,bottom_right,209,295,168.8751678466797,318.96330642700195,249.12486267089844,271.2561492919922,1
1,1,129.0,230.0,211.0,211.0,167.92921781539917,314.5001667737961,247.9096233844757,272.7700996398926,211.47762298583984,343.374080657959,249.1222522133275,390.38604535554583,91.66621565818787,0,0,0,0,0,0,forward,-0.009983607413432148,0.27809872241992284,-0.492847500644349,1,181,237,0.5043169260025024,1,bottom_right,209,292,168.6446647644043,313.60937690734863,250.33249282836914,271.17970848083496,1
1,1,122.0,226.0,221.0,221.0,161.6046792268753,308.21070671081543,243.83261442184448,273.1298053264618,199.60071563720703,342.1058177947998,231.52713876021537,389.49622505589537,88.94726037979126,0,0,0,0,0,0,forward,0.00270502967802934,0.31902178971768025,-0.4078172861278938,0,0,0,0,1,bottom_right,205,289,162.72329139709473,307.37098503112793,247.48963928222656,271.40318870544434,1
1,1,123.0,229.0,217.0,217.0,157.5150740146637,308.3838200569153,240.50086379051208,279.1317093372345,185.5762481689453,343.5436248779297,218.7447045978747,392.94478617216413,90.05069732666016,0,0,0,0,0,0,forward,0.045277584529366754,0.33819763198414166,-0.3571872158550984,0,0,0,0,1,bottom_right,200,293,158.23473930358887,307.9225616455078,242.58590698242188,278.7652072906494,1
1,1,122.0,227.0,229.0,229.0,155.140300989151,307.0415014028549,232.24088072776794,278.81345987319946,173.21640014648438,343.9954376220703,210.34754000212016,395.81012474863155,92.56731271743774,0,0,0,0,0,0,right,0.09534747404158055,0.4749053653460905,-0.3662857079338029,1,181,234,0.5194419026374817,1,bottom_right,193,292,154.0226593017578,306.73888206481934,232.24526977539062,278.344144821167,1
1,1,121.0,226.0,216.0,216.0,141.24595403671265,299.3661689758301,205.80814957618713,282.3408329486847,138.91216278076172,346.94664001464844,177.1681409133108,392.3727969119423,88.10476660728455,0,0,0,0,0,0,right,0.07395638632037099,0.6399073899910747,-0.2808248252125524,1,186,238,0.5805949568748474,1,bottom_right,172,290,139.2912540435791,299.3991508483887,204.90134048461914,280.8695411682129,1
1,1,123.0,221.0,197.0,197.0,139.8962950706482,290.38237631320953,197.80539989471436,279.8270112276077,128.67450714111328,341.8973922729492,159.24576909918534,382.30761578208524,89.15207982063293,0,0,0,0,0,0,right,-0.2108472607909964,1.239501922471967,-0.11082961186399187,1,190,238,0.76806640625,0,top_left,168,284,141.42689514160156,289.38886070251465,195.28778457641602,279.3603572845459,1
1,1,122.0,222.0,206.0,206.0,141.68325185775757,294.2652529478073,198.72470498085022,282.310996055603,130.88128089904785,339.9554443359375,160.4453608864232,380.3571721127159,92.66127943992615,0,0,0,0,0,0,right,-0.14541234384595533,1.2013116102200374,-0.05259261668992623,1,192,237,0.6727807521820068,1,top_left,170,288,141.5366497039795,294.46670722961426,198.52276229858398,282.6541042327881,1
1,1,128.0,226.0,201.0,201.0,149.0750151872635,297.75589406490326,204.57334876060486,284.376899600029,137.26259231567383,343.72392654418945,168.22476387023926,385.56065308420284,90.1695728302002,0,0,0,0,0,0,down,0.7479366800442249,-1.279016040738432,0.4621116668722465,1,194,239,0.6334783434867859,1,top_left,175,291,149.3198413848877,297.5628776550293,202.67546463012695,284.58423614501953,1
1,1,131.0,221.0,198.0,198.0,142.92407095432281,288.32022964954376,200.77559351921082,277.4862867593765,133.78677368164062,335.9999084472656,167.65064942209344,378.4193259791324,87.70992755889893,0,0,0,0,0,0,right,-0.20886309182760757,1.210106705955014,-0.0452252392788098,1,196,239,0.653433084487915,0,top_left,173,282,144.74190139770508,287.8314743041992,201.6098175048828,276.3882122039795,1
1,1,118.0,217.0,203.0,203.0,142.43871450424194,282.03377544879913,194.0247929096222,272.62298583984375,122.18639373779297,337.45516777038574,160.2985954284668,376.67732138382763,89.26935195922852,0,0,0,0,0,0,right,0.07498397538072633,0.8509665227065614,-0.1950629373020423,1,193,238,0.6529615521430969,1,bottom_right,167,276,141.8980598449707,281.9967555999756,193.70708084106445,271.76270484924316,1
1,1,111.0,221.0,207.0,207.0,134.4992744922638,292.1936023235321,183.59601497650146,277.6352244615555,117.98636436462402,344.1647243499756,151.6655485253585,384.5637838464034,87.83225417137146,0,0,0,0,0,0,right,0.12943126434197244,0.8548023760790995,-0.27245878384519745,1,187,239,0.701616644859314,1,bottom_right,157,284,133.64092254638672,292.44627571105957,180.5376319885254,276.7726879119873,1
1,1,104.0,222.0,212.0,212.0,128.48618924617767,297.2904896736145,176.58257603645325,281.2239772081375,109.66039657592773,345.94207763671875,146.1711055354068,384.4969774547376,90.79650044441223,0,0,0,0,0,0,right,0.1751422836174784,0.8528680127622601,-0.30518404425578577,1,182,240,0.5441972017288208,1,bottom_right,152,287,130.85712051391602,296.17736434936523,174.88404846191406,279.7982883453369,1
1,1,109.0,224.0,190.0,190.0,118.19810092449188,293.6652624607086,162.76476442813873,280.4602771997452,102.51485824584961,340.03137588500977,137.37124342667428,384.4523831417686,89.3767237663269,0,0,0,0,0,0,left,0.07182975591352816,-1.1423940072939494,0.043442282139827544,1,179,239,0.5219067335128784,0,top_right,142,284,122.33866882324219,291.60205078125,162.7203540802002,277.3105773925781,1
1,1,87.0,224.0,206.0,206.0,110.96893191337585,294.13798928260803,152.78792202472687,280.95853328704834,95.28414726257324,342.8195285797119,128.58631284613358,381.9032267520302,88.23409676551819,0,0,0,0,0,0,right,-0.31471626591676893,1.4540350758305076,-0.1439250341089927,1,179,240,0.6406375765800476,1,bottom_left,132,285,113.71976089477539,292.37384605407715,151.73284339904785,278.6373996734619,1
1,1,81.0,228.0,207.0,207.0,0,0,0,0,0,0,0,0,88.3659303188324,0,0,0,0,0,0,None,0.0,0.0,0.0,0,0,0,0,0,None,0,0,0,0,0,0,1
1,1,73.0,229.0,221.0,221.0,0,0,0,0,0,0,0,0,88.7668251991272,0,0,0,0,0,0,None,0.0,0.0,0.0,0,0,0,0,0,None,0,0,0,0,0,0,1
1,1,67.0,227.0,223.0,223.0,0,0,0,0,0,0,0,0,90.19533395767212,0,0,0,0,0,0,None,0.0,0.0,0.0,0,0,0,0,0,None,0,0,0,0,0,0,1
1,1,66.0,234.0,217.0,217.0,0,0,0,0,0,0,0,0,87.49533295631409,0,0,0,0,0,0,None,0.0,0.0,0.0,1,176,239,0.6389023065567017,0,None,0,0,0,0,0,0,1
1,1,65.0,243.0,211.0,211.0,0,0,0,0,0,0,0,0,85.35624146461487,0,0,0,0,0,0,None,0.0,0.0,0.0,0,0,0,0,0,None,0,0,0,0,0,0,1
1,1,66.0,249.0,211.0,211.0,0,0,0,0,0,0,0,0,87.28672862052917,0,0,0,0,0,0,None,0.0,0.0,0.0,1,171,239,0.5506839752197266,0,None,0,0,0,0,0,0,1
1,1,64.0,244.0,205.0,205.0,0,0,0,0,0,0,0,0,87.52484917640686,0,0,0,0,0,0,None,0.0,0.0,0.0,1,174,239,0.6825478076934814,0,None,0,0,0,0,0,0,1
1,1,61.0,253.0,207.0,207.0,0,0,0,0,0,0,0,0,87.98906207084656,0,0,0,0,0,0,None,0.0,0.0,0.0,1,174,240,0.5410362482070923,0,None,0,0,0,0,0,0,1
1,1,59.0,267.0,204.0,204.0,0,0,0,0,0,0,0,0,86.55309081077576,0,0,0,0,0,0,None,0.0,0.0,0.0,1,177,240,0.6157941222190857,0,None,0,0,0,0,0,0,1
1,1,50.0,290.0,193.0,193.0,0,0,0,0,0,0,0,0,85.85219979286194,0,0,0,0,0,0,None,0.0,0.0,0.0,1,178,239,0.6560752987861633,0,None,0,0,0,0,0,0,1
1,1,47.0,306.0,168.0,168.0,0,0,0,0,0,0,0,0,80.54840564727783,0,0,0,0,0,0,None,0.0,0.0,0.0,1,172,238,0.6774812340736389,0,None,0,0,0,0,0,0,1
1,1,31.0,314.0,173.0,173.0,0,0,0,0,0,0,0,0,73.66891503334045,0,0,0,0,0,0,None,0.0,0.0,0.0,1,176,238,0.5223499536514282,0,None,0,0,0,0,0,0,1
1,1,17.0,320.0,207.0,207.0,0,0,0,0,0,0,0,0,51.355934143066406,0,0,0,0,0,0,None,0.0,0.0,0.0,1,297,238,0.6732646226882935,0,None,0,0,0,0,0,0,1
0,0,0,0,0,0,0,0,0,0,0,0,0,0,0,0,0,0,0,0,0,None,0.0,0.0,0.0,1,288,238,0.6143081188201904,0,None,0,0,0,0,0,0,1
0,0,0,0,0,0,0,0,0,0,0,0,0,0,0,0,0,0,0,0,0,None,0.0,0.0,0.0,0,0,0,0,0,None,0,0,0,0,0,0,1
0,0,0,0,0,0,0,0,0,0,0,0,0,0,0,0,0,0,0,0,0,None,0.0,0.0,0.0,1,281,237,0.6432701945304871,0,None,0,0,0,0,0,0,1
0,0,0,0,0,0,0,0,0,0,0,0,0,0,0,0,0,0,0,0,0,None,0.0,0.0,0.0,1,308,237,0.7266095280647278,0,None,0,0,0,0,0,0,1
0,0,0,0,0,0,0,0,0,0,0,0,0,0,0,0,0,0,0,0,0,None,0.0,0.0,0.0,1,314,238,0.7454769015312195,0,None,0,0,0,0,0,0,1
0,0,0,0,0,0,0,0,0,0,0,0,0,0,0,0,0,0,0,0,0,None,0.0,0.0,0.0,1,304,238,0.7998927235603333,0,None,0,0,0,0,0,0,1
0,0,0,0,0,0,0,0,0,0,0,0,0,0,0,0,0,0,0,0,0,None,0.0,0.0,0.0,1,297,239,0.7494947910308838,0,None,0,0,0,0,0,0,1
0,0,0,0,0,0,0,0,0,0,0,0,0,0,0,0,0,0,0,0,0,None,0.0,0.0,0.0,1,315,238,0.7794750332832336,0,None,0,0,0,0,0,0,1
0,0,0,0,0,0,0,0,0,0,0,0,0,0,0,0,0,0,0,0,0,None,0.0,0.0,0.0,1,317,239,0.7804462909698486,0,None,0,0,0,0,0,0,1
0,0,0,0,0,0,0,0,0,0,0,0,0,0,0,0,0,0,0,0,0,None,0.0,0.0,0.0,1,316,238,0.8381660580635071,0,None,0,0,0,0,0,0,1
0,0,0,0,0,0,0,0,0,0,0,0,0,0,0,0,0,0,0,0,0,None,0.0,0.0,0.0,1,317,238,0.8655466437339783,0,None,0,0,0,0,0,0,1
0,0,0,0,0,0,0,0,0,0,0,0,0,0,0,0,0,0,0,0,0,None,0.0,0.0,0.0,1,317,238,0.83614581823349,0,None,0,0,0,0,0,0,1
0,0,0,0,0,0,0,0,0,0,0,0,0,0,0,0,0,0,0,0,0,None,0.0,0.0,0.0,1,317,237,0.8530417084693909,0,None,0,0,0,0,0,0,1
0,0,0,0,0,0,0,0,0,0,0,0,0,0,0,0,0,0,0,0,0,None,0.0,0.0,0.0,1,317,237,0.875640869140625,0,None,0,0,0,0,0,0,1
0,0,0,0,0,0,0,0,0,0,0,0,0,0,0,0,0,0,0,0,0,None,0.0,0.0,0.0,1,317,238,0.8830455541610718,0,None,0,0,0,0,0,0,1
0,0,0,0,0,0,0,0,0,0,0,0,0,0,0,0,0,0,0,0,0,None,0.0,0.0,0.0,1,316,237,0.8559028506278992,0,None,0,0,0,0,0,0,1
0,0,0,0,0,0,0,0,0,0,0,0,0,0,0,0,0,0,0,0,0,None,0.0,0.0,0.0,1,317,237,0.8896466493606567,0,None,0,0,0,0,0,0,1
0,0,0,0,0,0,0,0,0,0,0,0,0,0,0,0,0,0,0,0,0,None,0.0,0.0,0.0,1,316,238,0.8602352142333984,0,None,0,0,0,0,0,0,1
0,0,0,0,0,0,0,0,0,0,0,0,0,0,0,0,0,0,0,0,0,None,0.0,0.0,0.0,1,317,238,0.8079149127006531,0,None,0,0,0,0,0,0,1
0,0,0,0,0,0,0,0,0,0,0,0,0,0,0,0,0,0,0,0,0,None,0.0,0.0,0.0,1,317,238,0.7826589345932007,0,None,0,0,0,0,0,0,1
0,0,0,0,0,0,0,0,0,0,0,0,0,0,0,0,0,0,0,0,0,None,0.0,0.0,0.0,1,312,239,0.7173687219619751,0,None,0,0,0,0,0,0,1
0,0,0,0,0,0,0,0,0,0,0,0,0,0,0,0,0,0,0,0,0,None,0.0,0.0,0.0,1,297,237,0.7337767481803894,0,None,0,0,0,0,0,0,1
0,0,0,0,0,0,0,0,0,0,0,0,0,0,0,0,0,0,0,0,0,None,0.0,0.0,0.0,1,272,238,0.6725439429283142,0,None,0,0,0,0,0,0,1
0,0,0,0,0,0,0,0,0,0,0,0,0,0,0,0,0,0,0,0,0,None,0.0,0.0,0.0,1,312,237,0.7978151440620422,0,None,0,0,0,0,0,0,1
0,0,0,0,0,0,0,0,0,0,0,0,0,0,0,0,0,0,0,0,0,None,0.0,0.0,0.0,1,314,237,0.8656021952629089,0,None,0,0,0,0,0,0,1
0,0,0,0,0,0,0,0,0,0,0,0,0,0,0,0,0,0,0,0,0,None,0.0,0.0,0.0,1,315,237,0.9079607725143433,0,None,0,0,0,0,0,0,1
0,0,0,0,0,0,0,0,0,0,0,0,0,0,0,0,0,0,0,0,0,None,0.0,0.0,0.0,1,317,238,0.9242039322853088,0,None,0,0,0,0,0,0,1
0,0,0,0,0,0,0,0,0,0,0,0,0,0,0,0,0,0,0,0,0,None,0.0,0.0,0.0,1,318,238,0.9042684435844421,0,None,0,0,0,0,0,0,1
0,0,0,0,0,0,0,0,0,0,0,0,0,0,0,0,0,0,0,0,0,None,0.0,0.0,0.0,1,319,238,0.9107705950737,0,None,0,0,0,0,0,0,1
0,0,0,0,0,0,0,0,0,0,0,0,0,0,0,0,0,0,0,0,0,None,0.0,0.0,0.0,1,319,238,0.9026990532875061,0,None,0,0,0,0,0,0,1
0,0,0,0,0,0,0,0,0,0,0,0,0,0,0,0,0,0,0,0,0,None,0.0,0.0,0.0,1,320,238,0.9014548659324646,0,None,0,0,0,0,0,0,1
0,0,0,0,0,0,0,0,0,0,0,0,0,0,0,0,0,0,0,0,0,None,0.0,0.0,0.0,1,320,238,0.8908794522285461,0,None,0,0,0,0,0,0,1
0,0,0,0,0,0,0,0,0,0,0,0,0,0,0,0,0,0,0,0,0,None,0.0,0.0,0.0,1,320,238,0.9106295108795166,0,None,0,0,0,0,0,0,1
0,0,0,0,0,0,0,0,0,0,0,0,0,0,0,0,0,0,0,0,0,None,0.0,0.0,0.0,1,320,238,0.9088103771209717,0,None,0,0,0,0,0,0,1
0,0,0,0,0,0,0,0,0,0,0,0,0,0,0,0,0,0,0,0,0,None,0.0,0.0,0.0,1,320,238,0.9055836796760559,0,None,0,0,0,0,0,0,1
0,0,0,0,0,0,0,0,0,0,0,0,0,0,0,0,0,0,0,0,0,None,0.0,0.0,0.0,1,319,238,0.9137024283409119,0,None,0,0,0,0,0,0,1
0,0,0,0,0,0,0,0,0,0,0,0,0,0,0,0,0,0,0,0,0,None,0.0,0.0,0.0,1,320,238,0.9167073369026184,0,None,0,0,0,0,0,0,1
0,0,0,0,0,0,0,0,0,0,0,0,0,0,0,0,0,0,0,0,0,None,0.0,0.0,0.0,1,320,238,0.9089969992637634,0,None,0,0,0,0,0,0,1
0,0,0,0,0,0,0,0,0,0,0,0,0,0,0,0,0,0,0,0,0,None,0.0,0.0,0.0,1,320,238,0.9219021797180176,0,None,0,0,0,0,0,0,1
0,0,0,0,0,0,0,0,0,0,0,0,0,0,0,0,0,0,0,0,0,None,0.0,0.0,0.0,1,320,238,0.8984394669532776,0,None,0,0,0,0,0,0,1
1,1,218.0,4.0,232.0,232.0,295.2118706703186,63.8139608502388,394.61315393447876,72.69419699907303,342.68482208251953,127.85217761993408,333.7341348748458,178.6597176602012,91.93095564842224,0,0,0,0,0,0,None,-0.3701373174433602,-0.10013643744058635,0.0626517183467021,1,302,240,0.789150059223175,1,bottom_left,345,67,294.6566581726074,62.710970878601074,396.69571685791016,71.61252880096436,1
1,1,223.0,3.0,230.0,230.0,301.1860752105713,63.2712659239769,396.9850707054138,72.8679746389389,345.66654205322266,127.90340423583984,335.7189298930921,176.84295302943178,91.89543724060059,0,0,0,0,0,0,None,-0.36731876981710665,-0.11235864906937443,0.07980004105549132,1,303,240,0.7851928472518921,1,bottom_left,349,66,300.57042694091797,62.14367723464966,397.7634582519531,71.7291054725647,1
1,1,223.0,0.0,234.0,234.0,301.5610146522522,62.94296532869339,399.3329882621765,73.26311588287354,350.2435302734375,128.65811347961426,339.2435083891216,176.26664513035826,94.04938817024231,0,0,0,0,0,0,None,-0.39812904920136544,-0.16398668001597883,0.05702704053068687,1,283,240,0.773312509059906,1,bottom_left,350,66,300.64514923095703,61.65127372741699,399.3918762207031,71.85941219329834,1
1,1,218.0,0.0,245.0,245.0,301.9630992412567,62.4469193816185,399.7659945487976,72.69528687000275,351.2806701660156,126.52647972106934,338.79464701602336,175.1018782665855,92.94852614402771,0,0,0,0,0,0,None,-0.37442726375257407,-0.18481443682641027,0.05852995864220556,1,302,240,0.770465612411499,1,bottom_left,349,66,299.81798934936523,61.48601818084717,399.53646087646484,71.46964073181152,1
1,1,213.0,0.0,251.0,251.0,300.3070890903473,60.14499217271805,397.69285440444946,70.39719521999359,349.0507507324219,125.30965805053711,337.91316584536906,172.82002649809183,92.81394481658936,0,0,0,0,0,0,None,-0.3868521989015947,-0.18590444086921173,0.052936631482902057,1,294,240,0.7833749055862427,1,bottom_left,348,63,298.9887161254883,58.86894750595093,397.4880828857422,69.02301549911499,1
1,1,216.0,0.0,239.0,239.0,297.69920229911804,59.038770496845245,394.7274422645569,68.29589456319809,343.57227325439453,122.4935245513916,334.45324847572726,171.9321998796965,92.58145093917847,0,0,0,0,0,0,None,-0.37284131176677726,-0.10721322540635697,0.06617832865812857,1,295,240,0.8502119183540344,1,bottom_left,346,62,296.1781120300293,57.757365703582764,397.2380676269531,67.39912462234497,1
1,1,210.0,0.0,250.0,250.0,294.07036304473877,55.69583237171173,393.4035801887512,66.27314150333405,342.8004455566406,117.64193058013916,334.75982666015625,168.80000541084692,90.60829281806946,0,0,0,0,0,0,None,-0.33938125884684106,-0.10277266736825261,0.06707663741328779,1,299,240,0.8172943592071533,1,bottom_left,343,59,293.50451278686523,54.696956634521484,393.8871612548828,65.12048721313477,1
1,1,215.0,0.0,242.0,242.0,295.76502561569214,56.0007244348526,393.81199836730957,65.69316118955612,344.7251892089844,116.4897894859314,336.1406757957057,166.9342683490954,91.18406176567078,0,0,0,0,0,0,None,-0.3461141820133955,-0.12430510561112694,0.05365796351098912,1,292,240,0.8442896604537964,1,bottom_left,344,59,294.30296325683594,54.94619035720825,394.50425720214844,64.75758504867554,1
1,1,217.0,0.0,239.0,239.0,299.9039566516876,59.28917348384857,393.2511234283447,65.96290558576584,347.14202880859375,114.02576208114624,338.0979317112973,165.1244424518786,93.15473437309265,0,0,0,0,0,0,None,-0.30588715663146077,-0.14145231480453163,0.03929804980887802,1,299,240,0.8458526134490967,1,bottom_left,346,61,299.5037384033203,58.81345510482788,392.8935775756836,65.17379236221313,1
1,1,218.0,0.0,241.0,241.0,300.5806517601013,53.557985723018646,399.0391445159912,64.07346546649933,348.7744903564453,116.45020723342896,338.46124147114,165.82025377373947,91.62560105323792,0,0,0,0,0,0,None,-0.3685462026386526,-0.12375414980498976,0.06700186368381081,1,279,238,0.7386569380760193,1,bottom_left,349,57,299.06685638427734,51.847848415374756,400.37158966064453,62.61071062088013,1
1,1,227.0,0.0,239.0,238.0,306.32590651512146,54.22268807888031,405.508348941803,64.77862447500229,356.7449188232422,118.0902099609375,346.13008900692586,167.53337784817344,92.71579384803772,0,0,0,0,0,0,None,-0.3609894783608651,-0.15535740725303296,0.052501940922759435,1,286,240,0.7994722127914429,1,bottom_left,355,57,305.1634864807129,52.614864349365234,406.26344299316406,63.2239351272583,1
1,1,234.0,2.0,232.0,232.0,317.3626947402954,57.80358463525772,411.1751389503479,69.62594032287598,365.36651611328125,122.60504722595215,353.0578603242573,171.59928070871453,95.16586065292358,0,0,0,0,0,0,None,-0.3577050109430183,-0.22448268584418193,0.054313240021076736,1,296,240,0.7062962651252747,1,bottom_left,363,62,314.5705986022949,56.355327129364014,412.2264938354492,68.51604223251343,1
1,1,237.0,4.0,233.0,233.0,319.4706928730011,64.32761371135712,417.80235052108765,76.60899549722672,370.94715118408203,129.56969261169434,355.9759431136282,178.81234570553428,93.87118816375732,0,0,0,0,0,0,None,-0.3635948392197791,-0.24838360765324022,0.0569091862426417,1,299,240,0.7800474166870117,1,bottom_left,367,69,315.9748764038086,62.914308071136475,419.0810241699219,75.60322523117065,1
1,1,235.0,6.0,242.0,242.0,326.6852915287018,64.7500142455101,427.3390460014343,79.89472299814224,377.69195556640625,138.8774013519287,360.48676340203536,182.98504377666274,94.00138854980469,0,0,0,0,0,0,None,-0.45442034268133014,-0.22065874930744714,0.08138079301215789,1,301,240,0.7187682390213013,1,bottom_left,376,70,324.56657791137695,62.33590078353882,427.8711853027344,77.68320894241333,1
1,1,246.0,5.0,234.0,234.0,331.7683732509613,69.26427036523819,430.28573513031006,82.77346014976501,384.6967315673828,146.62113189697266,368.7624800832648,189.1652990642347,96.69797420501709,0,0,0,0,0,0,left,0.022597762086017003,-0.3923195837234543,-0.17424592627116103,1,305,240,0.5971521139144897,1,bottom_left,379,73,329.4836006164551,66.93148469924927,430.5080795288086,80.627450466156,1
1,1,249.0,11.0,230.0,230.0,333.76057863235474,73.35075974464417,433.436484336853,88.8451561331749,386.6318893432617,151.74365043640137,368.59980131450453,192.49812728480288,96.46033048629761,0,0,0,0,0,0,None,-0.47065971380234495,-0.24354739009881754,0.06287265962483196,1,300,240,0.6383068561553955,1,bottom_left,382,78,330.2125015258789,70.6338758468628,434.43172454833984,86.94259357452393,1
1,1,244.0,9.0,242.0,242.0,332.577987909317,76.23786360025406,434.1369318962097,92.20007568597794,386.50421142578125,153.39457511901855,369.2682426854184,196.25348342092414,95.21039724349976,0,0,0,0,0,0,None,-0.4403146241014946,-0.2281467834954335,0.06598395998425664,1,302,240,0.5787041783332825,1,bottom_left,382,82,330.7340393066406,74.60313177108765,434.46974182128906,90.65454626083374,1
1,1,249.0,14.0,234.0,234.0,335.2302575111389,76.38520270586014,433.47195625305176,93.58283579349518,384.0129089355469,154.32000160217285,367.07409908897,196.39530734012,94.23932433128357,0,0,0,0,0,0,None,-0.44503195303462895,-0.23346193986591057,0.09142693364856425,1,313,240,0.6622762680053711,1,bottom_left,383,83,333.0182113647461,74.73702478408813,434.6891632080078,92.368905544281,1
1,1,244.0,9.0,240.0,240.0,332.5046992301941,76.3811793923378,431.44105672836304,91.27920269966125,385.15953063964844,151.70557022094727,367.18210722270766,195.0205037468358,95.32748460769653,0,0,0,0,0,0,None,-0.43944749681211626,-0.25378148525039373,0.06426569013333053,1,296,240,0.6237972378730774,1,bottom_left,380,82,329.2842712402344,74.67267608642578,431.38783264160156,89.85806179046631,1
1,1,241.0,8.0,242.0,242.0,331.56657814979553,73.58579814434052,429.64604139328003,88.38917881250381,382.8282165527344,146.39928817749023,366.0357465242085,192.52742491270365,93.6214804649353,0,0,0,0,0,0,None,-0.3993220999593661,-0.2432598463372666,0.0751069505058024,1,308,240,0.6702569723129272,1,bottom_left,379,79,329.0691795349121,71.88307285308838,430.12928009033203,87.01978397369385,1
1,1,238.0,5.0,244.0,244.0,329.5131731033325,71.28110468387604,429.80700492858887,83.58022034168243,383.2526397705078,143.20208072662354,365.6402587890625,190.25119430140444,92.86938309669495,0,0,0,0,0,0,None,-0.4198091825171057,-0.2512290441287127,0.04751701917653555,1,294,238,0.6521860957145691,1,bottom_left,378,75,327.99129486083984,69.54978847503662,429.9947814941406,81.90569972991943,1
1,1,240.0,14.0,235.0,235.0,330.0014567375183,69.52699899673462,430.3578209877014,83.51944327354431,384.149169921875,138.2819366455078,365.6075788799085,185.4961048929315,94.96240019798279,0,0,0,0,0,0,None,-0.3976141715266476,-0.2360584857467592,0.07094709246150667,1,306,237,0.6792739629745483,1,bottom_left,379,75,328.2821350097656,68.04439687728882,430.5979690551758,82.01556730270386,1
1,1,237.0,6.0,242.0,242.0,331.54754400253296,67.14889973402023,428.20094108581543,80.95063984394073,381.02203369140625,138.19971084594727,366.78998645983245,184.75845638074372,93.2163655757904,0,0,0,0,0,0,None,-0.40156916727331116,-0.24434564104699102,0.061456885809987906,1,310,241,0.7164984941482544,1,bottom_left,379,72,329.70463943481445,65.7278881072998,428.78369140625,79.50173950195312,1
1,1,241.0,7.0,236.0,236.0,330.1372563838959,66.81236922740936,427.8718304634094,80.02341270446777,381.7469787597656,136.61437511444092,364.99773326673005,185.56118563601845,96.08040452003479,0,0,0,0,0,0,left,-0.3916965870432051,-0.26423948834109473,0.057597648778753036,1,303,239,0.616899311542511,1,bottom_left,377,71,327.66854095458984,65.16309928894043,428.3194351196289,78.46150016784668,1
1,1,243.0,5.0,236.0,236.0,327.42916107177734,67.06903606653214,426.0235333442688,80.23058831691742,380.59364318847656,136.5348243713379,363.7676720870169,182.6764342659398,94.617760181427,0,0,0,0,0,0,None,-0.40052601992401116,-0.2503844101136627,0.05576352967850744,1,304,237,0.6538866758346558,1,bottom_left,375,71,324.3698043823242,65.11926126480103,426.12147521972656,78.56459856033325,1
1,1,245.0,9.0,234.0,234.0,329.36606645584106,67.74047434329987,429.19034242630005,81.11623227596283,381.59217834472656,136.50595664978027,365.0687649375514,184.30947454352128,95.27829885482788,0,0,0,0,0,0,None,-0.39445216593277377,-0.20429044806084415,0.07328982014727906,1,304,238,0.5982049107551575,1,bottom_left,377,72,325.46945571899414,65.79512786865234,430.2286911010742,79.4763765335083,1
1,1,242.0,11.0,236.0,236.0,332.0005524158478,67.20724046230316,427.4286389350891,81.64695739746094,379.5454406738281,138.98650646209717,364.67507613332646,184.5297921331305,95.49970626831055,0,0,0,0,0,0,None,-0.4107744129839414,-0.25662702829447553,0.06438724144694542,1,309,239,0.6469112038612366,1,bottom_left,379,72,330.80030822753906,65.72046947479248,427.7295608520508,80.14213943481445,1
1,1,243.0,9.0,237.0,237.0,328.7575566768646,67.32990592718124,430.179340839386,82.93262243270874,379.93099212646484,141.16992473602295,364.26088232743115,188.40617706901148,96.26684188842773,0,0,0,0,0,0,None,-0.4156593029455174,-0.22595550173167298,0.07699568971029898,1,312,238,0.6484699249267578,1,bottom_left,377,72,325.4473991394043,64.55909156799316,430.4492950439453,80.4680700302124,1
1,1,243.0,5.0,238.0,238.0,332.6438522338867,71.64168655872345,428.4048891067505,88.8187426328659,382.662353515625,144.1658878326416,365.02749192087276,188.93054610804506,96.73706889152527,0,0,0,0,0,0,left,-0.383842636170586,-0.26891465093859984,0.08267190949610773,1,305,240,0.6056613326072693,1,bottom_left,380,79,331.0404281616211,70.46024179458618,429.34984588623047,87.84086179733276,1
1,1,244.0,8.0,240.0,240.0,338.8902425765991,73.12136739492416,432.0426845550537,88.77628773450851,384.6128845214844,144.7858428955078,367.09313041285463,191.11221765217027,96.34004235267639,0,0,0,0,0,0,left,-0.3815897121461934,-0.2965250744812255,0.08438182534743345,1,302,241,0.5436944365501404,1,bottom_left,387,80,339.97840118408203,72.63087701797485,434.37457275390625,88.28803396224976,1
1,1,244.0,8.0,238.0,238.0,335.22812247276306,71.67953342199326,435.24685859680176,87.78784364461899,388.52203369140625,146.91473007202148,369.03777273077714,191.73207935534026,98.07800650596619,0,0,0,0,0,0,None,-0.4314086558852267,-0.257076372436865,0.07380814841854039,1,305,240,0.6199749708175659,1,bottom_left,384,77,331.9677429199219,68.98626279830933,436.4308395385742,85.79466962814331,1
1,1,243.0,7.0,245.0,245.0,336.54645323753357,73.18370640277863,435.90416431427,88.26575875282288,387.6427459716797,146.13099575042725,368.51204922324735,191.68285846710205,93.66568326950073,0,0,0,0,0,0,None,-0.42344037646377,-0.261441127415637,0.07988776625944778,0,0,0,0,1,bottom_left,384,78,333.55953216552734,70.62626552581787,435.8354187011719,86.04113674163818,1
1,1,244.0,9.0,244.0,244.0,336.1620855331421,72.25204735994339,435.47499895095825,88.55068802833557,386.71669006347656,146.9139003753662,368.12992095947266,191.2528715635601,95.10886073112488,0,0,0,0,0,0,None,-0.4219268510690561,-0.24869121686971418,0.09022866944482201,1,300,240,0.5820319056510925,1,bottom_left,383,78,332.4085693359375,69.78594732284546,435.0697021484375,86.59222555160522,1
1,1,246.0,10.0,240.0,240.0,336.20556354522705,71.99933141469955,437.5696396827698,87.91849851608276,389.6929931640625,146.79250717163086,370.75191698576276,190.89080308613023,95.47404050827026,0,0,0,0,0,0,None,-0.4332339632494969,-0.24193621556429204,0.07505589463482991,1,305,237,0.5665829181671143,1,bottom_left,385,77,332.6739196777344,69.53777074813843,438.3586730957031,85.94973707199097,1
1,1,246.0,5.0,241.0,241.0,334.93285059928894,73.374744951725,435.54874658584595,89.22187149524689,388.18721771240234,147.40437984466553,368.3021866647821,191.61362924073873,97.14545607566833,0,0,0,0,0,0,left,-0.43478724622378845,-0.264740253572677,0.07352189301241203,0,0,0,0,1,bottom_left,384,79,332.7482452392578,71.4080228805542,436.1042251586914,87.67716407775879,1
1,1,244.0,6.0,240.0,240.0,335.3126633167267,72.25123196840286,436.16827487945557,88.41410905122757,389.37217712402344,146.07287406921387,369.684261522795,190.0089665463096,97.27028608322144,0,0,0,0,0,0,None,-0.4260088736332348,-0.25539615994299775,0.07676755159868823,1,300,240,0.5829476118087769,1,bottom_left,384,78,332.25028228759766,70.02447080612183,436.9145050048828,86.6649956703186,1
1,1,249.0,14.0,233.0,233.0,337.91289806365967,76.51060312986374,430.9190773963928,91.74611538648605,387.05780029296875,144.40020561218262,368.7015151977539,188.12949732730263,95.4205572605133,0,0,0,0,0,0,left,-0.3814778568772498,-0.28822359763186495,0.07555387611939345,1,308,238,0.5551318526268005,1,bottom_left,383,83,336.4885025024414,75.67234468460083,431.3960189819336,90.97272634506226,1
1,1,246.0,13.0,235.0,235.0,335.92150807380676,74.58924919366837,432.3059558868408,91.69377207756042,385.9757995605469,143.21127891540527,368.07574422735917,189.2664723647268,94.20995712280273,0,0,0,0,0,0,None,-0.3748863486431527,-0.24098129169590868,0.09595939318370546,1,291,237,0.5135270953178406,1,bottom_left,383,81,333.38604736328125,73.10005331039429,433.5834197998047,90.76229810714722,1
1,1,247.0,11.0,234.0,234.0,334.9166715145111,75.8159789443016,433.49844455718994,91.38644903898239,385.17154693603516,143.73207092285156,366.11812190005656,188.39619661632338,95.48800587654114,0,0,0,0,0,0,None,-0.4192287187595952,-0.22862052690657791,0.09453338286338515,1,299,240,0.5483014583587646,1,bottom_left,385,83,335.1983642578125,75.63010883331299,435.96321868896484,91.05839252471924,1
1,1,247.0,14.0,235.0,235.0,336.13896012306213,77.19879806041718,429.65538263320923,92.75154858827591,384.18384552001953,141.83587074279785,366.60343973260177,188.66233875876978,94.14822459220886,0,0,0,0,0,0,None,-0.36326448733852396,-0.25886130723395195,0.09351249356416687,1,295,240,0.565739631652832,1,bottom_left,384,84,336.5897750854492,76.56573057174683,431.95613861083984,92.34669542312622,1
1,1,239.0,5.0,243.0,243.0,333.90695452690125,75.93015342950821,429.3419623374939,90.56970566511154,383.2465362548828,142.60600090026855,364.4979958785208,187.93480998591372,96.53503894805908,0,0,0,0,0,0,None,-0.38667292348534027,-0.2517641772761186,0.09050653432133655,1,298,238,0.5597082376480103,1,bottom_left,383,82,335.16693115234375,75.32974433898926,432.49507904052734,90.15284156799316,1
1,1,241.0,5.0,241.0,241.0,330.59637546539307,70.06344974040985,429.8579502105713,84.68832045793533,382.4644470214844,141.9851589202881,363.8835866827714,188.00800624646638,96.73593044281006,0,0,0,0,0,0,left,-0.4047013759556128,-0.2677511384751633,0.07235568285092228,1,295,240,0.5883012413978577,1,bottom_left,378,75,326.7190055847168,67.95745038986206,429.47508239746094,83.01195001602173,1
1,1,241.0,10.0,239.0,239.0,330.2336597442627,71.0797780752182,428.9347720146179,85.18490821123123,381.48609161376953,141.9135046005249,365.6238696449681,187.0864142869648,93.82836818695068,0,0,0,0,0,0,None,-0.41252387418489417,-0.23137846523303882,0.06332537630378318,0,0,0,0,1,bottom_left,378,76,327.2117614746094,69.00747585296631,429.8053970336914,83.63721942901611,1
1,1,236.0,9.0,247.0,247.0,329.94444370269775,69.99176234006882,429.12596702575684,84.20971691608429,382.5566101074219,138.1003761291504,365.6363276431435,186.67063160946495,93.12509298324585,0,0,0,0,0,0,None,-0.3663374047123347,-0.25361692616840065,0.06834006171419812,1,304,240,0.6481953263282776,1,bottom_left,378,74,327.16908264160156,67.53508043289185,429.1715621948242,82.15068483352661,1
1,1,245.0,9.0,236.0,236.0,331.8362045288086,71.59135490655899,429.71510648727417,86.77265614271164,383.62548828125,140.78052520751953,366.78069666812297,187.10761070251465,97.43036031723022,0,0,0,0,0,0,None,-0.37682251683567125,-0.22788605024989358,0.08163317052905282,1,311,241,0.7288030982017517,1,bottom_left,378,77,328.17577743530273,69.88479280471802,429.06998443603516,85.52026605606079,1
1,1,244.0,11.0,238.0,238.0,333.63500595092773,72.39552229642868,430.31620025634766,86.35025560855865,386.5135955810547,141.14933967590332,369.3287096525493,186.25047231975356,93.33721995353699,0,0,0,0,0,0,None,-0.3978558237522085,-0.24686249545029945,0.06389999404788507,0,0,0,0,1,bottom_left,380,77,331.27413177490234,70.83829164505005,430.10353088378906,84.81294679641724,1
1,1,242.0,6.0,241.0,241.0,331.97349786758423,70.56744664907455,431.07589960098267,84.7809711098671,384.9990463256836,141.97046756744385,367.5285399587531,187.67265068857293,95.20703554153442,0,0,0,0,0,0,left,-0.4126612633275169,-0.2644996870751961,0.0589581931617284,1,306,240,0.5657414197921753,1,bottom_left,380,75,329.28050994873047,68.51669883728027,431.77325439453125,83.01982498168945,1
1,1,246.0,6.0,235.0,235.0,335.00948667526245,69.3626680970192,431.73686504364014,82.49221980571747,385.59181213378906,138.52827072143555,371.02468189440276,185.65674079091926,97.86304831504822,0,0,0,0,0,0,None,-0.3744330403273533,-0.24313369238623275,0.05661530095060457,1,302,238,0.5202824473381042,1,bottom_left,383,74,334.52918243408203,68.14856815338135,432.2408676147461,80.98962879180908,1
1,1,249.0,12.0,229.0,229.0,334.0223979949951,67.42503583431244,434.0058922767639,81.94710820913315,389.9267578125,137.91998863220215,371.8159344321803,184.11935806274414,97.47644066810608,0,0,0,0,0,0,left,-0.391386192117831,-0.27090263709227563,0.043719697802384036,1,309,238,0.5531307458877563,1,bottom_left,383,73,331.14598846435547,65.6931324005127,435.2267761230469,80.72907543182373,1
1,1,246.0,6.0,233.0,233.0,333.47426533699036,65.17871797084808,434.5302486419678,79.93905812501907,387.1982192993164,134.11611557006836,371.38659828587583,181.8009800659983,95.52045464515686,0,0,0,0,0,0,None,-0.37914823178334156,-0.19874191101022365,0.0684955549153813,0,0,0,0,1,bottom_left,383,70,331.7272644042969,63.239705085754395,435.57261657714844,78.32675457000732,1
1,1,251.0,7.0,227.0,227.0,333.0834484100342,62.434411346912384,433.0018901824951,79.14244562387466,386.73553466796875,132.642560005188,370.00612961618526,179.88563738371195,95.63220143318176,0,0,0,0,0,0,None,-0.3797555424613032,-0.2154807354827534,0.0729320772041431,0,0,0,0,1,bottom_left,382,69,330.8403625488281,60.72431659698486,433.66607666015625,77.79008960723877,1
1,1,252.0,8.0,220.0,220.0,334.1009795665741,63.6675962805748,434.3822693824768,78.75596076250076,390.7151794433594,129.92879390716553,370.21656237150495,177.3063228004857,94.72804665565491,0,0,0,0,0,0,None,-0.3833631349307234,-0.2395082261757892,0.0678284643190582,1,301,238,0.5501697063446045,1,bottom_left,383,69,332.2441711425781,61.98014545440674,434.82476806640625,77.3814582824707,1
1,1,244.0,0.0,230.0,230.0,332.706698179245,62.61453866958618,432.56059646606445,76.7623320221901,387.6957702636719,129.4245958328247,369.6118726228413,176.22999166187486,90.89277982711792,0,0,0,0,0,0,None,-0.3942981798494275,-0.2213194606960055,0.061140012307546295,0,0,0,0,1,bottom_left,381,67,330.9345245361328,60.92530059814453,432.7099914550781,75.05428504943848,1
1,1,249.0,2.0,224.0,224.0,334.6365189552307,60.408525466918945,432.8278183937073,74.88580137491226,389.5915222167969,126.7727279663086,373.2196647242496,173.9356251766807,89.35316205024719,0,0,0,0,0,0,None,-0.3846509174181704,-0.23270501211136538,0.05250965928629834,1,293,237,0.5896373391151428,1,bottom_left,382,66,332.2726058959961,58.954360485076904,433.5088424682617,73.68039751052856,1
1,1,249.0,4.0,224.0,224.0,335.2429676055908,57.218028008937836,433.8690209388733,74.25587564706802,389.75170135498047,122.95231819152832,371.9937234175833,173.75791499489233,90.9447968006134,0,0,0,0,0,0,None,-0.33574970188871167,-0.25068628246486147,0.07219045063252161,1,292,237,0.5041212439537048,1,bottom_left,383,64,332.39376068115234,55.5857720375061,434.2948913574219,73.02124643325806,1
1,1,245.0,1.0,234.0,234.0,336.369149684906,56.15966409444809,434.3246579170227,71.38085603713989,388.1322479248047,120.37867069244385,370.95209824411495,171.59254450547067,93.0203914642334,0,0,0,0,0,0,None,-0.3301658124848742,-0.23108008841657443,0.08712013270929451,1,289,241,0.5424684882164001,1,bottom_left,384,62,333.6592254638672,54.47395992279053,435.2107238769531,70.13446140289307,1
1,1,239.0,1.0,238.0,238.0,334.1369950771332,56.31978392601013,431.0271978378296,71.99350744485855,384.8686218261719,118.23392629623413,367.4060339676706,170.46848397505912,94.15463209152222,0,0,0,0,0,0,None,-0.29592924964035844,-0.22190448337324395,0.10411704733354075,1,301,240,0.6348209381103516,1,bottom_left,382,62,332.2003707885742,54.33386564254761,432.36153411865234,70.45751523971558,1
1,1,240.0,2.0,237.0,237.0,336.6960895061493,57.92290270328522,428.40134620666504,71.86967521905899,384.0526580810547,116.8283200263977,365.6987862837942,170.0627337004009,91.21776223182678,0,0,0,0,0,0,left,-0.2882466992669377,-0.26571877611416395,0.10094015381288061,1,303,240,0.7120447158813477,1,bottom_left,382,63,336.1326141357422,56.94385385513306,429.01031494140625,70.82759714126587,1
1,1,246.0,2.0,231.0,231.0,329.37264919281006,54.9089241027832,428.95846605300903,69.62920546531677,381.1814498901367,117.62485027313232,365.7560207969264,169.80111272711503,90.64220786094666,0,0,0,0,0,0,None,-0.31875704458736087,-0.20028350838487333,0.08712460726036168,1,291,240,0.6727657914161682,1,bottom_left,378,60,327.47054290771484,53.439717292785645,430.4368133544922,68.39781761169434,1
1,1,242.0,1.0,233.0,233.0,331.93435549736023,56.90453231334686,428.99311542510986,69.43017482757568,381.4470672607422,117.16785192489624,366.4157204878958,167.9532924451326,91.5875792503357,0,0,0,0,0,0,None,-0.31947749478162035,-0.18224457984279577,0.08928099708098575,1,291,240,0.6859138011932373,1,bottom_left,380,61,330.62767028808594,55.30906534194946,430.31715393066406,67.96939516067505,1
1,1,241.0,2.0,234.0,234.0,329.04202699661255,56.370584070682526,426.6283345222473,70.16053676605225,380.35850524902344,116.17268085479736,364.29181751451995,170.09976663087545,89.8844838142395,0,0,0,0,0,0,None,-0.2808918076631483,-0.20536724439536716,0.0881155092551827,1,288,240,0.7001378536224365,1,bottom_left,377,62,327.80702209472656,55.259230613708496,427.9073791503906,69.1697645187378,1
1,1,240.0,6.0,235.0,235.0,328.64628434181213,60.07225424051285,423.7600827217102,74.93837624788284,377.92991638183594,118.68525266647339,364.0407602410567,168.17992913095574,91.29483103752136,0,0,0,0,0,0,None,-0.3042859532247818,-0.15914959790697603,0.10147085098272356,1,291,238,0.7090447545051575,1,bottom_left,375,66,326.7781410217285,59.250839710235596,424.9558563232422,74.23353624343872,1
1,1,241.0,3.0,233.0,233.0,325.89760065078735,57.72546708583832,421.8400311470032,71.68859392404556,377.2681427001953,116.54847621917725,360.775291041324,169.40771228388735,91.8304443359375,0,0,0,0,0,0,None,-0.2845479221613258,-0.24001299165506082,0.08181205639801739,1,300,240,0.8006659150123596,1,bottom_left,373,63,323.8267059326172,56.74368095397949,422.58524322509766,70.90615367889404,1
1,1,241.0,2.0,228.0,228.0,324.5400369167328,55.68274050951004,422.34251499176025,70.13988554477692,375.04573822021484,116.93899869918823,362.1803323846114,169.46102744654604,94.07774806022644,0,0,0,0,0,0,None,-0.29618047547157444,-0.19573097005608098,0.0776946990344516,1,302,237,0.7908384799957275,1,bottom_left,374,61,324.13073348999023,54.50759553909302,424.3407974243164,69.13016653060913,1
1,1,242.0,4.0,231.0,231.0,324.90776896476746,56.70373231172562,421.9227075576782,70.4249256849289,375.8457946777344,116.32527351379395,360.86225409256787,169.33862535577072,93.23341250419617,0,0,0,0,0,0,None,-0.28919359590796767,-0.20751629882669548,0.07985570710812166,1,294,240,0.7795597910881042,1,bottom_left,373,62,323.52613067626953,55.631629943847656,423.24547576904297,69.7201623916626,1
1,1,241.0,1.0,233.0,233.0,326.40918254852295,53.696607649326324,422.00814962387085,68.23309421539307,374.54967498779297,114.36364889144897,360.2350054289165,167.31592128151343,91.11886620521545,0,0,0,0,0,0,None,-0.2882016580449845,-0.20733660394897396,0.09530754581250826,1,313,241,0.798099160194397,1,bottom_left,374,60,325.17938232421875,52.68939828872681,423.46724700927734,67.37673425674438,1
1,1,245.0,1.0,228.0,228.0,327.09316968917847,55.36677002906799,423.7776708602905,70.32166332006454,376.97174072265625,112.31122970581055,362.4663563778526,165.85804186369242,92.02713370323181,0,0,0,0,0,0,forward,-0.2546736199845579,-0.16507904655186015,0.10487466599923895,1,312,241,0.6963627934455872,1,bottom_left,375,62,326.07482147216797,54.6152229309082,424.98509216308594,69.77255058288574,1
1,1,245.0,4.0,228.0,228.0,325.5086886882782,55.872899293899536,421.8279480934143,70.39819031953812,375.2513885498047,110.48892259597778,360.8178751092208,164.40478826823988,92.89668798446655,0,0,0,0,0,0,forward,-0.23748040138246782,-0.16216176717778796,0.11109169033035463,1,302,240,0.7588796019554138,0,None,372,62,322.8244094848633,54.76543092727661,421.9357223510742,69.70842218399048,1
1,1,249.0,3.0,224.0,224.0,325.25688886642456,56.385154724121094,422.17715978622437,70.6916856765747,374.08111572265625,110.24839639663696,361.424974140368,162.89228138170745,93.1672751903534,0,0,0,0,0,0,forward,-0.2496730123157534,-0.11366255366346346,0.10633830551344148,1,299,243,0.6557043194770813,0,None,373,63,323.1501770019531,55.68044900894165,423.5722351074219,70.53012228012085,1
1,1,247.0,2.0,227.0,227.0,325.2359354496002,56.53512328863144,422.374050617218,71.36252760887146,374.69654083251953,109.98549699783325,360.8582767687346,163.32439974734658,92.34786033630371,0,0,0,0,0,0,forward,-0.24102607910664034,-0.14174590827279215,0.1087533851090715,1,299,239,0.5757423639297485,0,None,373,63,324.40603256225586,56.244614124298096,423.13182067871094,71.17262506484985,1
0,0,0,0,0,0,0,0,0,0,0,0,0,0,0,0,0,0,0,0,0,None,0.0,0.0,0.0,1,318,238,0.8807641863822937,0,None,0,0,0,0,0,0,1
0,0,0,0,0,0,0,0,0,0,0,0,0,0,0,0,0,0,0,0,0,None,0.0,0.0,0.0,1,319,238,0.8416095972061157,0,None,0,0,0,0,0,0,1
0,0,0,0,0,0,0,0,0,0,0,0,0,0,0,0,0,0,0,0,0,None,0.0,0.0,0.0,1,318,238,0.8821915984153748,0,None,0,0,0,0,0,0,1
0,0,0,0,0,0,0,0,0,0,0,0,0,0,0,0,0,0,0,0,0,None,0.0,0.0,0.0,1,318,237,0.8708207011222839,0,None,0,0,0,0,0,0,1
0,0,0,0,0,0,0,0,0,0,0,0,0,0,0,0,0,0,0,0,0,None,0.0,0.0,0.0,1,318,237,0.8604913949966431,0,None,0,0,0,0,0,0,1
0,0,0,0,0,0,0,0,0,0,0,0,0,0,0,0,0,0,0,0,0,None,0.0,0.0,0.0,1,318,238,0.8625738024711609,0,None,0,0,0,0,0,0,1
0,0,0,0,0,0,0,0,0,0,0,0,0,0,0,0,0,0,0,0,0,None,0.0,0.0,0.0,1,318,237,0.8667629361152649,0,None,0,0,0,0,0,0,1
0,0,0,0,0,0,0,0,0,0,0,0,0,0,0,0,0,0,0,0,0,None,0.0,0.0,0.0,1,318,238,0.8689400553703308,0,None,0,0,0,0,0,0,1
0,0,0,0,0,0,0,0,0,0,0,0,0,0,0,0,0,0,0,0,0,None,0.0,0.0,0.0,1,318,238,0.8327925205230713,0,None,0,0,0,0,0,0,1
0,0,0,0,0,0,0,0,0,0,0,0,0,0,0,0,0,0,0,0,0,None,0.0,0.0,0.0,1,318,237,0.8691673874855042,0,None,0,0,0,0,0,0,1
0,0,0,0,0,0,0,0,0,0,0,0,0,0,0,0,0,0,0,0,0,None,0.0,0.0,0.0,1,318,237,0.8674952387809753,0,None,0,0,0,0,0,0,1
0,0,0,0,0,0,0,0,0,0,0,0,0,0,0,0,0,0,0,0,0,None,0.0,0.0,0.0,1,318,238,0.8555151224136353,0,None,0,0,0,0,0,0,1
0,0,0,0,0,0,0,0,0,0,0,0,0,0,0,0,0,0,0,0,0,None,0.0,0.0,0.0,1,318,237,0.8517627716064453,0,None,0,0,0,0,0,0,1
0,0,0,0,0,0,0,0,0,0,0,0,0,0,0,0,0,0,0,0,0,None,0.0,0.0,0.0,1,318,237,0.8445741534233093,0,None,0,0,0,0,0,0,1
0,0,0,0,0,0,0,0,0,0,0,0,0,0,0,0,0,0,0,0,0,None,0.0,0.0,0.0,1,319,238,0.8501712083816528,0,None,0,0,0,0,0,0,1
0,0,0,0,0,0,0,0,0,0,0,0,0,0,0,0,0,0,0,0,0,None,0.0,0.0,0.0,1,319,238,0.8589037656784058,0,None,0,0,0,0,0,0,1
0,0,0,0,0,0,0,0,0,0,0,0,0,0,0,0,0,0,0,0,0,None,0.0,0.0,0.0,1,318,237,0.8430444002151489,0,None,0,0,0,0,0,0,1
0,0,0,0,0,0,0,0,0,0,0,0,0,0,0,0,0,0,0,0,0,None,0.0,0.0,0.0,1,318,237,0.839400589466095,0,None,0,0,0,0,0,0,1
0,0,0,0,0,0,0,0,0,0,0,0,0,0,0,0,0,0,0,0,0,None,0.0,0.0,0.0,1,318,237,0.8460280299186707,0,None,0,0,0,0,0,0,1
0,0,0,0,0,0,0,0,0,0,0,0,0,0,0,0,0,0,0,0,0,None,0.0,0.0,0.0,1,319,237,0.8535725474357605,0,None,0,0,0,0,0,0,1
0,0,0,0,0,0,0,0,0,0,0,0,0,0,0,0,0,0,0,0,0,None,0.0,0.0,0.0,1,318,237,0.8494595289230347,0,None,0,0,0,0,0,0,1
0,0,0,0,0,0,0,0,0,0,0,0,0,0,0,0,0,0,0,0,0,None,0.0,0.0,0.0,1,319,237,0.8578827977180481,0,None,0,0,0,0,0,0,1
0,0,0,0,0,0,0,0,0,0,0,0,0,0,0,0,0,0,0,0,0,None,0.0,0.0,0.0,1,318,237,0.85625159740448,0,None,0,0,0,0,0,0,1
0,0,0,0,0,0,0,0,0,0,0,0,0,0,0,0,0,0,0,0,0,None,0.0,0.0,0.0,1,318,237,0.8389784097671509,0,None,0,0,0,0,0,0,1
0,0,0,0,0,0,0,0,0,0,0,0,0,0,0,0,0,0,0,0,0,None,0.0,0.0,0.0,1,318,237,0.8617550730705261,0,None,0,0,0,0,0,0,1
0,0,0,0,0,0,0,0,0,0,0,0,0,0,0,0,0,0,0,0,0,None,0.0,0.0,0.0,1,319,238,0.8629610538482666,0,None,0,0,0,0,0,0,1
0,0,0,0,0,0,0,0,0,0,0,0,0,0,0,0,0,0,0,0,0,None,0.0,0.0,0.0,1,318,237,0.8556061387062073,0,None,0,0,0,0,0,0,1
0,0,0,0,0,0,0,0,0,0,0,0,0,0,0,0,0,0,0,0,0,None,0.0,0.0,0.0,1,318,237,0.8541253805160522,0,None,0,0,0,0,0,0,1
0,0,0,0,0,0,0,0,0,0,0,0,0,0,0,0,0,0,0,0,0,None,0.0,0.0,0.0,1,318,237,0.8574507832527161,0,None,0,0,0,0,0,0,1
0,0,0,0,0,0,0,0,0,0,0,0,0,0,0,0,0,0,0,0,0,None,0.0,0.0,0.0,1,318,237,0.8561846613883972,0,None,0,0,0,0,0,0,1
0,0,0,0,0,0,0,0,0,0,0,0,0,0,0,0,0,0,0,0,0,None,0.0,0.0,0.0,1,319,238,0.8649768829345703,0,None,0,0,0,0,0,0,1
0,0,0,0,0,0,0,0,0,0,0,0,0,0,0,0,0,0,0,0,0,None,0.0,0.0,0.0,1,318,237,0.8476811647415161,0,None,0,0,0,0,0,0,1
0,0,0,0,0,0,0,0,0,0,0,0,0,0,0,0,0,0,0,0,0,None,0.0,0.0,0.0,1,318,237,0.8595379590988159,0,None,0,0,0,0,0,0,1
0,0,0,0,0,0,0,0,0,0,0,0,0,0,0,0,0,0,0,0,0,None,0.0,0.0,0.0,1,318,237,0.8506342768669128,0,None,0,0,0,0,0,0,1
0,0,0,0,0,0,0,0,0,0,0,0,0,0,0,0,0,0,0,0,0,None,0.0,0.0,0.0,1,319,237,0.8448705077171326,0,None,0,0,0,0,0,0,1
0,0,0,0,0,0,0,0,0,0,0,0,0,0,0,0,0,0,0,0,0,None,0.0,0.0,0.0,1,319,237,0.8599178791046143,0,None,0,0,0,0,0,0,1
0,0,0,0,0,0,0,0,0,0,0,0,0,0,0,0,0,0,0,0,0,None,0.0,0.0,0.0,1,319,237,0.8576374650001526,0,None,0,0,0,0,0,0,1
0,0,0,0,0,0,0,0,0,0,0,0,0,0,0,0,0,0,0,0,0,None,0.0,0.0,0.0,1,318,237,0.8586729764938354,0,None,0,0,0,0,0,0,1
0,0,0,0,0,0,0,0,0,0,0,0,0,0,0,0,0,0,0,0,0,None,0.0,0.0,0.0,1,318,238,0.8574173450469971,0,None,0,0,0,0,0,0,1
0,0,0,0,0,0,0,0,0,0,0,0,0,0,0,0,0,0,0,0,0,None,0.0,0.0,0.0,1,319,238,0.8764405846595764,0,None,0,0,0,0,0,0,1
0,0,0,0,0,0,0,0,0,0,0,0,0,0,0,0,0,0,0,0,0,None,0.0,0.0,0.0,1,319,238,0.8705256581306458,0,None,0,0,0,0,0,0,1
0,0,0,0,0,0,0,0,0,0,0,0,0,0,0,0,0,0,0,0,0,None,0.0,0.0,0.0,1,318,237,0.8624258041381836,0,None,0,0,0,0,0,0,1
0,0,0,0,0,0,0,0,0,0,0,0,0,0,0,0,0,0,0,0,0,None,0.0,0.0,0.0,1,319,238,0.8652767539024353,0,None,0,0,0,0,0,0,1
0,0,0,0,0,0,0,0,0,0,0,0,0,0,0,0,0,0,0,0,0,None,0.0,0.0,0.0,1,319,237,0.8668227791786194,0,None,0,0,0,0,0,0,1
0,0,0,0,0,0,0,0,0,0,0,0,0,0,0,0,0,0,0,0,0,None,0.0,0.0,0.0,1,319,237,0.8748404383659363,0,None,0,0,0,0,0,0,1
0,0,0,0,0,0,0,0,0,0,0,0,0,0,0,0,0,0,0,0,0,None,0.0,0.0,0.0,1,319,237,0.8505117297172546,0,None,0,0,0,0,0,0,1
0,0,0,0,0,0,0,0,0,0,0,0,0,0,0,0,0,0,0,0,0,None,0.0,0.0,0.0,1,319,238,0.8574572205543518,0,None,0,0,0,0,0,0,1
0,0,0,0,0,0,0,0,0,0,0,0,0,0,0,0,0,0,0,0,0,None,0.0,0.0,0.0,1,319,238,0.866823136806488,0,None,0,0,0,0,0,0,1
0,0,0,0,0,0,0,0,0,0,0,0,0,0,0,0,0,0,0,0,0,None,0.0,0.0,0.0,1,319,237,0.8506571054458618,0,None,0,0,0,0,0,0,1
0,0,0,0,0,0,0,0,0,0,0,0,0,0,0,0,0,0,0,0,0,None,0.0,0.0,0.0,1,318,237,0.8643572926521301,0,None,0,0,0,0,0,0,1
0,0,0,0,0,0,0,0,0,0,0,0,0,0,0,0,0,0,0,0,0,None,0.0,0.0,0.0,1,319,238,0.869945228099823,0,None,0,0,0,0,0,0,1
0,0,0,0,0,0,0,0,0,0,0,0,0,0,0,0,0,0,0,0,0,None,0.0,0.0,0.0,1,318,238,0.8740634322166443,0,None,0,0,0,0,0,0,1
0,0,0,0,0,0,0,0,0,0,0,0,0,0,0,0,0,0,0,0,0,None,0.0,0.0,0.0,1,319,237,0.8687715530395508,0,None,0,0,0,0,0,0,1
0,0,0,0,0,0,0,0,0,0,0,0,0,0,0,0,0,0,0,0,0,None,0.0,0.0,0.0,1,318,237,0.8794645071029663,0,None,0,0,0,0,0,0,1
0,0,0,0,0,0,0,0,0,0,0,0,0,0,0,0,0,0,0,0,0,None,0.0,0.0,0.0,1,319,238,0.8842383027076721,0,None,0,0,0,0,0,0,1
0,0,0,0,0,0,0,0,0,0,0,0,0,0,0,0,0,0,0,0,0,None,0.0,0.0,0.0,1,318,238,0.8696414828300476,0,None,0,0,0,0,0,0,1
0,0,0,0,0,0,0,0,0,0,0,0,0,0,0,0,0,0,0,0,0,None,0.0,0.0,0.0,1,318,238,0.8747513890266418,0,None,0,0,0,0,0,0,1
0,0,0,0,0,0,0,0,0,0,0,0,0,0,0,0,0,0,0,0,0,None,0.0,0.0,0.0,1,317,238,0.871628999710083,0,None,0,0,0,0,0,0,1
0,0,0,0,0,0,0,0,0,0,0,0,0,0,0,0,0,0,0,0,0,None,0.0,0.0,0.0,1,318,238,0.8649519681930542,0,None,0,0,0,0,0,0,1
0,0,0,0,0,0,0,0,0,0,0,0,0,0,0,0,0,0,0,0,0,None,0.0,0.0,0.0,1,303,239,0.8798559904098511,0,None,0,0,0,0,0,0,1
0,0,0,0,0,0,0,0,0,0,0,0,0,0,0,0,0,0,0,0,0,None,0.0,0.0,0.0,1,301,239,0.8726615905761719,0,None,0,0,0,0,0,0,1
0,0,0,0,0,0,0,0,0,0,0,0,0,0,0,0,0,0,0,0,0,None,0.0,0.0,0.0,1,317,238,0.8731384873390198,0,None,0,0,0,0,0,0,1
0,0,0,0,0,0,0,0,0,0,0,0,0,0,0,0,0,0,0,0,0,None,0.0,0.0,0.0,1,317,238,0.844835638999939,0,None,0,0,0,0,0,0,1
0,0,0,0,0,0,0,0,0,0,0,0,0,0,0,0,0,0,0,0,0,None,0.0,0.0,0.0,1,318,238,0.8546782732009888,0,None,0,0,0,0,0,0,1
0,0,0,0,0,0,0,0,0,0,0,0,0,0,0,0,0,0,0,0,0,None,0.0,0.0,0.0,1,318,238,0.8783777952194214,0,None,0,0,0,0,0,0,1
0,0,0,0,0,0,0,0,0,0,0,0,0,0,0,0,0,0,0,0,0,None,0.0,0.0,0.0,1,318,238,0.8713803887367249,0,None,0,0,0,0,0,0,1
0,0,0,0,0,0,0,0,0,0,0,0,0,0,0,0,0,0,0,0,0,None,0.0,0.0,0.0,1,317,238,0.8682184815406799,0,None,0,0,0,0,0,0,1
0,0,0,0,0,0,0,0,0,0,0,0,0,0,0,0,0,0,0,0,0,None,0.0,0.0,0.0,1,303,239,0.868618905544281,0,None,0,0,0,0,0,0,1
0,0,0,0,0,0,0,0,0,0,0,0,0,0,0,0,0,0,0,0,0,None,0.0,0.0,0.0,1,318,238,0.883283257484436,0,None,0,0,0,0,0,0,1
1,1,312.0,205.0,176.0,176.0,363.6520552635193,247.27184057235718,441.7486810684204,258.71188044548035,399.1785430908203,281.6232490539551,388.6806106567383,330.0814638639751,96.38438820838928,0,0,0,0,0,0,forward,0.16220546344355696,0.0855805951242963,0.1562414567345776,1,255,238,0.9106745719909668,0,None,402,252,363.0233383178711,246.99046325683594,442.77899169921875,258.5921058654785,1
1,1,326.0,154.0,189.0,189.0,388.84257316589355,195.45920848846436,469.2777681350708,209.07927095890045,424.3128204345703,231.72051429748535,413.9527049817537,283.0116387417442,96.71905636787415,0,0,0,0,0,0,forward,0.07976232073029255,0.1038787169068464,0.171358872292777,1,276,238,0.8206837773323059,0,None,429,202,388.84119415283203,195.26178646087646,469.4796829223633,208.97027778625488,1
1,1,329.0,133.0,192.0,192.0,393.54636907577515,173.1735035777092,473.12010049819946,190.8945295214653,427.84496307373047,214.6038007736206,416.6725640547903,265.8019969337865,96.33558392524719,0,0,0,0,0,0,forward,0.01067482884152109,0.04185355279242693,0.19962695889011842,1,281,239,0.7993531823158264,0,None,434,181,394.2835159301758,172.62585067749023,473.7420654296875,190.50683498382568,1
1,1,333.0,63.0,192.0,192.0,397.08428621292114,101.0360424220562,477.70301580429077,115.09822815656662,431.7726135253906,152.1225929260254,420.3650042885228,201.6794676529734,94.21027302742004,0,0,0,0,0,0,forward,-0.19101309304701908,-0.06998331176547636,0.14575599510111828,1,300,237,0.8771354556083679,0,None,438,106,397.5760040283203,99.84856796264648,478.97373962402344,113.98567199707031,1
1,1,317.0,55.0,203.0,203.0,384.7302722930908,98.51264521479607,471.44285917282104,114.36189785599709,424.017333984375,143.09504985809326,411.0772162989566,199.4967428006624,93.65004301071167,0,0,0,0,0,0,forward,-0.08331548674186345,-0.014444186069552032,0.16913438492409816,1,311,237,0.8498146533966064,0,top_left,429,105,385.7321243286133,97.92973279953003,472.61595916748047,113.87555122375488,1
1,1,298.0,66.0,205.0,205.0,368.4307384490967,112.82324999570847,454.3798804283142,125.72374731302261,410.8462142944336,151.59241676330566,397.32915175588505,206.0782934490003,93.12520027160645,0,0,0,0,0,0,forward,-0.02020944628855177,-0.03997787024173225,0.1511992558257343,1,315,237,0.9089347720146179,0,top_left,411,118,368.83937072753906,112.271005153656,455.04856872558594,125.34919595718384,1
1,1,289.0,119.0,193.0,193.0,352.74354696273804,166.43511593341827,436.42282724380493,177.37622290849686,393.6212158203125,201.95481777191162,382.48695775082234,254.57137434106124,96.55272364616394,0,0,0,0,0,0,forward,0.04343911759472541,-0.025061446454394398,0.14138603454793086,1,254,238,0.8908224701881409,0,top_left,394,171,353.01195526123047,166.06174850463867,436.8583297729492,177.10694789886475,1
1,1,284.0,125.0,191.0,191.0,346.83837890625,165.21255433559418,430.3955054283142,177.06027746200562,387.6605987548828,203.70798110961914,377.43040385999177,253.73495051735327,96.9735860824585,0,0,0,0,0,0,forward,0.023948358075083036,-0.03655218436454145,0.13309697059713257,1,247,239,0.8844098448753357,0,top_left,388,170,345.94635009765625,164.21645164489746,431.1430969238281,176.5041160583496,1
1,1,285.0,122.0,186.0,186.0,347.2417712211609,163.66007208824158,431.6430377960205,172.6666036248207,390.42213439941406,200.7646894454956,380.2144120868884,251.42716056422182,97.68550395965576,0,0,0,0,0,0,forward,0.01597065011973723,-0.04881987182351961,0.10816928997229258,1,243,240,0.8914639353752136,0,top_left,389,167,347.43333435058594,162.97787761688232,432.39855194091797,172.17102241516113,1
1,1,283.0,121.0,189.0,189.0,346.338574886322,162.37290501594543,429.67607498168945,170.35598427057266,391.8421936035156,201.32484912872314,381.2828425357216,250.52429625862524,96.96087837219238,0,0,0,0,0,0,forward,-0.034007192126815154,-0.1392379464320159,0.08411265889962882,1,246,239,0.7607343196868896,0,top_left,387,165,345.4349136352539,161.76934719085693,429.86729431152344,170.1166706085205,1
1,1,280.0,115.0,191.0,191.0,342.28726863861084,160.3055065870285,426.55972242355347,165.16874939203262,388.2543182373047,196.4359474182129,381.963418659411,247.08531731053404,96.02359533309937,0,0,0,0,0,0,forward,-0.014955511417013567,-0.10447737694021744,0.04283266588588297,1,241,240,0.7917891144752502,0,top_left,385,162,342.6889953613281,159.82304191589355,427.7153778076172,164.8154239654541,1
1,1,281.0,111.0,190.0,190.0,342.61502742767334,158.96120756864548,425.17646312713623,160.0279587507248,388.5492706298828,192.79199123382568,383.8864456979852,245.86823588923403,96.60812616348267,0,0,0,0,0,0,forward,0.0041140101634631445,-0.09813141295095422,0.010983277332898998,1,243,239,0.8141549229621887,0,top_left,384,158,342.923828125,158.2516450881958,426.12060546875,159.31618881225586,1
1,1,284.0,112.0,191.0,191.0,345.8363151550293,157.38258987665176,428.702290058136,157.56034076213837,393.24745178222656,191.61736965179443,388.15058858771073,243.36378448887876,95.76970338821411,0,0,0,0,0,0,forward,-0.028431272959301902,-0.14518682437842143,-0.00020824001686502083,1,241,239,0.8100278377532959,0,top_left,387,156,345.71006774902344,156.8660545349121,429.4092025756836,156.96158123016357,1
1,1,291.0,109.0,191.0,191.0,349.7680115699768,158.12382638454437,434.1071677207947,156.92332327365875,398.6212921142578,189.59539890289307,397.1384249235454,243.3893447173269,92.64740943908691,0,0,0,0,0,0,forward,0.022316643826300702,-0.10738842201515807,-0.03022643725747152,1,247,239,0.7970466017723083,0,top_left,392,157,349.73168182373047,157.78624534606934,434.6451110839844,156.470778465271,1
1,1,294.0,114.0,193.0,193.0,358.4007787704468,162.02227413654327,441.803822517395,159.36209499835968,408.7834930419922,194.03549194335938,404.4998630724455,245.4864391527678,95.11447548866272,0,0,0,0,0,0,forward,-0.016985672906610214,-0.13101169475755234,-0.03554476534601705,1,263,239,0.7397405505180359,0,top_left,399,160,357.2576675415039,161.65354442596436,441.6316452026367,159.01179313659668,1
1,1,303.0,115.0,193.0,193.0,368.680202960968,162.544704079628,449.84309911727905,161.1042219400406,418.0860900878906,196.05669021606445,414.77643464740953,249.8385625136526,95.95005512237549,0,0,0,0,0,0,forward,0.0009757097181998802,-0.18226910216131945,-0.030134863847998725,1,255,240,0.7958980798721313,0,top_left,409,161,368.1283721923828,162.0201015472412,449.97950744628906,160.59150981903076,1
1,1,300.0,117.0,198.0,198.0,371.35871171951294,169.19103115797043,452.2322916984558,171.0687491297722,419.40338134765625,205.12311458587646,413.45136140522203,255.85070710433158,95.83526253700256,0,0,0,0,0,0,forward,-0.00580548765725051,-0.15281323594068888,0.007660157356429854,1,261,239,0.6654977202415466,0,top_left,411,169,371.45552825927734,168.7317123413086,452.47593688964844,170.46177005767822,1
1,1,305.0,119.0,194.0,194.0,370.33700227737427,167.36667305231094,453.6077880859375,169.29323762655258,418.49754333496094,203.60029220581055,410.4590245297081,256.2119082400673,95.45093178749084,0,0,0,0,0,0,forward,-0.02177784523352137,-0.1443416338654482,0.026160738081221744,1,283,239,0.5682092905044556,0,top_left,412,167,369.60447692871094,166.79083728790283,454.4525680541992,168.64055728912354,1
1,1,302.0,113.0,200.0,200.0,370.9843945503235,163.02478820085526,456.5082025527954,166.46337658166885,420.79612731933594,200.89895725250244,412.70270899722453,253.55390649092826,95.29336094856262,0,0,0,0,0,0,forward,-0.024932635647249776,-0.12586392718601375,0.02896630943328956,1,257,239,0.8262097835540771,0,top_left,413,164,371.0129089355469,162.36855697631836,456.8204574584961,165.70580577850342,1
1,1,306.0,112.0,197.0,197.0,369.13339853286743,160.62434434890747,454.46397066116333,163.45361351966858,418.2073974609375,196.70734405517578,412.8054387945878,249.13396333393297,96.12640142440796,0,0,0,0,0,0,forward,-0.0022301162124321013,-0.10735602163756446,0.01726120986411748,1,260,238,0.8297130465507507,0,top_left,411,161,369.09278106689453,159.85388660430908,454.6725082397461,162.71062088012695,1
1,1,306.0,114.0,195.0,195.0,371.21222019195557,160.54712176322937,454.6843361854553,162.50617414712906,418.0018615722656,196.51358127593994,411.7439129478053,247.82384521082827,96.31492495536804,0,0,0,0,0,0,forward,-0.030148441344782017,-0.09482941596412418,0.024159869888496003,1,269,239,0.7501376867294312,0,top_left,413,161,371.3920440673828,160.21408081054688,455.519287109375,162.06100845336914,1
1,1,309.0,112.0,196.0,196.0,374.1520929336548,158.64245474338531,456.66497707366943,161.1289545893669,421.4997863769531,193.8706398010254,416.92602659526625,247.87484746230277,96.11720442771912,0,0,0,0,0,0,forward,0.013104494662967106,-0.1035973250009932,0.007696571068435447,1,260,239,0.7854635715484619,0,top_left,415,159,372.877685546875,158.35150337219238,457.5987091064453,160.88480472564697,1
1,1,310.0,113.0,196.0,196.0,377.7162766456604,167.08176165819168,457.3314690589905,166.83857202529907,425.7136535644531,199.56507682800293,418.67733604029604,249.98721674868935,96.53248190879822,0,0,0,0,0,0,forward,-0.007897705211565662,-0.12432738443382871,0.007673815063914626,1,270,238,0.7682222723960876,0,top_left,417,166,377.2412567138672,166.89513301849365,457.025634765625,166.44334030151367,1
1,1,315.0,118.0,190.0,190.0,379.4818878173828,168.27637642621994,461.75958156585693,169.95295107364655,427.6972961425781,200.77088356018066,421.71633870978104,250.92157112924676,96.66842222213745,0,0,0,0,0,0,forward,0.011893362300580738,-0.078957553699585,0.012328540760882106,1,275,238,0.7657116055488586,0,top_left,420,168,379.0287628173828,167.8667221069336,462.2609176635742,169.64103412628174,1
1,1,318.0,118.0,188.0,188.0,380.67264556884766,167.31352597475052,461.92914724349976,170.0774583220482,429.2811584472656,203.43060493469238,423.45130920410156,251.60233949360094,96.32819294929504,0,0,0,0,0,0,forward,-0.03119448659933256,-0.1164709722247368,0.0031192811194542666,1,288,238,0.7279798984527588,0,top_left,421,168,380.1388397216797,166.9500331878662,463.22747802734375,169.72741413116455,1
1,1,318.0,113.0,193.0,193.0,382.73563385009766,166.19208991527557,464.60514545440674,169.6615844964981,430.24925231933594,200.55403232574463,422.68560509932666,250.8330081638537,97.60938286781311,0,0,0,0,0,0,forward,0.013001409839718262,-0.0807755154314031,0.03170237250179703,1,302,238,0.7224079370498657,0,top_left,424,167,382.9563446044922,165.888596534729,465.06847381591797,169.70020866394043,1
1,1,319.0,117.0,188.0,188.0,382.0543932914734,167.53708362579346,462.75407314300537,169.77223992347717,428.9223098754883,201.4611053466797,423.5838739495528,252.0402055037649,96.80638313293457,0,0,0,0,0,0,forward,0.011098384273504349,-0.09645996841640558,0.015294852003109689,1,313,238,0.6510000228881836,0,top_left,422,168,382.24813079833984,167.2142744064331,463.45503997802734,169.2222661972046,1
1,1,319.0,118.0,188.0,188.0,382.2966742515564,167.0673394203186,463.405659198761,169.71975982189178,430.92979431152344,202.32942581176758,424.4952613429019,252.65649168114913,96.36980295181274,0,0,0,0,0,0,forward,-0.007144377909523736,-0.13286384864526635,0.014017408870058612,1,289,238,0.7390562295913696,0,top_left,422,168,382.1575927734375,166.76540279388428,463.63050079345703,169.39056301116943,1
1,1,318.0,119.0,187.0,187.0,380.86140394210815,168.63031446933746,462.821786403656,169.780555665493,428.40736389160156,201.01415634155273,421.2531983224969,250.90683686105828,96.60096764564514,0,0,0,0,0,0,forward,0.005123724282692937,-0.07768975306268368,0.02220298119273368,1,309,238,0.6567174792289734,0,top_left,422,168,380.63929748535156,168.58418941497803,463.72623443603516,169.38147926330566,1
1,1,316.0,114.0,192.0,192.0,381.86233043670654,166.75743341445923,461.3385224342346,168.5449281334877,429.36920166015625,200.89184761047363,421.68900540000516,251.8436050415039,96.89520001411438,0,0,0,0,0,0,forward,-0.015324735186899243,-0.13659094124451765,0.016752436478988057,1,312,238,0.669357419013977,0,top_left,421,167,381.6092071533203,166.31923484802246,461.2103729248047,167.93661975860596,1
1,1,315.0,116.0,190.0,190.0,379.84463453292847,166.25787645578384,461.07577085494995,170.06219297647476,426.6510009765625,201.68897151947021,418.1383574636359,252.63709846295808,96.20543718338013,0,0,0,0,0,0,forward,-0.007748650173609265,-0.10532981547540624,0.04475084464898441,1,312,237,0.7610946297645569,0,top_left,421,167,380.4040298461914,165.76841640472412,461.6422119140625,169.44058513641357,1
1,1,313.0,111.0,196.0,196.0,380.8187532424927,163.98718982934952,462.08451986312866,168.65990281105042,429.25071716308594,201.3938283920288,419.72575739810344,251.70169303291723,96.66981101036072,0,0,0,0,0,0,forward,-0.03184850551814233,-0.14391464517170754,0.04620928580059091,1,309,237,0.7848131060600281,0,top_left,421,166,380.5973434448242,163.67923736572266,462.0035705566406,168.326322555542,1
1,1,312.0,117.0,194.0,194.0,379.27587270736694,167.59117662906647,458.79805088043213,169.8419925570488,425.3278350830078,202.37568855285645,417.4456245020816,252.71193378850035,97.04990983009338,0,0,0,0,0,0,forward,-0.004353456611502254,-0.10885685860632474,0.03334377756062029,1,281,238,0.7756950259208679,0,top_left,419,168,379.149658203125,167.29737281799316,459.4621124267578,169.26285552978516,1
1,1,313.0,117.0,192.0,192.0,380.6419610977173,165.93607932329178,460.12242555618286,167.8523102402687,428.74794006347656,202.14308738708496,421.0814044350072,251.9682462591874,96.86281085014343,0,0,0,0,0,0,forward,-0.03959863632531084,-0.1621101160886632,0.012527060309567661,1,310,238,0.7678961157798767,0,top_left,420,166,381.1581115722656,165.56421947479248,460.36251068115234,167.21557903289795,1
1,1,313.0,114.0,196.0,196.0,378.54646921157837,167.00005531311035,461.64480209350586,172.01274991035461,427.9194641113281,203.8716459274292,422.0748600206877,253.80881158929122,96.98960781097412,0,0,0,0,0,0,forward,-0.009677051760066438,-0.13438628550435075,0.03065730346401712,1,308,238,0.6327491998672485,0,top_left,419,169,378.5676956176758,166.80270767211914,461.145263671875,171.7314577102661,1
1,1,317.0,116.0,192.0,192.0,383.9549207687378,167.23692119121552,463.1828713417053,169.18373197317123,431.6004943847656,202.11599349975586,422.7080535888672,252.71242844431023,96.3068962097168,0,0,0,0,0,0,forward,-0.014031583142585234,-0.1363131888050742,0.029811706139520056,1,312,238,0.6988387703895569,0,top_left,423,167,383.1338653564453,166.79155826568604,463.52281951904297,168.6066598892212,1
1,1,317.0,119.0,192.0,192.0,384.86077070236206,168.09649497270584,463.678936958313,171.61389112472534,431.3473892211914,203.34165573120117,423.2414486533717,253.74114387913755,97.65026569366455,0,0,0,0,0,0,forward,-0.012513964943939731,-0.1552615384696245,0.03438292544039581,1,313,238,0.6503298282623291,0,top_left,424,169,385.21604919433594,167.55334281921387,464.7259063720703,171.016845703125,1
1,1,317.0,116.0,192.0,192.0,384.80443239212036,166.16273045539856,466.02792501449585,170.23230850696564,433.14571380615234,201.78325653076172,425.29348674573396,250.37783974095396,97.0379889011383,0,0,0,0,0,0,forward,-0.020147792352590982,-0.12137423775101472,0.03480209506569573,1,312,238,0.5999309420585632,0,top_left,425,167,384.26732635498047,165.56010246276855,466.5909423828125,169.60888481140137,1
1,1,321.0,117.0,189.0,189.0,385.05221605300903,168.80737155675888,466.48593187332153,172.5392434000969,433.79833221435547,205.86161613464355,425.1809290835732,255.05702470478258,96.86698317527771,0,0,0,0,0,0,forward,-0.026193404490423972,-0.12736268775681167,0.03478743787086193,1,307,238,0.6933689713478088,0,top_left,425,170,384.31990814208984,168.8814754486084,466.76182556152344,172.5460023880005,1
1,1,319.0,113.0,193.0,193.0,386.93432569503784,165.6402450799942,471.5539741516113,172.15881943702698,438.66931915283203,204.24031734466553,427.3229900159334,251.9389493841874,96.8038022518158,0,0,0,0,0,0,forward,-0.02469033761855688,-0.1258381565019765,0.05610761292722001,1,309,238,0.6930345892906189,0,top_left,429,168,386.2882614135742,165.550612449646,472.67710876464844,172.0106964111328,1
1,1,319.0,118.0,193.0,193.0,388.70569944381714,168.80643099546432,468.6228275299072,173.62522959709167,436.2810516357422,206.86181545257568,428.63151951840047,254.79976302699038,96.17388844490051,0,0,0,0,0,0,forward,-0.040527935994712966,-0.13058354520469048,0.03473230269516276,1,295,239,0.6487268805503845,0,top_left,428,170,388.4963150024414,168.40471172332764,468.70308685302734,173.1471061706543,1
1,1,319.0,117.0,191.0,191.0,389.7478699684143,164.33723598718643,468.95270109176636,171.12473666667938,436.38599395751953,204.67512130737305,425.4271075600072,255.1368276696456,96.92019820213318,0,0,0,0,0,0,forward,-0.03471310910008016,-0.18571700397208254,0.0670761650020572,1,291,239,0.6345846652984619,0,top_left,429,167,389.3656005859375,163.74345016479492,469.4333801269531,170.5654706954956,1
1,1,318.0,117.0,190.0,190.0,387.4594211578369,165.97146481275558,467.93925285339355,171.40349686145782,434.2996597290039,205.71587562561035,424.0571092304431,256.02190017700195,96.48337364196777,0,0,0,0,0,0,forward,-0.035369622868392264,-0.17070638221622406,0.056530655253952324,1,306,238,0.7377878427505493,0,top_left,427,168,386.3277359008789,165.30075931549072,468.3727493286133,170.82091426849365,1
1,1,316.0,117.0,195.0,195.0,388.2339596748352,169.39852952957153,468.8341522216797,175.20016998052597,436.06956481933594,206.6606855392456,427.16754110235917,255.3053419213546,96.98173999786377,0,0,0,0,0,0,forward,-0.019990402451827108,-0.1383738633052268,0.05327578282242214,1,289,239,0.6466317772865295,0,top_left,428,171,388.2456512451172,169.1775827407837,469.0465774536133,174.81213283538818,1
1,1,316.0,119.0,194.0,194.0,389.7807002067566,170.1092290878296,469.44671154022217,176.8853196501732,437.32398986816406,205.37023544311523,428.35241618909333,257.5271159724185,95.76399326324463,0,0,0,0,0,0,forward,0.026888432064812617,-0.15203510712254742,0.07193325012960612,1,308,238,0.6533353924751282,0,top_left,429,173,389.38065338134766,169.97622299194336,469.39599609375,176.5073118209839,1
1,1,319.0,113.0,192.0,192.0,391.21702909469604,165.74644088745117,470.61837911605835,172.20210045576096,437.54058837890625,203.1895637512207,427.58135946173417,254.10460221140008,96.18067145347595,0,0,0,0,0,0,forward,-0.0057999006842017874,-0.17175991626870266,0.06842088633341016,1,296,238,0.701427698135376,0,top_left,432,168,392.11561584472656,165.46513080596924,472.4274215698242,171.81895637512207,1
1,1,322.0,117.0,190.0,190.0,392.002809047699,166.7722311615944,471.4894127845764,170.82208514213562,439.72225189208984,202.16700553894043,431.07708981162625,253.186405081498,96.15486264228821,0,0,0,0,0,0,forward,-0.008179606935582567,-0.16999457124968778,0.04408640255175143,1,295,239,0.6379947662353516,0,top_left,431,168,391.18946075439453,166.2502384185791,472.40003967285156,170.21704387664795,1
1,1,320.0,114.0,192.0,192.0,390.74588537216187,164.12149608135223,470.45300483703613,169.47191834449768,438.4697723388672,201.01894855499268,429.62980973093136,250.77603540922465,97.09590077400208,0,0,0,0,0,0,forward,-0.009861375873400658,-0.17175694499526223,0.04811752016051745,1,293,239,0.7115523815155029,0,top_left,430,166,389.05054473876953,163.49510765075684,471.0405502319336,168.93814659118652,1
1,1,321.0,119.0,188.0,188.0,388.6325407028198,166.44461005926132,470.58040618896484,170.99901169538498,435.5509567260742,204.043550491333,426.1017688951994,253.31207777324477,96.50044441223145,0,0,0,0,0,0,forward,-0.054212573919147675,-0.12052871142839762,0.049313652119393744,1,296,239,0.6372936367988586,0,top_left,430,168,388.1325912475586,165.9177417755127,471.92073822021484,170.35700511932373,1
1,1,325.0,113.0,187.0,187.0,391.21171951293945,161.707521378994,469.9760150909424,166.61757856607437,436.58973693847656,202.4258279800415,428.77165944952714,251.3077113502904,96.8618392944336,0,0,0,0,0,0,forward,-0.07755681237845748,-0.1822550528064984,0.035194003035272044,1,298,239,0.6354841589927673,0,None,430,163,390.83726501464844,161.04336547851562,470.6547546386719,165.8814296722412,1
1,1,322.0,118.0,188.0,188.0,388.1042194366455,162.35679656267166,468.6602807044983,166.53741985559464,433.7010955810547,200.1732587814331,423.8098024067126,250.09202505412856,97.62899279594421,0,0,0,0,0,0,forward,-0.049670802847876526,-0.12949046187444208,0.057979238183884556,1,296,239,0.6626895666122437,0,top_left,429,163,388.7151870727539,161.8356170654297,469.53014373779297,165.76088333129883,1
1,1,322.0,114.0,191.0,191.0,386.26197576522827,160.37083983421326,467.47074842453003,164.87449139356613,434.1473388671875,198.09664249420166,425.29858840139286,249.57045153567665,96.84910774230957,0,0,0,0,0,0,forward,-0.014512036185298135,-0.14249784563656032,0.04143176289740407,1,294,239,0.6921976804733276,0,top_left,426,161,385.76976776123047,159.62280178070068,467.66394805908203,164.12946224212646,1
1,1,324.0,112.0,183.0,183.0,385.3703188896179,159.71493512392044,465.84640979766846,163.59657257795334,433.35338592529297,197.18111515045166,423.4496367605109,246.48626653771652,95.81463932991028,0,0,0,0,0,0,forward,-0.031811617990563756,-0.1306314829224881,0.03933529744186718,1,295,239,0.6214885115623474,0,top_left,425,160,385.02425384521484,158.98678493499756,466.0421829223633,162.8241891860962,1
1,1,324.0,109.0,185.0,185.0,385.6172704696655,156.71899437904358,468.11955213546753,161.13640755414963,434.3479919433594,195.90087890625,425.3011081093236,244.9582220378675,96.01295590400696,0,0,0,0,0,0,forward,-0.04922084850469924,-0.11233808530755605,0.03091587374610466,1,301,239,0.6461108326911926,0,top_left,426,158,384.4637985229492,156.59075260162354,468.0016784667969,160.9601411819458,1
1,1,323.0,110.0,183.0,183.0,385.4708456993103,158.22093933820724,464.78320837020874,161.60310477018356,430.59017181396484,196.57552242279053,423.1751291375411,246.43067309730932,96.08396887779236,0,0,0,0,0,0,forward,-0.05658828337118312,-0.11011100989899118,0.0291150911132049,1,295,238,0.7947914600372314,0,top_left,425,159,385.8131408691406,157.89319324493408,464.83573150634766,161.16607475280762,1
1,1,323.0,109.0,183.0,183.0,384.8573589324951,154.41940426826477,465.6355834007263,158.8527461886406,431.12884521484375,193.5644817352295,422.21228348581417,240.9630278537148,95.33054828643799,0,0,0,0,0,0,forward,-0.0702376321124947,-0.1326338541725247,0.037036613319157294,1,286,239,0.6845801472663879,0,top_left,424,155,384.3087615966797,153.74459266662598,465.54940032958984,158.09761905670166,1
1,1,327.0,107.0,176.0,176.0,384.53901529312134,156.16738200187683,464.38100576400757,160.85528790950775,429.44679260253906,194.80440616607666,421.57067750629625,242.3012351989746,94.88707780838013,0,0,0,0,0,0,forward,-0.0665032757195472,-0.1007153726976675,0.03345984014018419,1,295,239,0.6944687366485596,0,top_left,424,157,383.9560852050781,155.31653308868408,464.9320526123047,160.0770263671875,1
1,1,324.0,110.0,178.0,178.0,383.33733320236206,155.8978146314621,463.8168668746948,158.64605247974396,429.59346771240234,193.38661193847656,423.0825363962274,241.57591618989645,95.09360194206238,0,0,0,0,0,0,forward,-0.02958066376751781,-0.06395201823864913,0.015123100403414117,1,312,238,0.6528451442718506,0,top_left,423,156,381.6324768066406,155.37088680267334,464.61940002441406,158.162841796875,1
1,1,322.0,113.0,177.0,177.0,381.0360646247864,159.1992625594139,463.27465057373047,163.59388321638107,429.2689895629883,194.89751815795898,422.9603416041324,244.721807429665,95.62598466873169,0,0,0,0,0,0,forward,0.02501159172698871,-0.06905282003067792,0.028947433972239322,1,290,239,0.673459529876709,0,top_left,421,161,379.72505950927734,158.791428565979,464.1466751098633,163.28766632080078,1
1,1,325.0,111.0,180.0,180.0,381.3402843475342,157.824604511261,463.69871854782104,160.69072008132935,428.8822937011719,192.88229942321777,422.5387191772461,242.99427208147551,95.71376442909241,0,0,0,0,0,0,forward,0.0032649183264930556,-0.06292544484245173,0.018731640115880636,1,310,238,0.731573760509491,0,top_left,422,158,381.03365325927734,157.41363430023193,464.0457229614258,160.30872917175293,1
1,1,326.0,115.0,176.0,176.0,384.1136145591736,160.00812292099,464.32098865509033,165.0430127978325,427.4180603027344,193.81364822387695,418.9270902934827,243.03152184737357,95.6451952457428,0,0,0,0,0,0,forward,0.01482902173339902,-0.013016517852226071,0.060464157305980044,1,299,239,0.6520496010780334,0,top_left,424,162,384.62403869628906,159.8017702102661,465.00181579589844,164.888897895813,1
1,1,329.0,112.0,176.0,176.0,383.56494665145874,157.88638919591904,463.9807343482971,160.4354551434517,429.866943359375,192.66470432281494,423.6450737401059,241.5068413081922,94.96480822563171,0,0,0,0,0,0,forward,-0.005207233161876325,-0.07675073548863139,0.013426947586899165,1,292,239,0.7421835064888,0,top_left,423,158,383.23814392089844,157.43958950042725,464.3479309082031,159.82081604003906,1
1,1,328.0,113.0,172.0,172.0,381.2037920951843,160.31700253486633,462.69739866256714,164.2321640253067,426.7781066894531,194.4425868988037,418.3881518715306,243.13894573010896,93.13071966171265,0,0,0,0,0,0,forward,-0.002551916490929583,-0.033186279548463406,0.04406763623180928,1,297,239,0.6275759339332581,0,top_left,422,162,381.1342544555664,160.01045894622803,463.4601516723633,164.15877056121826,1
1,1,328.0,110.0,174.0,174.0,382.69495964050293,158.8713937997818,463.48031759262085,161.55774235725403,430.1964569091797,194.34725761413574,424.7452123541581,241.17586838571648,93.8713550567627,0,0,0,0,0,0,forward,-0.035968211547604705,-0.08228988769070195,-8.27169135614453e-05,1,308,238,0.7551005482673645,0,top_left,423,159,382.44927978515625,158.31853866577148,464.04398345947266,161.17516422271729,1
1,1,323.0,113.0,182.0,182.0,381.56734704971313,159.14575159549713,462.5196170806885,162.49752759933472,426.8645477294922,194.51491355895996,420.93324560868115,244.3099082143683,95.14800906181335,0,0,0,0,0,0,forward,-0.007485858265861267,-0.03819569500400946,0.027455026184921582,1,310,238,0.7108789682388306,0,top_left,423,160,382.06285858154297,158.84114742279053,464.2123718261719,162.2239007949829,1
1,1,327.0,111.0,176.0,176.0,381.4157032966614,158.11550796031952,464.42230701446533,159.75258260965347,429.5826721191406,192.4434471130371,424.46382622969776,241.62206750167044,94.50427889823914,0,0,0,0,0,0,forward,-0.009671716683103949,-0.05191359474536336,-0.003267886932240959,1,293,240,0.6484389305114746,0,top_left,423,158,381.5094451904297,157.55233097076416,465.5315628051758,159.12333297729492,1
1,1,328.0,117.0,174.0,174.0,381.5969133377075,160.6257650256157,460.6357526779175,163.15087527036667,425.34557342529297,194.67761993408203,419.2682547318308,242.49851026033102,96.30481600761414,0,0,0,0,0,0,forward,-0.016398598991663887,-0.05792151813300763,0.021588103304886055,1,301,238,0.7445168495178223,0,top_left,421,161,382.40447998046875,159.88169288635254,460.8916931152344,162.24581336975098,1
1,1,327.0,109.0,177.0,177.0,381.1164093017578,158.91512364149094,464.1945266723633,162.47512489557266,430.21228790283203,193.9348840713501,423.87467836078844,242.11883896275572,96.02857828140259,0,0,0,0,0,0,forward,0.017796216949844488,-0.07003121053626692,0.017520936347222196,1,287,239,0.6909171938896179,0,top_left,421,160,378.7560119628906,159.1142177581787,464.6865234375,162.6583013534546,1
1,1,323.0,113.0,182.0,182.0,384.1756534576416,159.77539747953415,461.50169610977173,163.71080607175827,428.30623626708984,197.12719917297363,423.7274029380397,244.28050668616044,94.9781596660614,0,0,0,0,0,0,forward,-0.0525544886668814,-0.12956700727224393,0.009923050869612074,1,302,239,0.5924819111824036,0,top_left,423,161,384.4688262939453,159.52037715911865,462.03336334228516,163.6091136932373,1
1,1,325.0,109.0,179.0,179.0,383.70326042175293,157.68910825252533,463.8808751106262,161.9326114654541,427.76580810546875,189.9487066268921,420.96759595369036,239.7396469116211,95.99817991256714,0,0,0,0,0,0,forward,0.05431092164483285,-0.016705583932111728,0.040941831350930324,1,301,238,0.7801743745803833,0,top_left,423,159,383.1784973144531,157.3760061264038,464.6734848022461,161.83277320861816,1
1,1,300.0,115.0,191.0,190.0,364.7224760055542,162.91454404592514,445.095636844635,169.40201818943024,410.4308319091797,204.5207118988037,402.02843917043583,254.04943265412984,96.04326486587524,0,0,0,0,0,0,forward,-0.04967470645390645,-0.14817246151562452,0.05384544011470875,1,254,239,0.8766700029373169,0,top_left,404,165,364.3147735595703,162.44813346862793,445.15296173095703,168.77701377868652,1
1,1,303.0,118.0,188.0,188.0,366.18900060653687,162.41418957710266,446.3426899909973,169.78507339954376,408.78971099853516,204.4388723373413,400.4868075722142,253.59710342005678,96.26215696334839,0,0,0,0,0,0,forward,-0.05591418549331364,-0.11366852668863149,0.07442986343156446,1,257,239,0.7785046696662903,0,top_left,406,165,366.2901153564453,161.66609573364258,447.6094665527344,169.1041030883789,1
1,1,305.0,115.0,186.0,186.0,366.25762701034546,163.5131335258484,447.10917711257935,171.3462594151497,407.57850646972656,204.71962451934814,399.91015785618833,253.83017439591256,95.82869410514832,0,0,0,0,0,0,forward,-0.056660755169218056,-0.05686981336524052,0.07756059196539361,1,268,239,0.7641822099685669,0,top_left,407,167,365.6700744628906,162.95031452178955,448.3618469238281,171.05662536621094,1
1,1,307.0,117.0,183.0,183.0,364.0797233581543,161.65586203336716,444.45363759994507,167.71171689033508,407.5879669189453,202.30895519256592,401.25857704564146,252.90484353115684,95.81682682037354,0,0,0,0,0,0,forward,-0.026316669586022575,-0.07681830924133207,0.04776341355170841,1,271,239,0.697284460067749,0,top_left,404,163,363.4860305786133,160.9029664993286,444.76952362060547,166.89707851409912,1
1,1,306.0,112.0,185.0,185.0,364.48687076568604,160.96207916736603,445.0737738609314,166.56220525503159,406.0139846801758,201.96972370147705,399.5419713070518,250.44202453211733,94.67751979827881,0,0,0,0,0,0,forward,-0.07567098523626385,-0.06059013331829656,0.05112459781690505,1,268,239,0.7181136012077332,0,top_left,404,162,363.7628479003906,159.98876094818115,445.5079040527344,165.4927854537964,1
1,1,314.0,114.0,172.0,172.0,363.7300777435303,160.11053413152695,445.22489309310913,166.0792511701584,404.38072204589844,201.63641452789307,398.0805085834704,248.2724566208689,92.36291646957397,0,0,0,0,0,0,forward,-0.1167670766595753,0.026703500380333565,0.05822242128699425,1,260,239,0.8602847456932068,0,None,403,162,362.3250198364258,159.0143051147461,445.6549301147461,165.18209552764893,1
1,1,318.0,117.0,168.0,168.0,366.17640018463135,161.84185981750488,446.0178780555725,165.7481700181961,408.1343078613281,201.9001007080078,404.0364476254112,245.7319736480713,94.19524073600769,0,0,0,0,0,0,forward,-0.1344659734505354,0.009893396435360241,0.025473460301238874,1,254,239,0.8928054571151733,0,None,406,163,366.5186080932617,161.18760681152344,446.6150360107422,165.0627851486206,1
1,1,311.0,117.0,180.0,180.0,368.83822441101074,158.64350885152817,449.84288692474365,165.56491166353226,411.20044708251953,198.92772674560547,405.37202132375614,244.6467658093101,94.96220350265503,0,0,0,0,0,0,forward,-0.06787649215424936,-0.03951220531772227,0.053134904692582245,1,241,241,0.6000015735626221,0,top_left,409,161,369.1618423461914,157.99248504638672,450.4850082397461,164.92211151123047,1
1,1,316.0,114.0,175.0,175.0,367.8274989128113,159.44469809532166,449.87783670425415,166.4857131242752,409.9339294433594,200.90523719787598,404.29605584395557,245.87726542824194,94.02142763137817,0,0,0,0,0,0,forward,-0.10376897595806744,0.014282371898673391,0.056910532604682026,1,237,241,0.6482766270637512,0,top_left,408,161,367.1882095336914,158.40993976593018,450.4069366455078,165.57323455810547,1
1,1,313.0,114.0,177.0,177.0,370.589542388916,156.6387301683426,448.78644704818726,164.31710064411163,410.39196014404297,198.43829154968262,405.08467222514906,245.90063923283628,94.30851936340332,0,0,0,0,0,0,forward,-0.06830241468254745,-0.044996779039475215,0.06033112391385096,0,0,0,0,0,top_left,410,159,370.55281829833984,155.4493818283081,450.38191986083984,163.5051670074463,1
1,1,317.0,115.0,173.0,173.0,368.9460587501526,160.22768765687943,451.5720772743225,165.2323392033577,411.89910888671875,201.4997434616089,408.41399744937297,250.2399474696109,94.30522322654724,0,0,0,0,0,0,forward,-0.06687702060210854,0.022641450475042683,0.027808621329887387,1,270,240,0.686671257019043,0,None,410,161,368.9814987182617,159.18100261688232,452.9921646118164,164.29509258270264,1
1,1,316.0,112.0,177.0,177.0,369.9307322502136,159.6523904800415,452.02789306640625,164.90266889333725,413.1004333496094,199.76982593536377,407.40685914692125,248.5132448296798,95.66992521286011,0,0,0,0,0,0,forward,-0.06464724912725489,-0.034367996651783805,0.041583361983728376,1,257,238,0.8414490818977356,0,top_left,411,161,369.463134765625,158.8926773071289,453.66703033447266,164.14837646484375,1
1,1,314.0,113.0,179.0,179.0,370.54408073425293,159.1859382390976,452.1425461769104,165.0370466709137,412.7677917480469,200.722975730896,406.2269451743678,249.35471233568694,94.43490505218506,0,0,0,0,0,0,forward,-0.06648762632118396,-0.03400784285894845,0.0498472159737015,0,0,0,0,0,top_left,411,161,369.9965515136719,158.27338886260986,453.0948257446289,164.16436958312988,1
1,1,316.0,113.0,176.0,176.0,372.6801919937134,157.81477510929108,452.52947330474854,162.62120872735977,414.67647552490234,198.62462997436523,410.6033505891499,249.26423775522332,94.00253891944885,0,0,0,0,0,0,forward,-0.04125060527709883,-0.04839436199988056,0.026288502118647427,0,0,0,0,0,top_left,413,159,372.82079315185547,156.73334312438965,454.6227493286133,161.68210315704346,1
1,1,324.0,112.0,171.0,171.0,372.9873275756836,158.51562291383743,455.6469416618347,163.8892176747322,417.4028015136719,199.87087726593018,411.0259307058234,250.87995453884727,91.56126976013184,0,0,0,0,0,0,forward,-0.04298963423463025,-0.03852096056286335,0.03594296039296639,0,0,0,0,0,top_left,414,159,371.3367614746094,157.04195022583008,456.7602996826172,162.6335678100586,1
1,1,329.0,113.0,167.0,167.0,374.0538287162781,158.19786071777344,456.1938142776489,164.14390414953232,419.27337646484375,201.0572862625122,413.5293960571289,250.09363475598786,94.0635085105896,0,0,0,0,0,0,forward,-0.04877352752315202,-0.05520791434932931,0.030068276807247718,1,267,238,0.5808225870132446,0,top_left,413,159,370.7701950073242,156.6802396774292,456.1021423339844,162.92257976531982,1
1,1,327.0,112.0,173.0,173.0,377.55874156951904,157.52140760421753,458.1718111038208,163.07585209608078,421.07418060302734,197.26106643676758,415.0264579371402,248.2863325821726,95.77146172523499,0,0,0,0,0,0,forward,-0.016414135985483413,-0.0558259865810516,0.04259745597778762,1,257,238,0.8308467268943787,0,top_left,417,159,376.2451858520508,157.09111976623535,457.95391845703125,162.4888401031494,1
1,1,323.0,112.0,179.0,179.0,376.76750659942627,157.2371882200241,458.3530354499817,162.3417940735817,419.9055480957031,195.84224224090576,414.4757060000771,247.86361192402086,96.43945693969727,0,0,0,0,0,0,forward,-0.030651682051518483,-0.05567068914245245,0.04102479899901365,1,292,239,0.5983785390853882,0,top_left,418,159,377.50091552734375,156.6038818359375,458.80782318115234,161.65116691589355,1
1,2,327.0,116.0,174.0,173.0,372.60130882263184,159.03489589691162,456.82745933532715,162.75999516248703,417.4378967285156,199.5658779144287,411.59675196597453,245.58359196311548,94.2915141582489,0,0,0,0,0,0,forward,-0.11729432743895543,-0.008717765534461389,0.03015908123631848,1,266,239,0.7179924845695496,0,None,413,159,371.02332305908203,157.97910690307617,456.7049255371094,161.62836742401123,1
1,2,319.0,109.0,180.0,180.0,369.8475193977356,148.63043546676636,452.1415877342224,160.4014903306961,409.3014144897461,183.98557662963867,405.18997995476974,225.74706278349223,74.28902983665466,0,0,0,0,0,0,forward,-0.03496267090767789,0.07693959954736977,0.11526845213959758,1,253,239,0.7878393530845642,0,None,411,153,369.23468017578125,147.91337299346924,453.59303283691406,159.59535312652588,1
1,2,314.0,114.0,185.0,185.0,0,0,0,0,0,0,0,0,79.929119348526,0,0,0,0,0,0,None,0.0,0.0,0.0,1,253,238,0.6113964915275574,0,None,0,0,0,0,0,0,1
1,2,315.0,113.0,182.0,182.0,378.4623193740845,152.69568622112274,451.95297956466675,161.95354521274567,417.0882797241211,183.45196723937988,415.91787639417146,225.45357001455207,68.6564028263092,0,0,0,0,0,0,forward,0.061998657555959354,0.0020942127334841547,0.0750847751599311,1,253,238,0.7407604455947876,0,top_left,414,155,377.3729553222656,150.612811088562,451.8901824951172,159.50950813293457,1
1,1,318.0,115.0,179.0,179.0,367.4172782897949,152.655628323555,444.5864748954773,158.27461749315262,412.3267364501953,172.79025077819824,410.754808124743,213.70179929231344,77.27680802345276,0,0,0,0,0,0,forward,0.25427465662276244,-0.05585908812867351,0.03651773764639727,1,256,238,0.5159012079238892,0,top_left,405,154,366.03358459472656,151.55303192138672,444.8817367553711,157.78421688079834,1
1,2,215.0,186.0,209.0,209.0,0,0,0,0,0,0,0,0,63.82232308387756,0,0,0,0,0,0,None,0.0,0.0,0.0,1,251,240,0.7807542681694031,0,None,0,0,0,0,0,0,1
1,2,306.0,109.0,175.0,175.0,360.66949367523193,154.81465369462967,437.41254806518555,152.84795880317688,402.26016998291016,188.08725357055664,398.7324584157843,222.16026607312654,80.16627430915833,0,0,0,0,0,0,None,-0.2667923552052093,0.04402348606083443,-0.032655613923266075,1,252,237,0.7589382529258728,0,center,400,152,361.1544189453125,153.54589462280273,439.07481384277344,151.34882926940918,1
1,1,165.0,152.0,288.0,288.0,0,0,0,0,0,0,0,0,70.42272090911865,0,0,0,0,0,0,None,0.0,0.0,0.0,1,246,237,0.7350091934204102,0,None,0,0,0,0,0,0,1
1,2,128.0,107.0,225.0,225.0,0,0,0,0,0,0,0,0,67.4062967300415,0,0,0,0,0,0,None,0.0,0.0,0.0,1,242,241,0.9218319654464722,0,None,0,0,0,0,0,0,1
1,1,150.0,73.0,196.0,196.0,0,0,0,0,0,0,0,0,63.632071018218994,0,0,0,0,0,0,None,0.0,0.0,0.0,1,241,240,0.916242241859436,0,None,0,0,0,0,0,0,1
1,1,208.0,93.0,227.0,227.0,0,0,0,0,0,0,0,0,64.39788937568665,0,0,0,0,0,0,None,0.0,0.0,0.0,1,252,240,0.5637935996055603,0,None,0,0,0,0,0,0,1
1,1,210.0,83.0,189.0,189.0,0,0,0,0,0,0,0,0,67.19149351119995,0,0,0,0,0,0,None,0.0,0.0,0.0,0,0,0,0,0,None,0,0,0,0,0,0,1
1,1,185.0,83.0,189.0,189.0,0,0,0,0,0,0,0,0,60.79896092414856,0,0,0,0,0,0,None,0.0,0.0,0.0,0,0,0,0,0,None,0,0,0,0,0,0,1
1,1,290.0,93.0,150.0,150.0,0,0,0,0,0,0,0,0,75.00194311141968,0,0,0,0,0,0,None,0.0,0.0,0.0,0,0,0,0,0,None,0,0,0,0,0,0,1
1,2,324.0,101.0,123.0,123.0,0,0,0,0,0,0,0,0,84.54495668411255,0,0,0,0,0,0,None,0.0,0.0,0.0,1,211,250,0.8263349533081055,0,None,0,0,0,0,0,0,1
1,1,334.0,117.0,114.0,114.0,358.8222551345825,153.62026065587997,412.6888370513916,153.28312933444977,384.8937225341797,180.15329360961914,384.1849015888415,202.64587452537134,90.17455577850342,0,0,0,0,0,0,None,-0.34097355167298354,0.12062172346565195,0.011509855585839826,0,0,0,0,1,bottom_right,386,153,358.18811798095703,153.55605125427246,414.2264709472656,153.24498653411865,1
1,1,333.0,125.0,115.0,115.0,364.01930570602417,156.4505034685135,414.2324376106262,159.4209462404251,384.84973907470703,182.5846767425537,386.47557911119964,208.38682049199156,88.97014260292053,0,0,0,0,0,0,forward,-0.24063001678450627,0.3169918740101114,0.07687763646846131,1,228,240,0.6928014159202576,0,None,389,157,363.1692581176758,155.77971267700195,415.63360595703125,159.1393918991089,1
1,1,324.0,123.0,126.0,126.0,359.03852462768555,154.37702625989914,416.65409564971924,157.58821070194244,391.71119689941406,178.58247756958008,388.29594461541427,218.17540469922517,92.4398124217987,0,0,0,0,0,0,forward,0.05011041739336321,-0.17757380101934478,0.019907296188636098,1,233,239,0.891732394695282,0,top_left,387,155,358.8651657104492,153.56946659088135,417.0449981689453,156.91091537475586,1
1,1,317.0,128.0,138.0,138.0,359.04300689697266,156.2329262495041,417.9086947441101,159.12206321954727,392.1569061279297,176.51681900024414,388.83211236251026,218.46101911444413,90.4219388961792,0,0,0,0,0,0,forward,0.10800126404799229,-0.12825304274382615,0.02722908698187749,1,235,240,0.916037380695343,0,top_left,388,157,358.51427459716797,155.74629306793213,418.27552795410156,158.62073421478271,1
1,1,309.0,113.0,146.0,146.0,356.63435220718384,145.54254591464996,420.0835657119751,147.95780807733536,394.06394958496094,169.69744205474854,392.1129266839278,211.79827790511283,93.58096718788147,0,0,0,0,0,0,forward,0.07078673081570883,-0.19925539812282855,-0.00989582246085397,1,239,240,0.9103233814239502,0,top_left,387,145,355.0712203979492,144.57780075073242,420.7503433227539,147.0213918685913,1
1,1,305.0,111.0,150.0,150.0,353.22365283966064,145.71976840496063,419.6779680252075,147.03783452510834,391.7491912841797,169.7512435913086,389.0741629349558,211.30405275445236,93.21434497833252,0,0,0,0,0,0,forward,0.013489124266297245,-0.15888311733125243,-0.013903746821100571,1,237,239,0.9061625599861145,0,top_left,386,145,352.6100311279297,144.88978672027588,419.6205368041992,146.22653102874756,1
1,1,306.0,120.0,144.0,144.0,349.52093839645386,149.03026342391968,416.06123208999634,151.02148175239563,388.6372756958008,172.95777797698975,387.50932793868213,214.15634431337057,92.5807535648346,0,0,0,0,0,0,forward,0.07246704418111524,-0.1399898584056474,-0.01897502375835919,1,236,240,0.8431043028831482,0,top_left,382,149,348.50304412841797,148.18744468688965,415.95501708984375,150.2817792892456,1
1,1,306.0,119.0,141.0,141.0,353.33219051361084,151.51446998119354,414.7735261917114,151.5391257405281,389.6696472167969,170.03488540649414,388.33792636269015,211.4740306452701,92.06274151802063,0,0,0,0,0,0,forward,0.10767379180891544,-0.1483337069885824,-0.02890463401600496,1,232,239,0.9078927040100098,0,top_left,384,150,353.0386505126953,150.6654224395752,415.6166229248047,150.76935195922852,1
1,1,305.0,115.0,137.0,137.0,352.5353503227234,147.87566721439362,416.902220249176,148.75458329916,392.53822326660156,168.59112739562988,389.22795747455797,207.35468764054147,91.90553426742554,0,0,0,0,0,0,forward,0.11396596163549133,-0.16343485725665746,-0.013607713152694361,1,235,240,0.9117943048477173,0,top_left,384,147,351.2296371459961,146.8567771911621,417.19976806640625,147.7906150817871,1
1,1,315.0,108.0,130.0,130.0,357.3398542404175,149.1596022248268,421.39594554901123,150.61027228832245,397.3374938964844,174.24960136413574,394.33746739437703,209.8257350921631,92.32661724090576,0,0,0,0,0,0,forward,0.046365930477898096,-0.16066047602714933,-0.02843632211880276,1,236,240,0.9238413572311401,0,top_left,389,149,355.97862243652344,148.54476928710938,422.4685974121094,150.04428005218506,1
1,1,321.0,112.0,129.0,129.0,359.45728063583374,148.4441390633583,424.79423999786377,150.56182891130447,397.53246307373047,172.59851932525635,394.48245801423724,208.9966317227012,91.26567840576172,0,0,0,0,0,0,forward,0.06834781476756237,-0.0723269844993345,-0.001344095937968181,1,226,239,0.9295721650123596,0,top_left,392,149,359.0863037109375,147.9483346939087,425.60772705078125,150.2111005783081,1
1,1,317.0,114.0,139.0,139.0,365.7876920700073,151.34289801120758,430.34929513931274,155.54984360933304,406.3783264160156,173.15764904022217,402.1297936690481,210.69350066937898,90.60274362564087,0,0,0,0,0,0,forward,0.14851272369788548,-0.14749066618477705,0.029503404844981856,1,230,240,0.9354234337806702,0,top_left,397,152,364.36197662353516,150.40520668029785,430.3983154296875,154.80662155151367,1
1,1,320.0,118.0,144.0,144.0,372.55093574523926,153.09074521064758,435.5439233779907,157.9184603691101,407.7972412109375,182.40254402160645,397.1856147364566,216.89534764540824,89.78025317192078,0,0,0,0,0,0,forward,-0.1322856040496039,-0.1360393915871295,0.08265460380373732,1,239,240,0.9080871939659119,0,top_left,403,154,371.64962005615234,152.3909797668457,434.9291687011719,157.41809177398682,1
1,1,323.0,125.0,140.0,140.0,377.62139320373535,157.43317544460297,441.3204884529114,164.44938629865646,417.1759033203125,190.27732372283936,407.32043818423625,219.40429536919845,87.86147832870483,0,0,0,0,0,0,forward,-0.18224614015091087,-0.13893320035109116,0.05682964234816098,1,241,240,0.9131275415420532,0,None,408,160,376.3002243041992,156.8943157196045,440.26566314697266,164.2657985687256,1
1,1,319.0,132.0,142.0,142.0,372.6692008972168,166.88863188028336,438.25480699539185,173.88816744089127,414.1285705566406,196.08638763427734,403.2094754670796,226.96645636307565,87.645024061203,0,0,0,0,0,0,forward,-0.06321379643541677,-0.13846271974893914,0.07829825749126898,1,246,239,0.8761740922927856,0,top_left,405,169,371.89920806884766,166.3172779083252,438.64007568359375,173.62430477142334,1
1,1,314.0,136.0,150.0,150.0,371.08410358428955,175.9237164258957,437.60536432266235,181.88590496778488,409.9217224121094,210.7370138168335,400.76464402048214,244.0743835348832,90.21965265274048,0,0,0,0,0,0,forward,-0.12465298545524808,-0.1583864008089408,0.059607335397984545,1,245,240,0.8693172335624695,0,None,404,178,371.0911865234375,175.2545042037964,437.5659637451172,181.31703758239746,1
1,1,307.0,137.0,155.0,155.0,367.6502537727356,183.4040692448616,434.87154960632324,187.2768947482109,407.40047454833984,216.8274736404419,398.2344577186986,249.74313083447908,86.70985698699951,0,0,0,0,0,0,forward,-0.1387728962326916,-0.1232184062617809,0.04546427872170094,1,242,239,0.8924188017845154,0,None,401,184,367.41078186035156,182.97016525268555,435.0221176147461,186.74899005889893,1
1,1,314.0,134.0,150.0,150.0,363.1772470474243,181.9309964776039,435.5085229873657,182.248957157135,407.0751190185547,212.85837650299072,405.17133411608245,248.09980668519674,92.25201606750488,0,0,0,0,0,0,forward,-0.040603772875191894,-0.08416253723709981,-0.05385688116499602,1,243,240,0.8815573453903198,0,top_left,399,181,363.2837219238281,181.52624130249023,436.27838134765625,181.71313190460205,1
1,1,303.0,133.0,163.0,163.0,363.44102144241333,180.3341943025589,434.20504093170166,180.42813062667847,402.8972625732422,214.2392063140869,400.5609331632915,254.6364046397962,90.98783731460571,0,0,0,0,0,0,forward,-0.057346155436756405,-0.10595819241351301,-0.026849686872902664,1,244,239,0.8876328468322754,0,top_left,398,179,363.2123336791992,179.6169605255127,434.6601333618164,179.85770416259766,1
1,1,305.0,138.0,168.0,168.0,362.50068187713623,184.92119282484055,431.91383600234985,181.9196704030037,403.96480560302734,209.5499324798584,400.6792329487048,256.27906548349483,92.92016625404358,0,0,0,0,0,0,forward,0.025554764006800356,-0.16829431914135531,-0.029014224576915156,1,252,239,0.8595418334007263,0,top_left,397,183,362.0555725097656,184.58851146697998,432.12174224853516,181.5957269668579,1
1,1,306.0,139.0,164.0,164.0,364.11324739456177,182.12607264518738,429.33852910995483,177.8515174984932,401.8636703491211,206.84197425842285,402.5075109381425,258.2937722457083,94.19328570365906,0,0,0,0,0,0,forward,0.07493806377447643,-0.12816531190853536,-0.053673183762676074,1,263,239,0.7337783575057983,0,top_left,398,179,365.5281448364258,181.5926513671875,430.50865936279297,177.2577610015869,1
1,1,303.0,141.0,166.0,166.0,355.59613943099976,184.82250720262527,425.44301748275757,174.92203652858734,397.83931732177734,206.28014087677002,401.5014588205438,258.166282051488,93.07616949081421,0,0,0,0,0,0,forward,0.09597572763937356,-0.09569550761831999,-0.12328872358544915,1,240,240,0.8567595481872559,0,top_left,390,179,355.0287628173828,184.48103713989258,426.6997299194336,174.27110481262207,1
1,1,303.0,144.0,161.0,161.0,350.6429672241211,187.33087956905365,419.8969340324402,175.43384671211243,393.49720001220703,206.1066484451294,398.7616609272204,258.5433987567299,92.87919998168945,0,0,0,0,0,0,forward,0.1006757773409709,-0.1125554510355405,-0.15201771104156978,1,237,240,0.9163162708282471,0,top_left,384,180,349.0126647949219,187.05908203125,420.38822174072266,174.74365711212158,1
1,1,299.0,144.0,164.0,164.0,344.60100412368774,187.23345547914505,416.2748670578003,175.5900952219963,388.6009979248047,204.85251903533936,394.615074960809,257.79701584263853,93.49093437194824,0,0,0,0,0,0,forward,0.12735214148781543,-0.09117039854501244,-0.1543235161561298,1,237,240,0.896411657333374,0,top_left,380,181,343.0298614501953,187.2068853378296,417.00171661376953,175.21192073822021,1
1,1,298.0,149.0,156.0,156.0,344.53043937683105,188.1388807296753,413.8470411300659,176.8328645825386,385.9581756591797,208.54516983032227,392.4757706491571,259.8946749536615,93.50178241729736,0,0,0,0,0,0,forward,0.1252794320824655,-0.0416445554799617,-0.16123924429637446,1,239,240,0.8707984685897827,0,None,378,182,343.45658111572266,187.81714725494385,414.4847640991211,176.35686779022217,1
1,1,296.0,147.0,161.0,161.0,342.9904818534851,189.42010045051575,413.97496938705444,177.9736241698265,387.12135314941406,207.56170749664307,390.98832180625516,260.9381705836246,93.14879775047302,0,0,0,0,0,0,forward,0.11598493098018882,-0.12842462981338057,-0.14012474728662946,1,238,239,0.8735129833221436,0,top_left,379,183,343.2581558227539,189.13051414489746,415.00110626220703,177.4486083984375,1
1,1,293.0,144.0,162.0,162.0,342.2674512863159,188.58342468738556,412.47414350509644,177.74398505687714,385.1015090942383,208.6354923248291,388.19075132671156,259.715902428878,93.38508248329163,0,0,0,0,0,0,forward,0.07956822663795733,-0.13263991292126642,-0.13157098586167165,1,238,239,0.8611167669296265,0,top_left,377,182,341.52376556396484,188.26037979125977,413.27490234375,177.1607723236084,1
1,1,291.0,143.0,165.0,165.0,338.2495069503784,190.1798102259636,410.8923029899597,180.51618486642838,383.1529235839844,210.7199764251709,386.2325547870837,261.15617752075195,94.61690783500671,0,0,0,0,0,0,forward,0.10096791194049799,-0.12473524408027059,-0.12614546353587291,1,236,240,0.8235571384429932,0,top_left,375,184,338.63809967041016,189.7082576751709,411.43406677246094,179.9899091720581,1
1,1,292.0,145.0,164.0,164.0,338.19929122924805,192.48238921165466,408.70795488357544,181.66050642728806,381.51885986328125,216.79136753082275,383.0344471178557,262.2803276463559,94.85464692115784,0,0,0,0,0,0,forward,0.012047130937552058,-0.11260817026322417,-0.13103259124061564,1,236,240,0.9100795388221741,0,top_left,372,186,337.7230758666992,191.90759468078613,408.0406723022461,180.88466835021973,1
1,1,294.0,147.0,162.0,162.0,341.227822303772,190.4822212457657,412.3645877838135,180.7116338610649,384.0217971801758,215.9114170074463,387.4577472084447,261.84667185733196,94.44136619567871,0,0,0,0,0,0,forward,0.036730948016128764,-0.032883073007946656,-0.133836301047216,1,238,240,0.8651551008224487,0,None,377,185,341.8312530517578,190.129789352417,414.10792541503906,180.06443881988525,1
1,1,296.0,150.0,160.0,160.0,338.7057304382324,193.61491799354553,412.1573853492737,182.67755538225174,382.7204132080078,215.7780933380127,385.67113575182464,259.98175922193025,93.74423027038574,0,0,0,0,0,0,forward,0.02945547801743211,-0.03879522206914347,-0.13362612897890147,1,240,239,0.8817302584648132,0,None,375,187,338.1904067993164,193.1049041748047,412.4554672241211,181.91777229309082,1
1,1,295.0,148.0,157.0,157.0,342.47103691101074,190.99086821079254,411.9131636619568,181.5151083469391,384.8789978027344,216.13924026489258,387.60610881604646,261.18261036119964,93.96017789840698,0,0,0,0,0,0,forward,0.003987043300938946,-0.1462392502310507,-0.1286582795773339,1,239,240,0.8742259740829468,0,top_left,378,185,343.89388275146484,190.6417465209961,413.2081527709961,181.0469741821289,1
1,1,294.0,143.0,160.0,160.0,342.2340798377991,192.383214533329,412.27657079696655,184.02612447738647,385.3754425048828,216.19690418243408,385.71441048070005,260.6396228388736,93.80491971969604,0,0,0,0,0,0,forward,0.01943641617434385,-0.12578760348145795,-0.10503755157071135,1,276,239,0.7555096745491028,0,top_left,377,188,342.9968948364258,192.3138427734375,412.4424285888672,183.98280143737793,1
1,1,296.0,150.0,158.0,158.0,342.75163650512695,189.43650394678116,411.4379382133484,182.69741356372833,383.82701873779297,216.79248332977295,384.8877615677683,259.81145607797725,93.67702603340149,0,0,0,0,0,0,forward,-0.022149718656156173,-0.15836796740784098,-0.09530254975382171,1,246,240,0.7521696090698242,0,top_left,377,185,342.5422668457031,189.0278720855713,412.47473907470703,182.0028190612793,1
1,1,296.0,148.0,157.0,157.0,339.99003171920776,189.829880297184,411.4354681968689,182.31528639793396,384.30042266845703,215.57616233825684,385.25449050100224,260.78693239312423,93.8690721988678,0,0,0,0,0,0,forward,0.014431138354932455,-0.15318676494453964,-0.10723302421088843,1,248,240,0.7739169597625732,0,top_left,375,185,339.8189926147461,189.40286922454834,411.55004119873047,181.78368759155273,1
1,1,291.0,147.0,161.0,161.0,342.09001064300537,189.5858073234558,412.3434853553772,184.02812004089355,384.08756256103516,218.04884433746338,384.5220144171464,263.159381464908,94.41802501678467,0,0,0,0,0,0,forward,-0.023102498458342637,-0.1679307253334493,-0.07871696525443021,1,243,240,0.7848992943763733,0,top_left,377,186,342.7681427001953,189.13401889801025,412.74798583984375,183.49791526794434,1
1,1,290.0,147.0,162.0,162.0,341.1001491546631,189.63767766952515,413.3529543876648,184.13102477788925,384.8152542114258,219.88563537597656,384.0623474121094,262.95228406002644,93.81498694419861,0,0,0,0,0,0,forward,-0.048532582792532294,-0.14805192621310684,-0.08188462499068526,1,244,240,0.749550461769104,0,top_left,377,186,341.1980972290039,189.30121421813965,414.1809387207031,183.49758338928223,1
1,1,326.0,232.0,172.0,172.0,0,0,0,0,0,0,0,0,73.42896461486816,0,0,0,0,0,0,None,0.0,0.0,0.0,1,301,238,0.8821911215782166,0,None,0,0,0,0,0,0,1
1,1,329.0,232.0,167.0,167.0,384.23575162887573,262.38877952098846,453.40453147888184,297.6030761003494,405.17086029052734,304.99597549438477,386.05210555227177,339.6266525670102,76.73820853233337,0,0,0,0,0,0,forward,0.03066710066803113,0.15051725121372794,0.4677615750993109,1,301,238,0.8791142106056213,0,None,418,279,383.13976287841797,261.45578956604004,454.11775970458984,297.69371795654297,1
1,1,326.0,257.0,163.0,163.0,0,0,0,0,0,0,0,0,79.73272800445557,0,0,0,0,0,0,None,0.0,0.0,0.0,1,304,238,0.8743523359298706,0,None,0,0,0,0,0,0,1
1,1,328.0,254.0,156.0,156.0,0,0,0,0,0,0,0,0,76.49832963943481,0,0,0,0,0,0,None,0.0,0.0,0.0,1,302,238,0.8669164776802063,0,None,0,0,0,0,0,0,1
1,1,333.0,239.0,165.0,165.0,0,0,0,0,0,0,0,0,71.905916929245,0,0,0,0,0,0,None,0.0,0.0,0.0,1,302,238,0.852289617061615,0,None,0,0,0,0,0,0,1
1,1,329.0,265.0,159.0,159.0,0,0,0,0,0,0,0,0,84.40988659858704,0,0,0,0,0,0,None,0.0,0.0,0.0,1,298,238,0.8904688358306885,0,None,0,0,0,0,0,0,1
1,1,331.0,254.0,164.0,164.0,0,0,0,0,0,0,0,0,81.7047119140625,0,0,0,0,0,0,None,0.0,0.0,0.0,1,301,238,0.8802405595779419,0,None,0,0,0,0,0,0,1
1,1,333.0,253.0,155.0,155.0,0,0,0,0,0,0,0,0,74.21776056289673,0,0,0,0,0,0,None,0.0,0.0,0.0,1,299,238,0.9167303442955017,0,None,0,0,0,0,0,0,1
1,1,332.0,260.0,150.0,150.0,0,0,0,0,0,0,0,0,76.39889717102051,0,0,0,0,0,0,None,0.0,0.0,0.0,1,300,238,0.8885127305984497,0,None,0,0,0,0,0,0,1
1,1,328.0,250.0,161.0,161.0,0,0,0,0,0,0,0,0,72.73218035697937,0,0,0,0,0,0,None,0.0,0.0,0.0,1,303,238,0.8630715012550354,0,None,0,0,0,0,0,0,1
1,1,331.0,262.0,159.0,159.0,0,0,0,0,0,0,0,0,77.56067514419556,0,0,0,0,0,0,None,0.0,0.0,0.0,1,304,239,0.8005486130714417,0,None,0,0,0,0,0,0,1
1,1,335.0,270.0,145.0,145.0,0,0,0,0,0,0,0,0,78.96240949630737,0,0,0,0,0,0,None,0.0,0.0,0.0,1,311,239,0.8144884705543518,0,None,0,0,0,0,0,0,1
1,1,336.0,272.0,142.0,142.0,0,0,0,0,0,0,0,0,77.40864753723145,0,0,0,0,0,0,None,0.0,0.0,0.0,1,311,238,0.8821847438812256,0,None,0,0,0,0,0,0,1
1,1,328.0,259.0,160.0,160.0,0,0,0,0,0,0,0,0,78.66727709770203,0,0,0,0,0,0,None,0.0,0.0,0.0,1,313,238,0.8385966420173645,0,None,0,0,0,0,0,0,1
1,1,331.0,263.0,161.0,161.0,0,0,0,0,0,0,0,0,78.80035042762756,0,0,0,0,0,0,None,0.0,0.0,0.0,1,314,238,0.8736929893493652,0,None,0,0,0,0,0,0,1
1,1,336.0,274.0,145.0,145.0,0,0,0,0,0,0,0,0,77.61592864990234,0,0,0,0,0,0,None,0.0,0.0,0.0,1,315,238,0.856803297996521,0,None,0,0,0,0,0,0,1
1,1,339.0,271.0,155.0,155.0,0,0,0,0,0,0,0,0,82.54948258399963,0,0,0,0,0,0,None,0.0,0.0,0.0,1,315,238,0.8552787899971008,0,None,0,0,0,0,0,0,1
1,1,333.0,271.0,148.0,148.0,0,0,0,0,0,0,0,0,76.34130716323853,0,0,0,0,0,0,None,0.0,0.0,0.0,1,314,239,0.8222286105155945,0,None,0,0,0,0,0,0,1
1,1,333.0,264.0,149.0,149.0,0,0,0,0,0,0,0,0,76.60367488861084,0,0,0,0,0,0,None,0.0,0.0,0.0,1,312,238,0.8505191802978516,0,None,0,0,0,0,0,0,1
1,1,338.0,276.0,144.0,144.0,0,0,0,0,0,0,0,0,78.93120646476746,0,0,0,0,0,0,None,0.0,0.0,0.0,1,311,238,0.8546146154403687,0,None,0,0,0,0,0,0,1
1,1,335.0,260.0,151.0,151.0,0,0,0,0,0,0,0,0,71.81736826896667,0,0,0,0,0,0,None,0.0,0.0,0.0,1,313,238,0.8515881299972534,0,None,0,0,0,0,0,0,1
1,1,330.0,245.0,162.0,162.0,0,0,0,0,0,0,0,0,72.50781655311584,0,0,0,0,0,0,None,0.0,0.0,0.0,1,309,238,0.8751692175865173,0,None,0,0,0,0,0,0,1
1,2,345.0,249.0,162.0,162.0,0,0,0,0,0,0,0,0,71.6944694519043,0,0,0,0,0,0,None,0.0,0.0,0.0,1,309,238,0.906112551689148,0,None,0,0,0,0,0,0,1
1,1,333.0,256.0,169.0,169.0,0,0,0,0,0,0,0,0,76.09014511108398,0,0,0,0,0,0,None,0.0,0.0,0.0,1,313,238,0.9028410911560059,0,None,0,0,0,0,0,0,1
1,1,347.0,215.0,180.0,180.0,0,0,0,0,0,0,0,0,58.19401741027832,0,0,0,0,0,0,None,0.0,0.0,0.0,1,313,238,0.9074103236198425,0,None,0,0,0,0,0,0,1
1,1,340.0,248.0,184.0,184.0,0,0,0,0,0,0,0,0,61.49126887321472,0,0,0,0,0,0,None,0.0,0.0,0.0,1,311,238,0.9115820527076721,0,None,0,0,0,0,0,0,1
1,1,332.0,250.0,174.0,174.0,0,0,0,0,0,0,0,0,73.54257702827454,0,0,0,0,0,0,None,0.0,0.0,0.0,1,317,238,0.9097850918769836,0,None,0,0,0,0,0,0,1
1,1,329.0,260.0,188.0,188.0,0,0,0,0,0,0,0,0,68.22817921638489,0,0,0,0,0,0,None,0.0,0.0,0.0,1,314,238,0.8838967680931091,0,None,0,0,0,0,0,0,1
1,1,325.0,275.0,174.0,174.0,0,0,0,0,0,0,0,0,67.65928864479065,0,0,0,0,0,0,None,0.0,0.0,0.0,1,317,238,0.9126903414726257,0,None,0,0,0,0,0,0,1
1,1,332.0,269.0,179.0,179.0,0,0,0,0,0,0,0,0,68.46115589141846,0,0,0,0,0,0,None,0.0,0.0,0.0,1,317,238,0.9112893342971802,0,None,0,0,0,0,0,0,1
1,1,333.0,268.0,177.0,177.0,0,0,0,0,0,0,0,0,72.35187292098999,0,0,0,0,0,0,None,0.0,0.0,0.0,1,317,238,0.9007856845855713,0,None,0,0,0,0,0,0,1
1,1,364.0,250.0,178.0,178.0,0,0,0,0,0,0,0,0,68.50380301475525,0,0,0,0,0,0,None,0.0,0.0,0.0,1,316,238,0.9087253212928772,0,None,0,0,0,0,0,0,1
1,1,346.0,269.0,165.0,165.0,0,0,0,0,0,0,0,0,75.48948526382446,0,0,0,0,0,0,None,0.0,0.0,0.0,1,315,238,0.8954733610153198,0,None,0,0,0,0,0,0,1
1,1,375.0,241.0,178.0,178.0,0,0,0,0,0,0,0,0,74.2534875869751,0,0,0,0,0,0,None,0.0,0.0,0.0,1,317,238,0.898485004901886,0,None,0,0,0,0,0,0,1
1,1,363.0,253.0,167.0,167.0,0,0,0,0,0,0,0,0,70.40509581565857,0,0,0,0,0,0,None,0.0,0.0,0.0,1,317,238,0.9149817824363708,0,None,0,0,0,0,0,0,1
1,1,356.0,275.0,159.0,159.0,0,0,0,0,0,0,0,0,64.00393843650818,0,0,0,0,0,0,None,0.0,0.0,0.0,1,317,238,0.9123942852020264,0,None,0,0,0,0,0,0,1
1,1,355.0,273.0,178.0,178.0,0,0,0,0,0,0,0,0,61.042606830596924,0,0,0,0,0,0,None,0.0,0.0,0.0,1,317,238,0.8981003761291504,0,None,0,0,0,0,0,0,1
1,1,362.0,270.0,171.0,171.0,0,0,0,0,0,0,0,0,59.718531370162964,0,0,0,0,0,0,None,0.0,0.0,0.0,1,317,238,0.921446681022644,0,None,0,0,0,0,0,0,1
1,1,366.0,279.0,155.0,155.0,0,0,0,0,0,0,0,0,66.08797907829285,0,0,0,0,0,0,None,0.0,0.0,0.0,1,318,238,0.9214978814125061,0,None,0,0,0,0,0,0,1
1,1,369.0,273.0,147.0,147.0,0,0,0,0,0,0,0,0,57.90322422981262,0,0,0,0,0,0,None,0.0,0.0,0.0,1,317,238,0.9115875959396362,0,None,0,0,0,0,0,0,1
1,1,382.0,281.0,150.0,150.0,0,0,0,0,0,0,0,0,70.57633399963379,0,0,0,0,0,0,None,0.0,0.0,0.0,1,318,238,0.9122052788734436,0,None,0,0,0,0,0,0,1
1,1,397.0,278.0,142.0,142.0,0,0,0,0,0,0,0,0,62.82257437705994,0,0,0,0,0,0,None,0.0,0.0,0.0,1,318,237,0.9113156795501709,0,None,0,0,0,0,0,0,1
1,1,395.0,284.0,143.0,143.0,0,0,0,0,0,0,0,0,67.13979840278625,0,0,0,0,0,0,None,0.0,0.0,0.0,1,318,238,0.9128455519676208,0,None,0,0,0,0,0,0,1
1,1,408.0,276.0,150.0,150.0,0,0,0,0,0,0,0,0,56.47953152656555,0,0,0,0,0,0,None,0.0,0.0,0.0,1,318,238,0.9186991453170776,0,None,0,0,0,0,0,0,1
1,1,427.0,281.0,147.0,147.0,0,0,0,0,0,0,0,0,53.92286777496338,0,0,0,0,0,0,None,0.0,0.0,0.0,1,318,238,0.9272553324699402,0,None,0,0,0,0,0,0,1
0,0,0,0,0,0,0,0,0,0,0,0,0,0,0,0,0,0,0,0,0,None,0.0,0.0,0.0,1,318,238,0.910922110080719,0,None,0,0,0,0,0,0,1
0,0,0,0,0,0,0,0,0,0,0,0,0,0,0,0,0,0,0,0,0,None,0.0,0.0,0.0,1,319,238,0.9151223301887512,0,None,0,0,0,0,0,0,1
0,0,0,0,0,0,0,0,0,0,0,0,0,0,0,0,0,0,0,0,0,None,0.0,0.0,0.0,1,319,238,0.9034681916236877,0,None,0,0,0,0,0,0,1
0,0,0,0,0,0,0,0,0,0,0,0,0,0,0,0,0,0,0,0,0,None,0.0,0.0,0.0,1,318,238,0.8933004140853882,0,None,0,0,0,0,0,0,1
0,0,0,0,0,0,0,0,0,0,0,0,0,0,0,0,0,0,0,0,0,None,0.0,0.0,0.0,1,318,238,0.8993580937385559,0,None,0,0,0,0,0,0,1
0,0,0,0,0,0,0,0,0,0,0,0,0,0,0,0,0,0,0,0,0,None,0.0,0.0,0.0,1,318,238,0.8955788612365723,0,None,0,0,0,0,0,0,1
0,0,0,0,0,0,0,0,0,0,0,0,0,0,0,0,0,0,0,0,0,None,0.0,0.0,0.0,1,308,239,0.8145216107368469,0,None,0,0,0,0,0,0,1
0,0,0,0,0,0,0,0,0,0,0,0,0,0,0,0,0,0,0,0,0,None,0.0,0.0,0.0,1,319,238,0.8922317028045654,0,None,0,0,0,0,0,0,1
0,0,0,0,0,0,0,0,0,0,0,0,0,0,0,0,0,0,0,0,0,None,0.0,0.0,0.0,1,318,238,0.8939588665962219,0,None,0,0,0,0,0,0,1
0,0,0,0,0,0,0,0,0,0,0,0,0,0,0,0,0,0,0,0,0,None,0.0,0.0,0.0,1,318,238,0.8651511669158936,0,None,0,0,0,0,0,0,1
0,0,0,0,0,0,0,0,0,0,0,0,0,0,0,0,0,0,0,0,0,None,0.0,0.0,0.0,1,318,239,0.8831888437271118,0,None,0,0,0,0,0,0,1
0,0,0,0,0,0,0,0,0,0,0,0,0,0,0,0,0,0,0,0,0,None,0.0,0.0,0.0,1,318,238,0.8927055597305298,0,None,0,0,0,0,0,0,1
0,0,0,0,0,0,0,0,0,0,0,0,0,0,0,0,0,0,0,0,0,None,0.0,0.0,0.0,1,317,238,0.8877822160720825,0,None,0,0,0,0,0,0,1
0,0,0,0,0,0,0,0,0,0,0,0,0,0,0,0,0,0,0,0,0,None,0.0,0.0,0.0,1,317,238,0.9091731905937195,0,None,0,0,0,0,0,0,1
0,0,0,0,0,0,0,0,0,0,0,0,0,0,0,0,0,0,0,0,0,None,0.0,0.0,0.0,1,318,238,0.8896164298057556,0,None,0,0,0,0,0,0,1
0,0,0,0,0,0,0,0,0,0,0,0,0,0,0,0,0,0,0,0,0,None,0.0,0.0,0.0,1,307,239,0.8618987798690796,0,None,0,0,0,0,0,0,1
0,0,0,0,0,0,0,0,0,0,0,0,0,0,0,0,0,0,0,0,0,None,0.0,0.0,0.0,1,318,238,0.8885360956192017,0,None,0,0,0,0,0,0,1
0,0,0,0,0,0,0,0,0,0,0,0,0,0,0,0,0,0,0,0,0,None,0.0,0.0,0.0,1,317,238,0.8927528858184814,0,None,0,0,0,0,0,0,1
0,0,0,0,0,0,0,0,0,0,0,0,0,0,0,0,0,0,0,0,0,None,0.0,0.0,0.0,1,318,238,0.8804048299789429,0,None,0,0,0,0,0,0,1
0,0,0,0,0,0,0,0,0,0,0,0,0,0,0,0,0,0,0,0,0,None,0.0,0.0,0.0,1,318,238,0.8963112831115723,0,None,0,0,0,0,0,0,1
0,0,0,0,0,0,0,0,0,0,0,0,0,0,0,0,0,0,0,0,0,None,0.0,0.0,0.0,1,318,238,0.8984455466270447,0,None,0,0,0,0,0,0,1
0,0,0,0,0,0,0,0,0,0,0,0,0,0,0,0,0,0,0,0,0,None,0.0,0.0,0.0,1,306,239,0.8659825325012207,0,None,0,0,0,0,0,0,1
0,0,0,0,0,0,0,0,0,0,0,0,0,0,0,0,0,0,0,0,0,None,0.0,0.0,0.0,1,317,238,0.8996582627296448,0,None,0,0,0,0,0,0,1
0,0,0,0,0,0,0,0,0,0,0,0,0,0,0,0,0,0,0,0,0,None,0.0,0.0,0.0,1,317,239,0.8870709538459778,0,None,0,0,0,0,0,0,1
0,0,0,0,0,0,0,0,0,0,0,0,0,0,0,0,0,0,0,0,0,None,0.0,0.0,0.0,1,302,239,0.8722652196884155,0,None,0,0,0,0,0,0,1
0,0,0,0,0,0,0,0,0,0,0,0,0,0,0,0,0,0,0,0,0,None,0.0,0.0,0.0,1,319,239,0.9198192358016968,0,None,0,0,0,0,0,0,1
0,0,0,0,0,0,0,0,0,0,0,0,0,0,0,0,0,0,0,0,0,None,0.0,0.0,0.0,1,319,239,0.9328277111053467,0,None,0,0,0,0,0,0,1
0,0,0,0,0,0,0,0,0,0,0,0,0,0,0,0,0,0,0,0,0,None,0.0,0.0,0.0,1,319,239,0.9303694367408752,0,None,0,0,0,0,0,0,1
0,0,0,0,0,0,0,0,0,0,0,0,0,0,0,0,0,0,0,0,0,None,0.0,0.0,0.0,1,318,239,0.9287064671516418,0,None,0,0,0,0,0,0,1
0,0,0,0,0,0,0,0,0,0,0,0,0,0,0,0,0,0,0,0,0,None,0.0,0.0,0.0,1,318,239,0.9237605929374695,0,None,0,0,0,0,0,0,1
0,0,0,0,0,0,0,0,0,0,0,0,0,0,0,0,0,0,0,0,0,None,0.0,0.0,0.0,1,318,239,0.9274761080741882,0,None,0,0,0,0,0,0,1
0,0,0,0,0,0,0,0,0,0,0,0,0,0,0,0,0,0,0,0,0,None,0.0,0.0,0.0,1,318,239,0.9240661859512329,0,None,0,0,0,0,0,0,1
0,0,0,0,0,0,0,0,0,0,0,0,0,0,0,0,0,0,0,0,0,None,0.0,0.0,0.0,1,318,239,0.9171894192695618,0,None,0,0,0,0,0,0,1
0,0,0,0,0,0,0,0,0,0,0,0,0,0,0,0,0,0,0,0,0,None,0.0,0.0,0.0,1,318,239,0.9144096970558167,0,None,0,0,0,0,0,0,1
0,0,0,0,0,0,0,0,0,0,0,0,0,0,0,0,0,0,0,0,0,None,0.0,0.0,0.0,1,319,239,0.9014201760292053,0,None,0,0,0,0,0,0,1
0,0,0,0,0,0,0,0,0,0,0,0,0,0,0,0,0,0,0,0,0,None,0.0,0.0,0.0,1,319,239,0.9142208695411682,0,None,0,0,0,0,0,0,1
0,0,0,0,0,0,0,0,0,0,0,0,0,0,0,0,0,0,0,0,0,None,0.0,0.0,0.0,1,319,239,0.9178555011749268,0,None,0,0,0,0,0,0,1
0,0,0,0,0,0,0,0,0,0,0,0,0,0,0,0,0,0,0,0,0,None,0.0,0.0,0.0,1,319,239,0.9022382497787476,0,None,0,0,0,0,0,0,1
0,0,0,0,0,0,0,0,0,0,0,0,0,0,0,0,0,0,0,0,0,None,0.0,0.0,0.0,1,319,239,0.9207609295845032,0,None,0,0,0,0,0,0,1
0,0,0,0,0,0,0,0,0,0,0,0,0,0,0,0,0,0,0,0,0,None,0.0,0.0,0.0,1,319,239,0.9173637628555298,0,None,0,0,0,0,0,0,1
0,0,0,0,0,0,0,0,0,0,0,0,0,0,0,0,0,0,0,0,0,None,0.0,0.0,0.0,1,319,239,0.9073381423950195,0,None,0,0,0,0,0,0,1
0,0,0,0,0,0,0,0,0,0,0,0,0,0,0,0,0,0,0,0,0,None,0.0,0.0,0.0,1,319,239,0.9167195558547974,0,None,0,0,0,0,0,0,1
0,0,0,0,0,0,0,0,0,0,0,0,0,0,0,0,0,0,0,0,0,None,0.0,0.0,0.0,1,319,239,0.9202016592025757,0,None,0,0,0,0,0,0,1
0,0,0,0,0,0,0,0,0,0,0,0,0,0,0,0,0,0,0,0,0,None,0.0,0.0,0.0,1,319,239,0.9143456220626831,0,None,0,0,0,0,0,0,1
0,0,0,0,0,0,0,0,0,0,0,0,0,0,0,0,0,0,0,0,0,None,0.0,0.0,0.0,1,319,239,0.9158827066421509,0,None,0,0,0,0,0,0,1
0,0,0,0,0,0,0,0,0,0,0,0,0,0,0,0,0,0,0,0,0,None,0.0,0.0,0.0,1,319,239,0.9184926152229309,0,None,0,0,0,0,0,0,1
0,0,0,0,0,0,0,0,0,0,0,0,0,0,0,0,0,0,0,0,0,None,0.0,0.0,0.0,1,319,239,0.9152817726135254,0,None,0,0,0,0,0,0,1
0,0,0,0,0,0,0,0,0,0,0,0,0,0,0,0,0,0,0,0,0,None,0.0,0.0,0.0,1,319,239,0.9134486317634583,0,None,0,0,0,0,0,0,1
0,0,0,0,0,0,0,0,0,0,0,0,0,0,0,0,0,0,0,0,0,None,0.0,0.0,0.0,1,319,239,0.9204821586608887,0,None,0,0,0,0,0,0,1
0,0,0,0,0,0,0,0,0,0,0,0,0,0,0,0,0,0,0,0,0,None,0.0,0.0,0.0,1,319,239,0.9176016449928284,0,None,0,0,0,0,0,0,1
0,0,0,0,0,0,0,0,0,0,0,0,0,0,0,0,0,0,0,0,0,None,0.0,0.0,0.0,1,319,239,0.9213956594467163,0,None,0,0,0,0,0,0,1
0,0,0,0,0,0,0,0,0,0,0,0,0,0,0,0,0,0,0,0,0,None,0.0,0.0,0.0,1,319,239,0.9145771861076355,0,None,0,0,0,0,0,0,1
0,0,0,0,0,0,0,0,0,0,0,0,0,0,0,0,0,0,0,0,0,None,0.0,0.0,0.0,1,319,239,0.9146425127983093,0,None,0,0,0,0,0,0,1
0,0,0,0,0,0,0,0,0,0,0,0,0,0,0,0,0,0,0,0,0,None,0.0,0.0,0.0,1,319,239,0.9238234758377075,0,None,0,0,0,0,0,0,1
0,0,0,0,0,0,0,0,0,0,0,0,0,0,0,0,0,0,0,0,0,None,0.0,0.0,0.0,1,319,239,0.9235798716545105,0,None,0,0,0,0,0,0,1
0,0,0,0,0,0,0,0,0,0,0,0,0,0,0,0,0,0,0,0,0,None,0.0,0.0,0.0,1,319,239,0.9106236100196838,0,None,0,0,0,0,0,0,1
0,0,0,0,0,0,0,0,0,0,0,0,0,0,0,0,0,0,0,0,0,None,0.0,0.0,0.0,1,319,239,0.9186758995056152,0,None,0,0,0,0,0,0,1
0,0,0,0,0,0,0,0,0,0,0,0,0,0,0,0,0,0,0,0,0,None,0.0,0.0,0.0,1,319,239,0.9213060140609741,0,None,0,0,0,0,0,0,1
0,0,0,0,0,0,0,0,0,0,0,0,0,0,0,0,0,0,0,0,0,None,0.0,0.0,0.0,1,319,239,0.9149975776672363,0,None,0,0,0,0,0,0,1
0,0,0,0,0,0,0,0,0,0,0,0,0,0,0,0,0,0,0,0,0,None,0.0,0.0,0.0,1,319,239,0.9115408658981323,0,None,0,0,0,0,0,0,1
0,0,0,0,0,0,0,0,0,0,0,0,0,0,0,0,0,0,0,0,0,None,0.0,0.0,0.0,1,319,239,0.9241278767585754,0,None,0,0,0,0,0,0,1
0,0,0,0,0,0,0,0,0,0,0,0,0,0,0,0,0,0,0,0,0,None,0.0,0.0,0.0,1,319,239,0.9192554950714111,0,None,0,0,0,0,0,0,1
0,0,0,0,0,0,0,0,0,0,0,0,0,0,0,0,0,0,0,0,0,None,0.0,0.0,0.0,1,319,239,0.9081217050552368,0,None,0,0,0,0,0,0,1
0,0,0,0,0,0,0,0,0,0,0,0,0,0,0,0,0,0,0,0,0,None,0.0,0.0,0.0,1,319,239,0.9106087684631348,0,None,0,0,0,0,0,0,1
0,0,0,0,0,0,0,0,0,0,0,0,0,0,0,0,0,0,0,0,0,None,0.0,0.0,0.0,1,319,239,0.9207740426063538,0,None,0,0,0,0,0,0,1
0,0,0,0,0,0,0,0,0,0,0,0,0,0,0,0,0,0,0,0,0,None,0.0,0.0,0.0,1,319,239,0.9172260165214539,0,None,0,0,0,0,0,0,1
0,0,0,0,0,0,0,0,0,0,0,0,0,0,0,0,0,0,0,0,0,None,0.0,0.0,0.0,1,319,239,0.9222611784934998,0,None,0,0,0,0,0,0,1
0,0,0,0,0,0,0,0,0,0,0,0,0,0,0,0,0,0,0,0,0,None,0.0,0.0,0.0,1,319,239,0.9132074117660522,0,None,0,0,0,0,0,0,1
0,0,0,0,0,0,0,0,0,0,0,0,0,0,0,0,0,0,0,0,0,None,0.0,0.0,0.0,1,319,239,0.914472222328186,0,None,0,0,0,0,0,0,1
0,0,0,0,0,0,0,0,0,0,0,0,0,0,0,0,0,0,0,0,0,None,0.0,0.0,0.0,1,319,239,0.923276960849762,0,None,0,0,0,0,0,0,1
0,0,0,0,0,0,0,0,0,0,0,0,0,0,0,0,0,0,0,0,0,None,0.0,0.0,0.0,1,319,239,0.9150834083557129,0,None,0,0,0,0,0,0,1
0,0,0,0,0,0,0,0,0,0,0,0,0,0,0,0,0,0,0,0,0,None,0.0,0.0,0.0,1,319,239,0.9193483591079712,0,None,0,0,0,0,0,0,1
0,0,0,0,0,0,0,0,0,0,0,0,0,0,0,0,0,0,0,0,0,None,0.0,0.0,0.0,1,319,239,0.9165358543395996,0,None,0,0,0,0,0,0,1
0,0,0,0,0,0,0,0,0,0,0,0,0,0,0,0,0,0,0,0,0,None,0.0,0.0,0.0,1,319,239,0.9172579050064087,0,None,0,0,0,0,0,0,1
0,0,0,0,0,0,0,0,0,0,0,0,0,0,0,0,0,0,0,0,0,None,0.0,0.0,0.0,1,319,239,0.9179180264472961,0,None,0,0,0,0,0,0,1
0,0,0,0,0,0,0,0,0,0,0,0,0,0,0,0,0,0,0,0,0,None,0.0,0.0,0.0,1,319,239,0.9200655817985535,0,None,0,0,0,0,0,0,1
0,0,0,0,0,0,0,0,0,0,0,0,0,0,0,0,0,0,0,0,0,None,0.0,0.0,0.0,1,319,239,0.9118209481239319,0,None,0,0,0,0,0,0,1
0,0,0,0,0,0,0,0,0,0,0,0,0,0,0,0,0,0,0,0,0,None,0.0,0.0,0.0,1,319,239,0.9156166911125183,0,None,0,0,0,0,0,0,1
0,0,0,0,0,0,0,0,0,0,0,0,0,0,0,0,0,0,0,0,0,None,0.0,0.0,0.0,1,319,239,0.916815996170044,0,None,0,0,0,0,0,0,1
0,0,0,0,0,0,0,0,0,0,0,0,0,0,0,0,0,0,0,0,0,None,0.0,0.0,0.0,1,319,239,0.9255308508872986,0,None,0,0,0,0,0,0,1
0,0,0,0,0,0,0,0,0,0,0,0,0,0,0,0,0,0,0,0,0,None,0.0,0.0,0.0,1,319,239,0.9224170446395874,0,None,0,0,0,0,0,0,1
0,0,0,0,0,0,0,0,0,0,0,0,0,0,0,0,0,0,0,0,0,None,0.0,0.0,0.0,1,319,239,0.918916642665863,0,None,0,0,0,0,0,0,1
0,0,0,0,0,0,0,0,0,0,0,0,0,0,0,0,0,0,0,0,0,None,0.0,0.0,0.0,1,319,239,0.9184163212776184,0,None,0,0,0,0,0,0,1
0,0,0,0,0,0,0,0,0,0,0,0,0,0,0,0,0,0,0,0,0,None,0.0,0.0,0.0,1,319,239,0.9190503358840942,0,None,0,0,0,0,0,0,1
0,0,0,0,0,0,0,0,0,0,0,0,0,0,0,0,0,0,0,0,0,None,0.0,0.0,0.0,1,319,239,0.9177559614181519,0,None,0,0,0,0,0,0,1
0,0,0,0,0,0,0,0,0,0,0,0,0,0,0,0,0,0,0,0,0,None,0.0,0.0,0.0,1,319,239,0.9198248982429504,0,None,0,0,0,0,0,0,1
0,0,0,0,0,0,0,0,0,0,0,0,0,0,0,0,0,0,0,0,0,None,0.0,0.0,0.0,1,319,239,0.9187996983528137,0,None,0,0,0,0,0,0,1
0,0,0,0,0,0,0,0,0,0,0,0,0,0,0,0,0,0,0,0,0,None,0.0,0.0,0.0,1,319,239,0.9182782769203186,0,None,0,0,0,0,0,0,1
0,0,0,0,0,0,0,0,0,0,0,0,0,0,0,0,0,0,0,0,0,None,0.0,0.0,0.0,1,319,239,0.9272938370704651,0,None,0,0,0,0,0,0,1
0,0,0,0,0,0,0,0,0,0,0,0,0,0,0,0,0,0,0,0,0,None,0.0,0.0,0.0,1,319,239,0.9121122360229492,0,None,0,0,0,0,0,0,1
0,0,0,0,0,0,0,0,0,0,0,0,0,0,0,0,0,0,0,0,0,None,0.0,0.0,0.0,1,319,239,0.9145287275314331,0,None,0,0,0,0,0,0,1
0,0,0,0,0,0,0,0,0,0,0,0,0,0,0,0,0,0,0,0,0,None,0.0,0.0,0.0,1,319,239,0.9212725758552551,0,None,0,0,0,0,0,0,1
0,0,0,0,0,0,0,0,0,0,0,0,0,0,0,0,0,0,0,0,0,None,0.0,0.0,0.0,1,319,239,0.9102476239204407,0,None,0,0,0,0,0,0,1
0,0,0,0,0,0,0,0,0,0,0,0,0,0,0,0,0,0,0,0,0,None,0.0,0.0,0.0,1,319,239,0.9187514781951904,0,None,0,0,0,0,0,0,1
0,0,0,0,0,0,0,0,0,0,0,0,0,0,0,0,0,0,0,0,0,None,0.0,0.0,0.0,1,319,239,0.9152891635894775,0,None,0,0,0,0,0,0,1
