video_id,window_start_sec,window_end_sec,phone_present_ratio,max_phone_conf,avg_num_faces,multiple_faces_ratio,gaze_away_ratio,head_pose_away_ratio,avg_head_pitch,avg_head_yaw,avg_head_roll,label,source_folder
gaze_away_1777883208,0,1,0.0,0.0,1.0,0.0,1.0,0.0,-0.011000271679652718,0.03862397293841666,-0.01948668554750386,1,gaze_away
gaze_away_1777883208,1,2,0.0,0.0,1.0,0.0,1.0,0.0,0.0036539069655322025,0.035520291058629874,-0.032362742865778074,1,gaze_away
gaze_away_1777883208,2,3,0.0,0.0,1.0,0.0,1.0,0.0,0.012357211936785491,0.03510458754356444,-0.03399115447477557,1,gaze_away
gaze_away_1777883208,3,4,0.0,0.0,1.0,0.0,1.0,0.0,0.003732170880522607,0.03593213168406695,-0.03376423548334486,1,gaze_away
gaze_away_1777883208,4,5,0.0,0.0,1.0,0.0,1.0,0.0,0.009806333573554815,0.043950012803582544,-0.035835846330071745,1,gaze_away
gaze_away_1777883208,5,6,0.0,0.0,1.0,0.0,1.0,0.0,-0.0011120180282780047,0.10829529197537331,-0.04577188371992116,1,gaze_away
gaze_away_1777883208,6,7,0.0,0.0,1.0,0.0,1.0,0.0,-0.011214270396875428,0.09822636994472106,-0.046276601716113606,1,gaze_away
gaze_away_1777883208,7,8,0.0,0.0,1.0,0.0,1.0,0.0,-0.0010565625949862179,0.09200085282976983,-0.049877342765021704,1,gaze_away
gaze_away_1777883208,8,9,0.0,0.0,1.0,0.0,1.0,0.0,-0.04108950564997643,0.09903533945214368,-0.04339365807159473,1,gaze_away
gaze_away_1777883208,9,10,0.0,0.0,1.0,0.0,1.0,0.0,-0.06346251209172231,0.11163030207230451,-0.04541490031226317,1,gaze_away
gaze_away_1777883208,10,11,0.0,0.0,1.0,0.0,1.0,0.0,-0.051351411615316034,0.09713200915544666,-0.048571923280416034,1,gaze_away
gaze_away_1777883208,11,12,0.0,0.0,1.0,0.0,1.0,0.0,-0.0009218806811979524,0.058930020992747786,-0.05227825997512,1,gaze_away
gaze_away_1777883208,12,13,0.0,0.0,1.0,0.0,1.0,0.0,0.006652854008692091,0.038903766639248924,-0.05988697394643864,1,gaze_away
gaze_away_1777883208,13,14,0.0,0.0,1.0,0.0,1.0,0.0,0.0001765225342622259,0.034621784821606924,-0.06022544005165591,1,gaze_away
gaze_away_1777883208,14,15,0.0,0.0,1.0,0.0,1.0,0.0,0.027246452103435105,0.003989349177595031,-0.059386940265449564,1,gaze_away
gaze_away_1777883208,15,16,0.0,0.0,1.0,0.0,1.0,0.0,0.034999485716301106,0.004565230370896517,-0.06387483591251683,1,gaze_away
gaze_away_1777883208,16,17,0.0,0.0,1.0,0.0,1.0,0.0,0.045751836991839594,-0.004027267131491905,-0.06292469883287172,1,gaze_away
gaze_away_1777883208,17,18,0.0,0.0,1.0,0.0,1.0,0.0,0.053482950778538416,-0.007948094027472406,-0.06291560139538165,1,gaze_away
gaze_away_1777883208,18,19,0.0,0.0,1.0,0.0,1.0,0.0,0.05625950749405543,-0.012737206160896066,-0.06665174219591445,1,gaze_away
gaze_away_1777883208,19,20,0.0,0.0,1.0,0.0,1.0,0.0,0.05716526343770589,0.00042829407230092096,-0.06866551410549528,1,gaze_away
gaze_away_1777883208,20,21,0.0,0.0,1.0,0.0,1.0,0.0,0.06166239409468577,-0.012329559325026229,-0.07007951703540483,1,gaze_away
gaze_away_1777883208,21,22,0.0,0.0,1.0,0.0,1.0,0.0,0.04898564992936279,0.005956734426507284,-0.07194035410608735,1,gaze_away
gaze_away_1777883478,0,1,0.0,0.0,1.0,0.0,1.0,0.65,0.34352200104483777,-0.10059288969488009,0.050138713680822455,1,gaze_away
gaze_away_1777883478,1,2,0.0,0.0,1.0,0.0,1.0,0.4,0.3106957514746343,-0.07322255713065287,0.041861805428752646,1,gaze_away
gaze_away_1777883478,2,3,0.0,0.0,1.0,0.0,1.0,0.0,0.10197072829818814,-0.1296293605123578,-0.060545232653845774,1,gaze_away
gaze_away_1777883478,3,4,0.0,0.0,1.0,0.0,1.0,0.0,0.03441490893695952,-0.1596595555934929,-0.07642160999436619,1,gaze_away
gaze_away_1777883478,4,5,0.0,0.0,1.0,0.0,1.0,0.0,0.05976163110675814,-0.1769123584661217,-0.08879351601957333,1,gaze_away
gaze_away_1777883478,5,6,0.0,0.0,1.0,0.0,1.0,0.0,0.06060605292521361,-0.1781472405232898,-0.10624180502674589,1,gaze_away
gaze_away_1777883478,6,7,0.0,0.0,1.0,0.0,1.0,0.0,0.06648343556506017,-0.18038048960644248,-0.1060145130971472,1,gaze_away
gaze_away_1777883478,7,8,0.0,0.0,1.0,0.0,1.0,0.0,0.06165236523873492,-0.17916377777750042,-0.08568318181475362,1,gaze_away
gaze_away_1777883478,8,9,0.0,0.0,1.0,0.0,1.0,0.0,0.06085467432374285,-0.1873767130871369,-0.0809229209533868,1,gaze_away
gaze_away_1777883478,9,10,0.0,0.0,1.0,0.0,1.0,0.0,0.07207755451219172,-0.17724119536445532,-0.08155558074687666,1,gaze_away
gaze_away_1777883478,10,11,0.0,0.0,1.0,0.0,1.0,0.0,0.08947859467835369,-0.13821179071536793,-0.04714821778468396,1,gaze_away
gaze_away_1777883478,11,12,0.0,0.0,1.0,0.0,1.0,0.0,0.0643863219274392,-0.14085990336190882,-0.03681776906605444,1,gaze_away
gaze_away_1777883478,12,13,0.0,0.0,1.0,0.0,1.0,0.0,0.06835789492138566,-0.1397276908845395,-0.042414329940263444,1,gaze_away
gaze_away_1777883478,13,14,0.0,0.0,1.0,0.0,1.0,0.0,0.08559847827838075,-0.12594436313285878,-0.04792170096409144,1,gaze_away
gaze_away_1777883478,14,15,0.0,0.0,1.0,0.0,1.0,0.0,0.09256766628867551,-0.10562431070005134,-0.04621344160715425,1,gaze_away
gaze_away_1777883478,15,16,0.0,0.0,1.0,0.0,1.0,0.0,0.11949053852814392,-0.10535718281813408,-0.04839823319944274,1,gaze_away
gaze_away_1777883478,16,17,0.0,0.0,1.0,0.0,1.0,0.0,0.1309881925716116,-0.0735873517958832,-0.054830960255095054,1,gaze_away
gaze_away_1777883478,17,18,0.0,0.0,1.0,0.0,1.0,0.0,0.13064490313513782,-0.09570878277755827,-0.04557678704380117,1,gaze_away
gaze_away_1777883478,18,19,0.0,0.0,1.0,0.0,1.0,0.0,0.12153179030266001,-0.08507082181377813,-0.03675347203217595,1,gaze_away
gaze_away_1777883478,19,20,0.0,0.0,1.0,0.0,1.0,0.0,0.12009825484835299,-0.12404049653431985,-0.022194198130591786,1,gaze_away
gaze_away_1777883478,20,21,0.0,0.0,1.0,0.0,1.0,0.0,0.11503551935403752,-0.13692829485730537,-0.01639573299973779,1,gaze_away
gaze_away_1777883478,21,22,0.0,0.0,1.0,0.0,1.0,0.0,0.11047503094677891,-0.1255370103147923,-0.019929190739147385,1,gaze_away
gaze_away_1777883478,22,23,0.0,0.0,1.0,0.0,1.0,0.0,0.11328836369441238,-0.12301730863187019,-0.02566838780942367,1,gaze_away
gaze_away_1777883478,23,24,0.0,0.0,1.0,0.0,1.0,0.0,0.10317666951984847,-0.12241467053874497,-0.030855087353487763,1,gaze_away
gaze_away_1777883478,24,25,0.0,0.0,1.0,0.0,1.0,0.0,0.12181628228836719,-0.108304004502259,-0.03154953563465102,1,gaze_away
gaze_away_1777883478,25,26,0.0,0.0,1.0,0.0,1.0,0.0,0.11161962433471104,-0.11324402876314232,-0.02636820192427537,1,gaze_away
gaze_away_1777883478,26,27,0.0,0.0,1.0,0.0,1.0,0.0,0.12281658865692742,-0.11253560315930382,-0.03267140273301395,1,gaze_away
gaze_away_1777883478,27,28,0.0,0.0,1.0,0.0,1.0,0.0,0.1379597580132792,-0.110493359417795,-0.034767207989765715,1,gaze_away
gaze_away_1777883478,28,29,0.0,0.0,1.0,0.0,1.0,0.0,0.18668866304811832,0.1188795733801763,-0.07060788034448032,1,gaze_away
gaze_away_1777883478,29,30,0.0,0.0,1.0,0.0,1.0,0.15,0.19492145210421813,0.22743419234582385,-0.07652754784466309,1,gaze_away
gaze_away_1777883478,30,31,0.0,0.0,1.0,0.0,1.0,0.8,0.21091398027526673,0.3601806129439937,-0.06687124988746315,1,gaze_away
gaze_away_1777883478,31,32,0.0,0.0,1.0,0.0,1.0,0.0,0.17551471884687891,0.2821697077218507,-0.05729187949514184,1,gaze_away
gaze_away_1777883478,32,33,0.0,0.0,1.0,0.0,1.0,0.0,0.17901069472919287,0.23856305564613334,-0.0556471688546271,1,gaze_away
gaze_away_1777883478,33,34,0.0,0.0,1.0,0.0,1.0,0.0,0.16714375272920273,0.20709149422426135,-0.05199165738876389,1,gaze_away
gaze_away_1777883478,34,35,0.0,0.0,1.0,0.0,1.0,0.0,0.1747809997883752,0.18825865741788017,-0.04771313065932875,1,gaze_away
gaze_away_1777883478,35,36,0.0,0.0,1.0,0.0,1.0,0.0,0.15767425665244378,0.2330967491775585,-0.04984700280493244,1,gaze_away
gaze_away_1777883478,36,37,0.0,0.0,1.0,0.0,1.0,0.0,0.17669197542124612,0.11406673399495337,-0.04392599870585866,1,gaze_away
gaze_away_1777883478,37,38,0.0,0.0,1.0,0.0,1.0,0.0,0.1561519746619947,0.04219001358431401,-0.053694287830355104,1,gaze_away
gaze_away_1777883506,0,1,0.0,0.0,1.0,0.0,1.0,0.0,0.12258715072262612,-0.14195192159644834,-0.046027050253312815,1,gaze_away
gaze_away_1777883506,1,2,0.0,0.0,1.0,0.0,1.0,0.0,0.10333249062478995,-0.10587496274391581,-0.024855006163075847,1,gaze_away
gaze_away_1777883506,2,3,0.0,0.0,1.0,0.0,1.0,0.0,0.03385316431136661,-0.12422850148640643,-0.009188146651438227,1,gaze_away
gaze_away_1777883506,3,4,0.0,0.0,1.0,0.0,1.0,0.0,0.04697599409764337,-0.13629787121005496,-0.015004910732567595,1,gaze_away
gaze_away_1777883506,4,5,0.0,0.0,1.0,0.0,1.0,0.0,0.041569860858796846,-0.15495937662216225,-0.027721345543723075,1,gaze_away
gaze_away_1777883506,5,6,0.0,0.0,1.0,0.0,1.0,0.0,0.031109687550152688,-0.1772163274732484,-0.030270669232465623,1,gaze_away
gaze_away_1777883506,6,7,0.0,0.0,1.0,0.0,1.0,0.0,0.0354811384841177,-0.15166102027289338,-0.041801954886099904,1,gaze_away
gaze_away_1777883506,7,8,0.0,0.0,1.0,0.0,1.0,0.0,0.031134904194811453,-0.1523512003998385,-0.04056272374219111,1,gaze_away
gaze_away_1777883506,8,9,0.0,0.0,1.0,0.0,1.0,0.0,0.04505503400803167,-0.19617953955114842,-0.04743549502463409,1,gaze_away
gaze_away_1777883506,9,10,0.0,0.0,1.0,0.0,1.0,0.0,0.02577683225267518,-0.18962451736934988,-0.06285261431649355,1,gaze_away
gaze_away_1777883506,10,11,0.0,0.0,1.0,0.0,1.0,0.0,0.02632386975870963,-0.1927746419391063,-0.0614652820791924,1,gaze_away
gaze_away_1777883506,11,12,0.0,0.0,1.0,0.0,1.0,0.0,0.04386631700602569,-0.18705768423118663,-0.06258817327859534,1,gaze_away
gaze_away_1777883506,12,13,0.0,0.0,1.0,0.0,1.0,0.0,0.04636687389962717,-0.20366436604156396,-0.06245056631134875,1,gaze_away
gaze_away_1777883506,13,14,0.0,0.0,1.0,0.0,1.0,0.0,0.06281926267917459,-0.19239666973735822,-0.06426670957940345,1,gaze_away
gaze_away_1777883506,14,15,0.0,0.0,1.0,0.0,1.0,0.0,0.033448361885870234,-0.19534411432773413,-0.06868639949143508,1,gaze_away
gaze_away_1777883506,15,16,0.0,0.0,1.0,0.0,1.0,0.0,-0.021028161012467055,-0.22903810697117347,-0.07731709563113125,1,gaze_away
gaze_away_1777883506,16,17,0.0,0.0,1.0,0.0,1.0,0.0,-0.04334268428700262,-0.21688628684565367,-0.08691054095035038,1,gaze_away
gaze_away_1777883506,17,18,0.0,0.0,1.0,0.0,1.0,0.0,-0.031115100455291755,-0.21923128786589915,-0.09336234981082688,1,gaze_away
gaze_away_1777883506,18,19,0.0,0.0,1.0,0.0,1.0,0.0,-0.04668646366360822,-0.22100006518554266,-0.09179299707490479,1,gaze_away
gaze_away_1777883506,19,20,0.0,0.0,1.0,0.0,1.0,0.0,-0.041625118130366,-0.2118662146917921,-0.08502069631467042,1,gaze_away
gaze_away_1777883506,20,21,0.0,0.0,1.0,0.0,1.0,0.0,-0.06401367302139993,-0.22570763214018802,-0.09075745701002483,1,gaze_away
gaze_away_1777883506,21,22,0.0,0.0,1.0,0.0,1.0,0.0,-0.05739533375773587,-0.22429717507731559,-0.09207010549381467,1,gaze_away
gaze_away_1777883506,22,23,0.0,0.0,1.0,0.0,1.0,0.0,-0.07458044930549904,-0.2066642712967437,-0.09424411222479011,1,gaze_away
gaze_away_1777883506,23,24,0.0,0.0,1.0,0.0,1.0,0.0,-0.0738541149775571,-0.2095675385379881,-0.09566226122245172,1,gaze_away
gaze_away_1777883506,24,25,0.0,0.0,1.0,0.0,1.0,0.0,-0.06936807314217365,-0.22634413511759294,-0.09910306898954548,1,gaze_away
gaze_away_1777883506,25,26,0.0,0.0,1.0,0.0,1.0,0.0,-0.07288008441897006,-0.21726168264362844,-0.09414029574714732,1,gaze_away
gaze_away_1777883506,26,27,0.0,0.0,1.0,0.0,1.0,0.0,-0.06603480688201277,-0.2149577394209043,-0.09640755396776905,1,gaze_away
gaze_away_1777883506,27,28,0.0,0.0,1.0,0.0,1.0,0.0,-0.07796581042378774,-0.2344716604568105,-0.09928294263752356,1,gaze_away
gaze_away_1777883506,28,29,0.0,0.0,1.0,0.0,1.0,0.0,-0.07314136643040457,-0.23094699748054626,-0.09153792288294231,1,gaze_away
gaze_away_1777883506,29,30,0.0,0.0,1.0,0.0,1.0,0.0,-0.06795183359179864,-0.23101298341218093,-0.09149739561221844,1,gaze_away
gaze_away_1777883506,30,31,0.0,0.0,1.0,0.0,1.0,0.0,-0.07344028754522182,-0.24162730803713753,-0.08717634183793546,1,gaze_away
gaze_away_1777883506,31,32,0.0,0.0,1.0,0.0,1.0,0.0,-0.07008955189717384,-0.24208203418526816,-0.08699131913503812,1,gaze_away
gaze_away_1777883506,32,33,0.0,0.0,1.0,0.0,1.0,0.0,-0.06950895179385219,-0.24781701685273436,-0.08300082594110629,1,gaze_away
gaze_away_1777883506,33,34,0.0,0.0,1.0,0.0,1.0,0.0,-0.06522728947202544,-0.24628775787358662,-0.08063297627285734,1,gaze_away
gaze_away_1777883506,34,35,0.0,0.0,1.0,0.0,1.0,0.0,-0.06287710242004325,-0.2309431052591356,-0.07116201190719022,1,gaze_away
gaze_away_1777883506,35,36,0.0,0.0,1.0,0.0,1.0,0.0,-0.07042340205682449,-0.22021323429597692,-0.07444617990717722,1,gaze_away
gaze_away_1777883506,36,37,0.0,0.0,1.0,0.0,1.0,0.0,-0.055138666507843645,-0.21087447028638281,-0.07439348514176365,1,gaze_away
gaze_away_1777883506,37,38,0.0,0.0,1.0,0.0,1.0,0.0,-0.05575713747912621,-0.20969606614393532,-0.07083547698927857,1,gaze_away
gaze_away_1777883506,38,39,0.0,0.0,1.0,0.0,1.0,0.0,-0.05292249167763163,-0.20845116031147143,-0.07185508823326063,1,gaze_away
gaze_away_1777883506,39,40,0.0,0.0,1.0,0.0,1.0,0.0,-0.04085526723021675,-0.20877931621028045,-0.06542751772156297,1,gaze_away
gaze_away_1777883506,40,41,0.0,0.0,1.0,0.0,1.0,0.0,-0.03849006072091081,-0.20990703248327658,-0.072654063135598,1,gaze_away
gaze_away_1777883506,41,42,0.0,0.0,1.0,0.0,1.0,0.0,-0.03515762472079882,-0.21595999837477559,-0.07209675816144914,1,gaze_away
gaze_away_1777883538,0,1,0.0,0.0,1.0,0.0,1.0,0.0,-0.10528761801091124,-0.15657811981700895,-0.005523172531685606,1,gaze_away
gaze_away_1777883538,1,2,0.0,0.0,1.0,0.0,1.0,0.0,-0.047190383884150706,0.16283246322780193,0.0330587127357892,1,gaze_away
gaze_away_1777883538,2,3,0.0,0.0,1.0,0.0,1.0,0.0,-0.10075087789817397,-0.05965214884644977,0.0014615892812492959,1,gaze_away
gaze_away_1777883538,3,4,0.0,0.0,1.0,0.0,1.0,0.0,-0.09292695088625906,-0.08491944113476414,-0.008401054044108834,1,gaze_away
gaze_away_1777883538,4,5,0.0,0.0,1.0,0.0,1.0,0.0,-0.09329619221252235,-0.14905302160689732,-0.01587572262823525,1,gaze_away
gaze_away_1777883538,5,6,0.0,0.0,1.0,0.0,1.0,0.0,-0.08208465636492018,-0.15989730822612205,-0.016593269930772214,1,gaze_away
gaze_away_1777883538,6,7,0.0,0.0,1.0,0.0,1.0,0.0,-0.07751305495816994,-0.15070022528580626,-0.016380626648020105,1,gaze_away
gaze_away_1777883538,7,8,0.0,0.0,1.0,0.0,1.0,0.0,-0.0919169556560515,-0.16258919442735603,-0.02865303057084583,1,gaze_away
gaze_away_1777883538,8,9,0.0,0.0,1.0,0.0,1.0,0.0,-0.08831897863413707,-0.15669206040869965,-0.025766852209629564,1,gaze_away
gaze_away_1777883538,9,10,0.0,0.0,1.0,0.0,1.0,0.0,-0.10371519774861096,-0.18602583781741713,-0.04667786612288772,1,gaze_away
gaze_away_1777883538,10,11,0.0,0.0,1.0,0.0,1.0,0.0,-0.08605648096803425,-0.16464585352281008,-0.05365299966088498,1,gaze_away
gaze_away_1777883538,11,12,0.0,0.0,1.0,0.0,1.0,0.0,-0.06759780912442279,-0.15569454355561743,-0.04604148475175537,1,gaze_away
gaze_away_1777883538,12,13,0.0,0.0,1.0,0.0,1.0,0.0,-0.0866903587253206,-0.17819210997014073,-0.04699199466375898,1,gaze_away
gaze_away_1777883538,13,14,0.0,0.0,1.0,0.0,1.0,0.0,-0.08440781528968025,-0.15892742709521246,-0.05175242354834129,1,gaze_away
gaze_away_1777883538,14,15,0.0,0.0,1.0,0.0,1.0,0.0,-0.09034806575351459,-0.163981100825161,-0.04889816332590436,1,gaze_away
gaze_away_1777883538,15,16,0.0,0.0,1.0,0.0,1.0,0.0,-0.08826037594447841,-0.1660472300952219,-0.04697254625923007,1,gaze_away
gaze_away_1777883538,16,17,0.0,0.0,1.0,0.0,1.0,0.0,-0.05474370139380308,-0.07708316303679597,-0.03589858992435997,1,gaze_away
gaze_away_1777883783,0,1,0.0,0.0,1.0,0.0,1.0,1.0,-0.10234091039646567,-0.5567739828905401,-0.05993012596774605,1,gaze_away
gaze_away_1777883783,1,2,0.0,0.0,1.0,0.0,1.0,1.0,-0.09678092425802642,-0.5544146067850051,-0.05764808224790994,1,gaze_away
gaze_away_1777883783,2,3,0.0,0.0,1.0,0.0,1.0,1.0,-0.10277679221271678,-0.5363025162702338,-0.05640407008905646,1,gaze_away
gaze_away_1777883783,3,4,0.0,0.0,1.0,0.0,1.0,1.0,-0.0965548659096596,-0.5449409261977574,-0.05901404518709515,1,gaze_away
gaze_away_1777883783,4,5,0.0,0.0,1.0,0.0,1.0,1.0,-0.09065170981369389,-0.545253667783712,-0.0629705281796841,1,gaze_away
gaze_away_1777883783,5,6,0.0,0.0,1.0,0.0,1.0,1.0,-0.10367535153361232,-0.5841857797071558,-0.06180709798632591,1,gaze_away
gaze_away_1777883783,6,7,0.0,0.0,1.0,0.0,1.0,1.0,-0.10342528484885485,-0.5755560904908859,-0.05528889347330127,1,gaze_away
gaze_away_1777883783,7,8,0.0,0.0,1.0,0.0,1.0,1.0,-0.10689438493645198,-0.5566542549323599,-0.056073842577514875,1,gaze_away
gaze_away_1777883783,8,9,0.0,0.0,1.0,0.0,1.0,1.0,-0.10464286785524776,-0.5529798933115948,-0.05603722425066347,1,gaze_away
gaze_away_1777883783,9,10,0.0,0.0,1.0,0.0,1.0,1.0,-0.09720410380638964,-0.5552706127380307,-0.05682632147683873,1,gaze_away
gaze_away_1777883814,0,1,0.0,0.0,1.0,0.0,0.5,0.35,-0.24727387172181867,0.30235563331820436,0.12118442640080263,0,gaze_away
gaze_away_1777883814,1,2,0.0,0.0,1.0,0.0,0.55,1.0,-0.271366041696598,0.42070240418971744,0.18453238941761846,1,gaze_away
gaze_away_1777883814,2,3,0.0,0.0,1.0,0.0,1.0,1.0,-0.23000253565146894,0.4209819627958459,0.22787263539238484,1,gaze_away
gaze_away_1777883814,3,4,0.0,0.0,1.0,0.0,1.0,1.0,-0.17463451293256244,0.43712360719031584,0.24479023521750629,1,gaze_away
gaze_away_1777883814,4,5,0.0,0.0,1.0,0.0,1.0,1.0,-0.1405515481528257,0.448958135278814,0.2412040418021661,1,gaze_away
gaze_away_1777883814,5,6,0.0,0.0,1.0,0.0,1.0,1.0,-0.15763545834720336,0.4522941892212867,0.2389089818741444,1,gaze_away
gaze_away_1777883814,6,7,0.0,0.0,1.0,0.0,1.0,1.0,-0.1503656628675987,0.4635513434377918,0.24137964096601988,1,gaze_away
gaze_away_1777883814,7,8,0.0,0.0,1.0,0.0,1.0,1.0,-0.1624754382092741,0.46214534402212226,0.24930494480924761,1,gaze_away
gaze_away_1777883814,8,9,0.0,0.0,1.0,0.0,1.0,1.0,-0.17068366335492247,0.45253477938069187,0.2509323530183508,1,gaze_away
gaze_away_1777883814,9,10,0.0,0.0,1.0,0.0,1.0,1.0,-0.1603006561741947,0.4404565691755251,0.26123709020864927,1,gaze_away
gaze_away_1777883814,10,11,0.0,0.0,1.0,0.0,1.0,1.0,-0.1454654063206958,0.4563115421836293,0.25470341598385576,1,gaze_away
gaze_away_1777883814,11,12,0.0,0.0,1.0,0.0,1.0,1.0,-0.09418974526360004,0.46072499730645344,0.26255723386784274,1,gaze_away
gaze_away_1777883814,12,13,0.0,0.0,1.0,0.0,1.0,1.0,-0.0895617226552795,0.47762545586314503,0.27756613917239037,1,gaze_away
gaze_away_1777883814,13,14,0.0,0.0,1.0,0.0,1.0,0.95,-0.11903072116343136,0.4386826826840807,0.2967275655152385,1,gaze_away
gaze_away_1777883814,14,15,0.0,0.0,1.0,0.0,1.0,0.95,-0.08925530390335326,0.3918247025829891,0.311079539406235,1,gaze_away
gaze_away_1777883814,15,16,0.0,0.0,1.0,0.0,1.0,0.95,-0.07181004492253096,0.414867827528629,0.2959136575964268,1,gaze_away
gaze_away_1777883814,16,17,0.0,0.0,1.0,0.0,1.0,1.0,-0.08864691561104222,0.43529877635284075,0.30448450747642447,1,gaze_away
gaze_away_1777883814,17,18,0.0,0.0,1.0,0.0,1.0,1.0,-0.08264315041869875,0.4565125706250802,0.29731579186756146,1,gaze_away
gaze_away_1777883814,18,19,0.0,0.0,1.0,0.0,1.0,1.0,-0.08034793542088717,0.4864562206873201,0.2844562533758733,1,gaze_away
gaze_away_1777883814,19,20,0.0,0.0,1.0,0.0,1.0,1.0,-0.09157596922638103,0.514475639238655,0.283209656234927,1,gaze_away
gaze_away_1777883814,20,21,0.0,0.0,1.0,0.0,1.0,1.0,-0.08050805390116456,0.4851747544567136,0.2931411288764154,1,gaze_away
gaze_away_1777883814,21,22,0.0,0.0,1.0,0.0,1.0,1.0,-0.10678891476933186,0.462008594034437,0.2961334769193562,1,gaze_away
gaze_away_1777883814,22,23,0.0,0.0,1.0,0.0,1.0,1.0,-0.10177632721831373,0.49742272538795984,0.31323036545970007,1,gaze_away
gaze_away_1777883814,23,24,0.0,0.0,1.0,0.0,1.0,1.0,-0.08569608216574678,0.4818118135852959,0.3117913157703998,1,gaze_away
gaze_away_1777883814,24,25,0.0,0.0,1.0,0.0,1.0,1.0,-0.12110090135970086,0.48128905995577087,0.29717358771810964,1,gaze_away
gaze_away_1777883814,25,26,0.0,0.0,1.0,0.0,1.0,1.0,-0.10932402663625584,0.48697170221997055,0.2892077528264561,1,gaze_away
gaze_away_1777883814,26,27,0.0,0.0,1.0,0.0,1.0,1.0,-0.09674094948552071,0.4505187523990396,0.2848658378150445,1,gaze_away
gaze_away_1777883814,27,28,0.0,0.0,1.0,0.0,1.0,0.95,-0.03458138308895505,0.3986096916093283,0.29770672292156675,1,gaze_away
gaze_away_1777883814,28,29,0.0,0.0,1.0,0.0,1.0,0.9285714285714286,0.056911322007732704,0.39973207130414895,0.3639096192943089,1,gaze_away
gaze_away_1777883890,0,1,0.0,0.0,1.0,0.0,1.0,1.0,-0.0371589736455831,0.5247112931661291,-0.0952501591599745,1,gaze_away
gaze_away_1777883890,1,2,0.0,0.0,1.0,0.0,1.0,1.0,-0.0335573571967183,0.5250325474770038,-0.09715432011649613,1,gaze_away
gaze_away_1777883890,2,3,0.0,0.0,1.0,0.0,1.0,1.0,-0.0338925496187487,0.5303699928207017,-0.0976739087363035,1,gaze_away
gaze_away_1777883890,3,4,0.0,0.0,1.0,0.0,1.0,1.0,-0.027402516025280522,0.5222963043713041,-0.09581928796665282,1,gaze_away
gaze_away_1777883890,4,5,0.0,0.0,1.0,0.0,1.0,1.0,-0.027296859928119466,0.516570246039893,-0.09568285748526138,1,gaze_away
gaze_away_1777883890,5,6,0.0,0.0,1.0,0.0,1.0,1.0,-0.034569065076216474,0.522221563230037,-0.09379420361364035,1,gaze_away
gaze_away_1777883890,6,7,0.0,0.0,1.0,0.0,1.0,1.0,-0.03895962921234466,0.5286866396882638,-0.0920076123491608,1,gaze_away
gaze_away_1777883890,7,8,0.0,0.0,1.0,0.0,1.0,1.0,-0.0360457057900824,0.529695579311814,-0.09660245308804324,1,gaze_away
gaze_away_1777883890,8,9,0.0,0.0,1.0,0.0,1.0,1.0,-0.040730572290871146,0.5311568058147048,-0.09453201641750589,1,gaze_away
gaze_away_1777883890,9,10,0.0,0.0,1.0,0.0,1.0,1.0,-0.0388359392913923,0.5242026249615087,-0.09170685615704952,1,gaze_away
gaze_away_1777883890,10,11,0.0,0.0,1.0,0.0,1.0,1.0,-0.037124428139043174,0.5192558335475554,-0.09233157230433309,1,gaze_away
gaze_away_1777883890,11,12,0.0,0.0,1.0,0.0,1.0,1.0,-0.036998361179646895,0.520882880241093,-0.0850835461410533,1,gaze_away
gaze_away_1777883890,12,13,0.0,0.0,1.0,0.0,1.0,1.0,-0.025296660980377673,0.5144912796084821,-0.08048955377668827,1,gaze_away
gaze_away_1777883890,13,14,0.0,0.0,1.0,0.0,1.0,1.0,0.01958175850665555,0.5184690151676417,-0.08558642926123883,1,gaze_away
gaze_away_1777883890,14,15,0.0,0.0,1.0,0.0,1.0,1.0,0.020892269000180076,0.5059586188703855,-0.08512173453011215,1,gaze_away
gaze_away_1777883890,15,16,0.0,0.0,1.0,0.0,1.0,1.0,0.01956546345734764,0.4930278191859269,-0.08296179779223031,1,gaze_away
gaze_away_1777883890,16,17,0.0,0.0,1.0,0.0,1.0,1.0,0.022223449167695856,0.4908770478301589,-0.07987008844460647,1,gaze_away
gaze_away_1777883890,17,18,0.0,0.0,1.0,0.0,1.0,1.0,0.009581760766870505,0.4882926271182521,-0.07358840815068429,1,gaze_away
gaze_away_1777883890,18,19,0.0,0.0,1.0,0.0,1.0,1.0,-0.007508228143459783,0.49770696461736375,-0.06979592591410491,1,gaze_away
gaze_away_1777883890,19,20,0.0,0.0,1.0,0.0,1.0,1.0,-0.022392467367480642,0.5229594163158315,-0.07501946310765724,1,gaze_away
gaze_away_1777883890,20,21,0.0,0.0,1.0,0.0,1.0,1.0,-0.04686750227747101,0.5398765541952046,-0.07464061515160658,1,gaze_away
gaze_away_1777883890,21,22,0.0,0.0,1.0,0.0,1.0,1.0,-0.06073407810525964,0.546187981158811,-0.07464256310270942,1,gaze_away
gaze_away_1777883890,22,23,0.0,0.0,1.0,0.0,1.0,1.0,-0.05328079472404155,0.5458763174461967,-0.08038682931502825,1,gaze_away
gaze_away_1777883890,23,24,0.0,0.0,1.0,0.0,1.0,1.0,-0.05745581199567541,0.5285206387037087,-0.07876346784984901,1,gaze_away
gaze_away_1777883890,24,25,0.0,0.0,1.0,0.0,1.0,1.0,-0.06015333342348283,0.5476306359421701,-0.08325949143118504,1,gaze_away
gaze_away_1777893223,0,1,0.0,0.0,1.0,0.0,1.0,0.0,-0.0589613762889795,-0.26574515142560245,0.13480194356903757,1,gaze_away
gaze_away_1777893223,1,2,0.0,0.0,1.0,0.0,1.0,0.0,-0.034448009007993004,-0.27467631868043696,0.1477010558156036,1,gaze_away
gaze_away_1777893223,2,3,0.0,0.0,1.0,0.0,1.0,0.0,-0.03615896096997182,-0.2773563259276572,0.15032045990068926,1,gaze_away
gaze_away_1777893223,3,4,0.0,0.0,1.0,0.0,1.0,0.0,-0.04001040948184951,-0.3025976904251211,0.1796015718778587,1,gaze_away
gaze_away_1777893223,4,5,0.0,0.0,1.0,0.0,1.0,0.0,-0.052166239461615485,-0.31213677600105255,0.19314120780935642,1,gaze_away
gaze_away_1777893223,5,6,0.0,0.0,1.0,0.0,1.0,0.0,-0.056074449999854906,-0.3035451005273285,0.19127494990471522,1,gaze_away
gaze_away_1777893223,6,7,0.0,0.0,1.0,0.0,1.0,0.0,-0.05670862944627024,-0.3163459922217014,0.1894478669511976,1,gaze_away
gaze_away_1777893223,7,8,0.0,0.0,1.0,0.0,1.0,0.0,-0.058100907002426413,-0.31329471312870055,0.1917826829014117,1,gaze_away
gaze_away_1777893223,8,9,0.0,0.0,1.0,0.0,1.0,0.0,-0.061553509309192775,-0.3063767972198941,0.1985705925450027,1,gaze_away
gaze_away_1777893223,9,10,0.0,0.0,1.0,0.0,1.0,0.05,-0.0662051336255565,-0.3203471364520297,0.19826843474595057,1,gaze_away
gaze_away_1777893223,10,11,0.0,0.0,1.0,0.0,1.0,0.05,-0.07189678581929466,-0.3264330829350243,0.22107140413293966,1,gaze_away
gaze_away_1777893223,11,12,0.0,0.0,1.0,0.0,1.0,0.05,-0.06369765579749397,-0.3234023086102942,0.23378755395905215,1,gaze_away
gaze_away_1777893223,12,13,0.0,0.0,1.0,0.0,1.0,0.05,-0.06944942672891082,-0.3310592864896968,0.2511195951684676,1,gaze_away
gaze_away_1777893223,13,14,0.0,0.0,1.0,0.0,1.0,0.05,-0.05395602106978088,-0.3281206720637321,0.25355174913997597,1,gaze_away
gaze_away_1777893223,14,15,0.0,0.0,1.0,0.0,1.0,0.3,-0.04761078652236463,-0.3377204023725108,0.2571550429968138,1,gaze_away
gaze_away_1777893223,15,16,0.0,0.0,1.0,0.0,1.0,0.35,-0.05240471479250378,-0.3426725521815333,0.2631981480084035,1,gaze_away
gaze_away_1777893223,16,17,0.0,0.0,1.0,0.0,1.0,0.3,-0.038642783716616565,-0.3390186446219278,0.27310626429514717,1,gaze_away
gaze_away_1777893223,17,18,0.0,0.0,1.0,0.0,1.0,0.4,-0.02312479318194841,-0.34687713644148277,0.2876327440196955,1,gaze_away
gaze_away_1777893223,18,19,0.0,0.0,1.0,0.0,1.0,0.9,-0.0012776132691808754,-0.387953675314158,0.3320724188309047,1,gaze_away
gaze_away_1777893223,19,20,0.0,0.0,1.0,0.0,1.0,1.0,0.012746003431187054,-0.4176126671710777,0.3604724632212847,1,gaze_away
gaze_away_1777893223,20,21,0.0,0.0,1.0,0.0,1.0,1.0,0.01063793220007197,-0.4385555550758375,0.37693525330085087,1,gaze_away
gaze_away_1777893223,21,22,0.0,0.0,1.0,0.0,1.0,1.0,0.022773795472784308,-0.43470941274637626,0.39240673839603735,1,gaze_away
gaze_away_1777893223,22,23,0.0,0.0,1.0,0.0,1.0,1.0,0.026272023947261396,-0.42833210294050117,0.39696109748960984,1,gaze_away
gaze_away_1777893223,23,24,0.0,0.0,1.0,0.0,1.0,1.0,0.04806206051092044,-0.4173820525643607,0.4053748680957877,1,gaze_away
gaze_away_1777893223,24,25,0.0,0.0,1.0,0.0,1.0,1.0,0.039874291610816404,-0.43847118289905607,0.41473137660055437,1,gaze_away
gaze_away_1777893223,25,26,0.0,0.0,1.0,0.0,1.0,1.0,0.05284026606426717,-0.4259341941886186,0.4165034114074154,1,gaze_away
gaze_away_1777893223,26,27,0.0,0.0,1.0,0.0,1.0,1.0,0.04990241923620542,-0.44603045897086274,0.4143643022756544,1,gaze_away
gaze_away_1777893275,0,1,0.0,0.0,1.0,0.0,1.0,1.0,0.03420562015964884,-0.4944710028168597,0.24882042636241467,1,gaze_away
gaze_away_1777893275,1,2,0.0,0.0,1.0,0.0,1.0,1.0,0.07424010428032915,-0.6263668261607902,0.1711188000407295,1,gaze_away
gaze_away_1777893275,2,3,0.0,0.0,1.0,0.0,0.95,1.0,0.011921189910251862,-0.6657632348493859,0.19328029319678758,1,gaze_away
gaze_away_1777893275,3,4,0.0,0.0,1.0,0.0,0.2,1.0,-0.004333826604309826,-0.6791392662327145,0.20211951445794152,1,gaze_away
gaze_away_1777893275,4,5,0.0,0.0,1.0,0.0,0.05,1.0,0.017006729149731847,-0.7294343087659384,0.14838515308820366,1,gaze_away
gaze_away_1777893275,5,6,0.0,0.0,1.0,0.0,0.0,1.0,-0.00698381424804496,-0.7956006559922141,0.23059337487923245,1,gaze_away
gaze_away_1777893275,6,7,0.0,0.0,1.0,0.0,0.1,1.0,0.07155043080331282,-0.7591906332672613,0.09531725734567915,1,gaze_away
gaze_away_1777893275,7,8,0.0,0.0,1.0,0.0,0.0,1.0,0.029398679605206163,-0.7127723734109809,0.22067391959801969,1,gaze_away
gaze_away_1777893275,8,9,0.0,0.0,1.0,0.0,0.0,1.0,0.06335873006524055,-0.756020115094652,0.1509109985956672,1,gaze_away
gaze_away_1777893275,9,10,0.0,0.0,1.0,0.0,0.0,1.0,0.032665782449508504,-0.7768446578934916,0.23281578451336965,1,gaze_away
gaze_away_1777893275,10,11,0.0,0.0,1.0,0.0,0.05,1.0,0.05618053503160858,-0.7574175307275492,0.18439888777506563,1,gaze_away
gaze_away_1777893275,11,12,0.0,0.0,1.0,0.0,0.0,1.0,0.0389605930846265,-0.8029657204269182,0.2413458332437255,1,gaze_away
gaze_away_1777893275,12,13,0.0,0.0,1.0,0.0,0.0,1.0,0.02819266210740633,-0.815181955590688,0.284779076239717,1,gaze_away
gaze_away_1777893275,13,14,0.0,0.0,1.0,0.0,0.0,1.0,0.03973001113633096,-0.8145167474457627,0.301595807968423,1,gaze_away
gaze_away_1777893275,14,15,0.0,0.0,1.0,0.0,0.0,1.0,0.04928374168135651,-0.8169164287602468,0.31442656790881374,1,gaze_away
gaze_away_1777893275,15,16,0.0,0.0,1.0,0.0,0.0,1.0,0.03861412197790358,-0.8066099695676694,0.3173353681325892,1,gaze_away
gaze_away_1777893275,16,17,0.0,0.0,1.0,0.0,0.0,1.0,0.06476907952882659,-0.8154354804628898,0.2761961937729137,1,gaze_away
gaze_away_1777893275,17,18,0.0,0.0,1.0,0.0,0.0,1.0,0.1082210629232013,-0.828857470520636,0.2440415475705035,1,gaze_away
gaze_away_1777893275,18,19,0.0,0.0,1.0,0.0,0.0,1.0,0.102783002188373,-0.8445963933391688,0.24559021744979698,1,gaze_away
gaze_away_1777893275,19,20,0.0,0.0,1.0,0.0,0.15,1.0,0.1263001333367336,-0.8317731753292492,0.20211250507701023,1,gaze_away
gaze_away_1777893275,20,21,0.0,0.0,1.0,0.0,0.0,1.0,0.06023960335656103,-0.8271594071234551,0.3397337067642511,1,gaze_away
gaze_away_1777893275,21,22,0.0,0.0,1.0,0.0,0.1,1.0,0.1257901405354412,-0.8365159860195142,0.15928621204046878,1,gaze_away
gaze_away_1777893275,22,23,0.0,0.0,1.0,0.0,0.1,1.0,0.08329471749356313,-0.8325516257377208,0.25548216094568504,1,gaze_away
gaze_away_1777893275,23,24,0.0,0.0,1.0,0.0,0.0,1.0,0.05283021750690535,-0.8310611277825859,0.3514397886344554,1,gaze_away
gaze_away_1777893294,0,1,0.0,0.0,1.0,0.0,1.0,0.0,0.0689213154606014,0.2392794128375797,0.13666110031068124,1,gaze_away
gaze_away_1777893294,1,2,0.0,0.0,1.0,0.0,1.0,0.0,0.08528520991396923,0.21078589171538145,0.1417607144249815,1,gaze_away
gaze_away_1777893294,2,3,0.0,0.0,1.0,0.0,1.0,0.0,0.09080843470243842,0.2183069908390527,0.24425440102320564,1,gaze_away
gaze_away_1777893294,3,4,0.0,0.0,1.0,0.0,1.0,0.0,0.10635411196145461,0.1860909623777352,0.40197343586355155,1,gaze_away
gaze_away_1777893294,4,5,0.0,0.0,1.0,0.0,1.0,0.0,0.052799724048418005,0.16470062420302928,0.41761219155512447,1,gaze_away
gaze_away_1777893294,5,6,0.0,0.0,1.0,0.0,1.0,0.0,0.04579973851360048,0.22732034061922168,0.3820716636984077,1,gaze_away
gaze_away_1777893294,6,7,0.0,0.0,1.0,0.0,1.0,0.0,-0.0006198622347650516,0.24185495665731058,0.3678666193319459,1,gaze_away
gaze_away_1777893294,7,8,0.0,0.0,1.0,0.0,1.0,0.0,-0.0008395860789646579,0.22956736271466416,0.36676710984837435,1,gaze_away
gaze_away_1777893294,8,9,0.0,0.0,1.0,0.0,1.0,0.0,-0.016971104430502683,0.2275109283070506,0.3631276843744047,1,gaze_away
gaze_away_1777893294,9,10,0.0,0.0,1.0,0.0,1.0,0.0,-0.010844269760173011,0.20586890977329902,0.3367980531713124,1,gaze_away
gaze_away_1777893294,10,11,0.0,0.0,1.0,0.0,1.0,0.0,-0.027612279932318563,0.21445937063139384,0.3319772977092307,1,gaze_away
gaze_away_1777893294,11,12,0.0,0.0,1.0,0.0,1.0,0.0,-0.019287677446821114,0.21838464425994358,0.3218616077755211,1,gaze_away
gaze_away_1777893294,12,13,0.0,0.0,1.0,0.0,1.0,0.0,-0.02664461702424199,0.20601474459551833,0.32269599020777295,1,gaze_away
gaze_away_1777893294,13,14,0.0,0.0,1.0,0.0,1.0,0.0,-0.03683804239962464,0.22441700047397398,0.33262098981416505,1,gaze_away
gaze_away_1777893294,14,15,0.0,0.0,1.0,0.0,1.0,0.0,-0.04704898756110283,0.2088743546066571,0.33683472476486653,1,gaze_away
gaze_away_1777893294,15,16,0.0,0.0,1.0,0.0,1.0,0.0,-0.05779268320178706,0.23964143197368246,0.34755846177050204,1,gaze_away
gaze_away_1777893294,16,17,0.0,0.0,1.0,0.0,1.0,0.0,-0.07099768521615993,0.27966307024791115,0.3523310201775618,1,gaze_away
gaze_away_1777893294,17,18,0.0,0.0,1.0,0.0,1.0,0.0,-0.0601033842499339,0.23128286277073967,0.34681906523886125,1,gaze_away
gaze_away_1777893294,18,19,0.0,0.0,1.0,0.0,1.0,0.0,-0.06313483262320006,0.22234559416752395,0.3575027394742125,1,gaze_away
gaze_away_1777893294,19,20,0.0,0.0,1.0,0.0,1.0,0.0,-0.07972420734473647,0.20595795500668174,0.36336075753076114,1,gaze_away
gaze_away_1777893294,20,21,0.0,0.0,1.0,0.0,1.0,0.0,-0.07632560387322727,0.19656760861602796,0.3643278607394934,1,gaze_away
gaze_away_1777893294,21,22,0.0,0.0,1.0,0.0,1.0,0.0,-0.03539875880987755,0.06014540409012502,0.3521277015944181,1,gaze_away
gaze_away_1777893294,22,23,0.0,0.0,1.0,0.0,1.0,0.0,0.0002815455715327649,0.078771755146529,0.34861361338437935,1,gaze_away
gaze_away_1777893294,23,24,0.0,0.0,1.0,0.0,1.0,0.0,0.025936735245760272,0.22985990524135763,0.38830866276171294,1,gaze_away
gaze_away_1777893347,0,1,0.0,0.0,1.0,0.0,1.0,0.0,-0.13113948098844874,0.053638003147394184,0.13557553857459823,1,gaze_away
gaze_away_1777893347,1,2,0.0,0.0,1.0,0.0,1.0,0.0,-0.1333596221967117,0.06909282718423931,0.13341668498281167,1,gaze_away
gaze_away_1777893347,2,3,0.0,0.0,1.0,0.0,1.0,0.0,-0.1283246144580925,0.06591837284463911,0.12538712883202013,1,gaze_away
gaze_away_1777893347,3,4,0.0,0.0,1.0,0.0,1.0,0.0,-0.12191766052761148,0.08251998915979078,0.12029598871786278,1,gaze_away
gaze_away_1777893347,4,5,0.0,0.0,1.0,0.0,1.0,0.0,-0.13829077755170868,0.08947925040860555,0.13630300005622603,1,gaze_away
gaze_away_1777893347,5,6,0.0,0.0,1.0,0.0,1.0,0.0,-0.12299844202442042,0.09274007914098906,0.13085386080975733,1,gaze_away
gaze_away_1777893347,6,7,0.0,0.0,1.0,0.0,1.0,0.0,-0.12862277891201107,0.09184951026090304,0.1364062316602428,1,gaze_away
gaze_away_1777893347,7,8,0.0,0.0,1.0,0.0,1.0,0.0,-0.1235890796454707,0.10016918788744589,0.13964129190770364,1,gaze_away
gaze_away_1777893347,8,9,0.0,0.0,1.0,0.0,1.0,0.0,-0.1299702612797918,0.12400578426488511,0.14182917215370935,1,gaze_away
gaze_away_1777893347,9,10,0.0,0.0,1.0,0.0,1.0,0.0,-0.1221999550595259,0.10761654747215435,0.14057456974699475,1,gaze_away
gaze_away_1777893347,10,11,0.0,0.0,1.0,0.0,1.0,0.0,-0.12718077287737523,0.10315519738118291,0.1456125250206612,1,gaze_away
gaze_away_1777893347,11,12,0.0,0.0,1.0,0.0,1.0,0.0,-0.12740821142077913,0.10836510561254058,0.14495768558759897,1,gaze_away
gaze_away_1777893347,12,13,0.0,0.0,1.0,0.0,1.0,0.0,-0.12463438602463314,0.10142012394553561,0.14735005716212685,1,gaze_away
gaze_away_1777893347,13,14,0.0,0.0,1.0,0.0,1.0,0.0,-0.12884785491405135,0.10945200197525518,0.14352513967429376,1,gaze_away
gaze_away_1777893347,14,15,0.0,0.0,1.0,0.0,1.0,0.0,-0.12325867329088483,0.09995646789754198,0.14569450061892864,1,gaze_away
gaze_away_1777893347,15,16,0.0,0.0,1.0,0.0,1.0,0.0,-0.13453601297713066,0.10368784872299457,0.14915072009350655,1,gaze_away
gaze_away_1777893347,16,17,0.0,0.0,1.0,0.0,1.0,0.0,-0.13763192382233697,0.1001039489255207,0.14816745434347917,1,gaze_away
gaze_away_1777893347,17,18,0.0,0.0,1.0,0.0,1.0,0.0,-0.13109328052701094,0.09895229320344179,0.1502112330269087,1,gaze_away
gaze_away_1777893347,18,19,0.0,0.0,1.0,0.0,1.0,0.0,-0.15901673202966907,0.11151596756524976,0.15034374564558245,1,gaze_away
gaze_away_1777893347,19,20,0.0,0.0,1.0,0.0,1.0,0.0,-0.16952593473341065,0.09683247994867096,0.14786931378297274,1,gaze_away
gaze_away_1777893347,20,21,0.0,0.0,1.0,0.0,1.0,0.0,-0.15776112493685587,0.06685903309822658,0.13786009514302697,1,gaze_away
gaze_away_1777893347,21,22,0.0,0.0,1.0,0.0,1.0,0.0,-0.14590796643600037,0.1103118852213922,0.15472656045256988,1,gaze_away
gaze_away_1777893347,22,23,0.0,0.0,1.0,0.0,1.0,0.0,-0.140540134456423,0.0930365308604972,0.1733412853048414,1,gaze_away
gaze_away_1777893347,23,24,0.0,0.0,1.0,0.0,1.0,0.0,-0.14473131554208035,0.09183197981116696,0.17385055639523367,1,gaze_away
gaze_away_1777893347,24,25,0.0,0.0,1.0,0.0,1.0,0.0,-0.152437684782671,0.09168503350641521,0.1740877286372813,1,gaze_away
gaze_away_1777893347,25,26,0.0,0.0,1.0,0.0,1.0,0.0,-0.15741868524287367,0.10118533023256862,0.1778609716505901,1,gaze_away
gaze_away_1777893347,26,27,0.0,0.0,1.0,0.0,1.0,0.0,-0.1554931496617708,0.0900761832603949,0.18137449942887357,1,gaze_away
gaze_away_1777893347,27,28,0.0,0.0,1.0,0.0,1.0,0.0,-0.15176334253969165,0.10069355440966425,0.1827417695545424,1,gaze_away
gaze_away_1777893347,28,29,0.0,0.0,1.0,0.0,1.0,0.0,-0.16320400683203948,0.09437367136926123,0.17969406991854825,1,gaze_away
gaze_away_1777893347,29,30,0.0,0.0,1.0,0.0,0.75,0.8,0.053479211509694605,-0.568513750405305,-0.10967210978546138,1,gaze_away
gaze_away_1777893347,30,31,0.0,0.0,1.0,0.0,0.75,1.0,0.12126462796525413,-0.6279775206830677,-0.19514831695041512,1,gaze_away
gaze_away_1777893347,31,32,0.0,0.0,1.0,0.0,0.15,1.0,0.04949976824550651,-0.5514113524672744,-0.11746675077764708,1,gaze_away
gaze_away_1777893347,32,33,0.0,0.0,1.0,0.0,0.15,1.0,-0.013419338463299077,-0.5437345822456628,-0.07639373974737976,1,gaze_away
gaze_away_1777893347,33,34,0.0,0.0,1.0,0.0,0.3,1.0,0.016938041710968788,-0.5317563643199668,-0.11912239488993208,1,gaze_away
gaze_away_1777893347,34,35,0.0,0.0,1.0,0.0,0.15,1.0,0.05217498196768446,-0.6006197487669551,-0.14045755018119183,1,gaze_away
gaze_away_1777893347,35,36,0.0,0.0,1.0,0.0,0.75,1.0,0.2144418538338749,-0.8154888516725289,-0.324533174633944,1,gaze_away
gaze_away_1777893347,36,37,0.0,0.0,1.0,0.0,0.9,1.0,0.25725591073434745,-0.8638920483781549,-0.4149139018969934,1,gaze_away
gaze_away_1777893347,37,38,0.0,0.0,1.0,0.0,1.0,1.0,0.26198248108155625,-0.87971432315305,-0.43908851062051724,1,gaze_away
gaze_away_1777893347,38,39,0.0,0.0,1.0,0.0,1.0,1.0,0.26091474350223487,-0.8898748128277365,-0.45333589962761434,1,gaze_away
gaze_away_1777893347,39,40,0.0,0.0,1.0,0.0,0.95,1.0,0.29932520256158457,-0.9894011967514752,-0.5350735201569851,1,gaze_away
gaze_away_1777893347,40,41,0.0,0.0,1.0,0.0,1.0,1.0,0.3006812607143675,-0.953828731704035,-0.5506327987887245,1,gaze_away
gaze_away_1777893347,41,42,0.0,0.0,1.0,0.0,0.95,1.0,0.28501508714528156,-0.9270169817425898,-0.5122422992742595,1,gaze_away
gaze_away_1777893347,42,43,0.0,0.0,1.0,0.0,1.0,1.0,0.2695596896175903,-0.9559039392268608,-0.5069700744259585,1,gaze_away
head_pose_away_1777883955,0,1,0.0,0.0,1.0,0.0,0.05,1.0,-1.3473488466931327,-0.04429042170833902,-0.13695639337541893,1,head_pose_away
head_pose_away_1777883955,1,2,0.0,0.0,1.0,0.0,0.0,1.0,-1.3961780479901242,0.005019972923869612,-0.09462512105789532,1,head_pose_away
head_pose_away_1777883955,2,3,0.0,0.0,1.0,0.0,0.0,1.0,-1.3941969927984248,0.006075554261939757,-0.05282354686041466,1,head_pose_away
head_pose_away_1777883955,3,4,0.0,0.0,1.0,0.0,0.2,0.9,-0.8684806455620435,-0.16210450949906088,-0.08269167343939374,1,head_pose_away
head_pose_away_1777883955,4,5,0.0,0.0,1.0,0.0,0.15,1.0,-1.411370117103072,0.005932499344568637,0.0327772133356667,1,head_pose_away
head_pose_away_1777883955,5,6,0.0,0.0,1.0,0.0,0.0,1.0,-1.422013112789585,-0.000579627096804971,0.19159018486966933,1,head_pose_away
head_pose_away_1777883955,6,7,0.0,0.0,1.0,0.0,0.0,1.0,-1.3128145478322555,0.05641100796005373,0.1543156336653747,1,head_pose_away
head_pose_away_1777883955,7,8,0.0,0.0,1.0,0.0,0.0,1.0,-0.9903950648779866,0.22783192658948118,0.10619984119901693,1,head_pose_away
head_pose_away_1777883955,8,9,0.0,0.0,1.0,0.0,0.1,0.9,-0.5751303473608973,0.17107779714894153,-0.027617481280094586,1,head_pose_away
head_pose_away_1777883955,9,10,0.0,0.0,1.0,0.0,0.15,1.0,-0.01239411627939479,0.3402279433344142,-0.06383083992655969,1,head_pose_away
head_pose_away_1777883955,10,11,0.0,0.0,1.0,0.0,0.4,0.85,-0.4007878804818554,-0.1282736811989221,-0.20195857461200456,1,head_pose_away
head_pose_away_1777883955,11,12,0.0,0.0,1.0,0.0,0.15,1.0,0.16134417429037406,0.4713004445715129,-0.10832094710417002,1,head_pose_away
head_pose_away_1777883955,12,13,0.0,0.0,1.0,0.0,0.05,0.95,-0.7999614336841537,0.3083899580534973,-0.08375763191764671,1,head_pose_away
head_pose_away_1777883955,13,14,0.0,0.0,1.0,0.0,0.1,1.0,-0.34976076751375407,0.25532944994708384,-0.20277457881742325,1,head_pose_away
head_pose_away_1777883955,14,15,0.0,0.0,1.0,0.0,0.1,0.95,-0.498377336482308,0.36742693763586354,-0.07516586409175849,1,head_pose_away
head_pose_away_1777883955,15,16,0.0,0.0,1.0,0.0,0.05,1.0,-0.07120629906981635,0.5219878933947191,-0.09783057273309359,1,head_pose_away
head_pose_away_1777883955,16,17,0.0,0.0,1.0,0.0,0.35,0.85,-0.09370832867878129,0.3212399986733475,0.14906917151144625,1,head_pose_away
head_pose_away_1777883955,17,18,0.0,0.0,1.0,0.0,0.95,1.0,0.4939600004950885,0.3206352823066728,-0.2641311185392553,1,head_pose_away
head_pose_away_1777883955,18,19,0.0,0.0,1.0,0.0,1.0,1.0,0.5120904680772917,0.28043919212907786,-0.3305364044441735,1,head_pose_away
head_pose_away_1777883955,19,20,0.0,0.0,1.0,0.0,1.0,1.0,0.4656714590272431,0.2585364650200483,-0.3241121944678758,1,head_pose_away
head_pose_away_1777883955,20,21,0.0,0.0,1.0,0.0,1.0,1.0,0.46958404421129024,0.2793876298898985,-0.3543625944147914,1,head_pose_away
head_pose_away_1777883955,21,22,0.0,0.0,1.0,0.0,1.0,1.0,0.4898500564261538,0.34669663634484615,-0.3795308128381731,1,head_pose_away
head_pose_away_1777883955,22,23,0.0,0.0,1.0,0.0,1.0,1.0,0.4794492967146041,0.3474545433538362,-0.3683424333342384,1,head_pose_away
head_pose_away_1777883955,23,24,0.0,0.0,1.0,0.0,1.0,1.0,0.48391719884415074,0.37003946757317885,-0.38282188508219367,1,head_pose_away
head_pose_away_1777883955,24,25,0.0,0.0,1.0,0.0,0.95,1.0,0.4640933087545399,0.3809316074912221,-0.336762715417178,1,head_pose_away
head_pose_away_1777883955,25,26,0.0,0.0,1.0,0.0,1.0,1.0,0.46224317152022926,0.37367432043958493,-0.36366001845415336,1,head_pose_away
head_pose_away_1777883955,26,27,0.0,0.0,1.0,0.0,1.0,1.0,0.47490536042545406,0.3705470280227423,-0.3809497209167215,1,head_pose_away
head_pose_away_1777883955,27,28,0.0,0.0,1.0,0.0,1.0,1.0,0.45715091770669397,0.3675709390761401,-0.3718338238992687,1,head_pose_away
head_pose_away_1777883955,28,29,0.0,0.0,1.0,0.0,1.0,1.0,0.48050363197659934,0.38927196615818016,-0.36993142001332374,1,head_pose_away
head_pose_away_1777883955,29,30,0.0,0.0,1.0,0.0,1.0,1.0,0.46731262116208794,0.38614009877455546,-0.37592301185483945,1,head_pose_away
multiple_people_1777892029,0,1,0.0,0.0,1.65,0.65,1.0,0.0,-0.0628007424752526,0.03887848589782545,0.24096912124775888,1,multiple_people
multiple_people_1777892029,1,2,0.0,0.0,1.5,0.5,1.0,0.0,-0.07251843490705442,0.025126048244239252,0.2520151484396318,1,multiple_people
multiple_people_1777892029,2,3,0.0,0.0,1.6,0.6,1.0,0.0,-0.06121715910075953,-0.06494737438938299,0.229361392055257,1,multiple_people
multiple_people_1777892029,3,4,0.0,0.0,1.85,0.85,1.0,0.15,-0.012878305646206447,-0.31049147904516994,0.1220673397556243,1,multiple_people
multiple_people_1777892029,4,5,0.0,0.0,2.0,1.0,0.55,0.0,-0.044001989110823966,-0.2742102767844766,0.14469143194918307,1,multiple_people
multiple_people_1777892029,5,6,0.0,0.0,1.45,0.45,0.9,0.0,-0.09064566998754293,-0.0007960208376087685,-0.08522913696288695,1,multiple_people
multiple_people_1777892029,6,7,0.0,0.0,1.85,0.85,0.85,0.05,-0.03241690972849336,0.27357300831605735,-0.181541904430761,1,multiple_people
multiple_people_1777892029,7,8,0.0,0.0,1.05,0.05,1.0,0.0,0.14528947823178817,0.14676430393630213,-0.10914192286132966,1,multiple_people
multiple_people_1777892029,8,9,0.0,0.0,1.05,0.05,1.0,0.0,0.22444007014961703,-0.058894058307067884,-0.0037287159044388334,1,multiple_people
multiple_people_1777892029,9,10,0.0,0.0,1.55,0.55,1.0,0.0,0.12884293856090628,-0.23228221594056642,0.13160502716503078,1,multiple_people
multiple_people_1777892029,10,11,0.0,0.0,1.35,0.35,1.0,0.0,0.10583285416124585,-0.20977608773860923,0.08986012673391017,1,multiple_people
multiple_people_1777892029,11,12,0.0,0.0,1.0,0.0,1.0,0.0,0.029416186507973903,-0.1428925048874804,-0.006748884506997593,1,multiple_people
multiple_people_1777892029,12,13,0.0,0.0,1.0,0.0,1.0,0.0,0.0038218601106541268,-0.1142078460620147,-0.025914581106271966,1,multiple_people
multiple_people_1777892029,13,14,0.0,0.0,1.0,0.0,1.0,0.0,-0.027082968113465528,0.07373177589553633,-0.1631872078040612,1,multiple_people
multiple_people_1777892029,14,15,0.0,0.0,1.0,0.0,0.85,0.15,-0.021059940907847123,0.303167258225786,-0.35995874527933525,1,multiple_people
multiple_people_1777892029,15,16,0.0,0.0,1.0,0.0,0.15,0.2,-0.1737110109389906,0.3041193986903677,-0.08083765094383742,0,multiple_people
multiple_people_1777892029,16,17,0.0,0.0,1.0,0.0,0.0,0.0,-0.11053604308073488,0.2753306704229865,-0.32766382874025657,0,multiple_people
multiple_people_1777892029,17,18,0.0,0.0,1.0,0.0,0.6,0.65,-0.03527528647680124,0.36524150273002837,-0.20065170751318112,0,multiple_people
multiple_people_1777892029,18,19,0.0,0.0,1.0,0.0,1.0,0.0,-0.0408069978001429,0.23548785843209125,0.03267807428668861,1,multiple_people
multiple_people_1777892029,19,20,0.0,0.0,1.0,0.0,0.95,0.25,-0.03445212961679785,0.24760361459420518,0.1344025982271689,1,multiple_people
multiple_people_1777892029,20,21,0.0,0.0,1.0,0.0,1.0,0.2,-0.0213194827052749,0.11548039033897517,0.012438253644062473,1,multiple_people
multiple_people_1777892029,21,22,0.0,0.0,1.0,0.0,1.0,0.05,-0.029089046373558268,0.08675319037704406,-0.10078445551562702,1,multiple_people
multiple_people_1777892029,22,23,0.0,0.0,1.0,0.0,1.0,0.0,0.0023400921565915633,0.06671963017444668,-0.16607975066571679,1,multiple_people
multiple_people_1777892064,0,1,0.0,0.0,2.0,1.0,0.5,0.05,-0.21097320920496646,-0.025251144592938958,-0.010783287128670554,1,multiple_people
multiple_people_1777892064,1,2,0.0,0.0,2.0,1.0,1.0,0.05,-0.047679839625206846,-0.09377139111951263,0.14761649622782563,1,multiple_people
multiple_people_1777892064,2,3,0.0,0.0,2.0,1.0,1.0,0.1,0.03245184303811837,-0.03532882730839447,0.20436583681095571,1,multiple_people
multiple_people_1777892064,3,4,0.0,0.0,2.0,1.0,1.0,0.0,0.08551858874930146,-0.036777722339655226,0.2554142237122034,1,multiple_people
multiple_people_1777892064,4,5,0.0,0.0,2.0,1.0,1.0,0.0,0.10669636189560809,0.015089432084432966,0.14139147523892556,1,multiple_people
multiple_people_1777892064,5,6,0.0,0.0,2.0,1.0,1.0,0.0,0.12693198182640747,-0.11062620746354115,0.16262304458339474,1,multiple_people
multiple_people_1777892064,6,7,0.0,0.0,2.0,1.0,1.0,0.0,0.08509388111561751,-0.1347565187493739,0.18639117982271175,1,multiple_people
multiple_people_1777892064,7,8,0.0,0.0,2.0,1.0,1.0,0.0,0.06017515884505971,-0.058050922315171546,0.07218792142739318,1,multiple_people
multiple_people_1777892064,8,9,0.0,0.0,2.0,1.0,1.0,0.0,0.134592128031265,-0.08270176039813833,0.07069246236011925,1,multiple_people
multiple_people_1777892064,9,10,0.0,0.0,2.0,1.0,1.0,0.0,0.0862327566691549,-0.11145527082940773,0.1073889979603675,1,multiple_people
multiple_people_1777892064,10,11,0.0,0.0,2.0,1.0,1.0,0.0,0.08833495290680689,-0.12652370857270517,0.09094473679706719,1,multiple_people
multiple_people_1777892076,0,1,0.0,0.0,2.0,1.0,1.0,0.0,0.11316846282022483,-0.14910004363333437,-0.08215786550942504,1,multiple_people
multiple_people_1777892076,1,2,0.0,0.0,2.0,1.0,1.0,0.0,0.10772075347547534,-0.0779535501190566,0.16978372851648388,1,multiple_people
multiple_people_1777892076,2,3,0.0,0.0,2.0,1.0,1.0,0.0,0.06550050401398325,-0.10127112398376012,0.2807084243363668,1,multiple_people
multiple_people_1777892076,3,4,0.0,0.0,2.0,1.0,1.0,0.0,0.036322265862639286,-0.0484141094328772,0.1271812832626323,1,multiple_people
multiple_people_1777892076,4,5,0.0,0.0,2.0,1.0,1.0,0.0,0.04943661684528362,-0.05191595100496792,-0.01206082283575752,1,multiple_people
multiple_people_1777892076,5,6,0.0,0.0,2.0,1.0,1.0,0.0,0.024799896091716334,-0.04895086294127537,-0.04272783268216868,1,multiple_people
multiple_people_1777892084,0,1,0.0,0.0,2.0,1.0,1.0,0.0,-0.049454001074667873,-0.15984112583992216,-0.0997014159550214,1,multiple_people
multiple_people_1777892084,1,2,0.0,0.0,1.75,0.75,0.95,0.0,-0.12041568989631868,-0.16531818594980446,-0.10490835903490381,1,multiple_people
multiple_people_1777892084,2,3,0.0,0.0,1.95,0.95,1.0,0.0,-0.004481149023093946,-0.15554113322752305,-0.05326783438994892,1,multiple_people
multiple_people_1777892084,3,4,0.0,0.0,2.0,1.0,1.0,0.0,0.13382739784797462,-0.12070585491932703,-0.030196350575092772,1,multiple_people
multiple_people_1777892084,4,5,0.0,0.0,2.0,1.0,1.0,0.0,0.21203254751371153,-0.11308297531688731,0.06444039038137676,1,multiple_people
multiple_people_1777892084,5,6,0.0,0.0,1.9,0.9,1.0,0.0,0.16701107348544547,-0.1041478914655604,0.11124400807098962,1,multiple_people
multiple_people_1777892084,6,7,0.0,0.0,1.0,0.0,1.0,0.0,0.018180399862716468,-0.0006061962113695238,-0.2583037913324364,1,multiple_people
multiple_people_1777892084,7,8,0.0,0.0,1.65,0.65,1.0,0.1,0.036670186831489086,0.04362238266061676,-0.16844598851373777,1,multiple_people
multiple_people_1777892084,8,9,0.0,0.0,2.0,1.0,1.0,0.5,-0.20330779163034535,0.1966605585008162,-0.043106541619966784,1,multiple_people
multiple_people_1777892084,9,10,0.0,0.0,2.0,1.0,0.8,0.45,-0.35629944284789505,0.044454858942982955,0.0169892307203503,1,multiple_people
multiple_people_1777892084,10,11,0.0,0.0,2.0,1.0,0.9,0.0,-0.22215760579154759,0.035675206844529836,0.2638697919787337,1,multiple_people
multiple_people_1777892084,11,12,0.0,0.0,2.0,1.0,0.4,0.0,-0.2110813616409753,0.09707049510138213,0.2768125352817372,1,multiple_people
multiple_people_1777892084,12,13,0.0,0.0,2.0,1.0,0.05,0.0,-0.20547863395761384,0.13850545693343502,0.2777413057732683,1,multiple_people
multiple_people_1777892084,13,14,0.0,0.0,2.0,1.0,0.95,0.0,-0.026819567103153575,0.008381580611963094,0.18909006148560956,1,multiple_people
multiple_people_1777892084,14,15,0.0,0.0,2.0,1.0,1.0,0.0,0.13489728910107893,0.07371889912250332,-0.036026579653856264,1,multiple_people
multiple_people_1777892084,15,16,0.0,0.0,2.0,1.0,1.0,0.0,0.12329705338806216,0.09406788808062203,-0.195992900055985,1,multiple_people
multiple_people_1777892084,16,17,0.0,0.0,2.0,1.0,1.0,0.0,0.09863338302858794,0.16038081845953736,-0.22048754026910067,1,multiple_people
multiple_people_1777892084,17,18,0.0,0.0,2.0,1.0,1.0,0.5,-0.017662197759387998,0.4663125690219509,0.09111618674656903,1,multiple_people
multiple_people_1777892084,18,19,0.0,0.0,2.0,1.0,1.0,1.0,-0.021537073257390224,0.679410832180628,0.30198835066730756,1,multiple_people
multiple_people_1777892084,19,20,0.0,0.0,2.0,1.0,1.0,0.35,0.01776519551289746,0.2517020192505634,0.180568836252469,1,multiple_people
multiple_people_1777892084,20,21,0.0,0.0,2.0,1.0,1.0,0.0,0.06104021893416475,0.04096313218862829,0.1436080788437886,1,multiple_people
multiple_people_1777892096,0,1,0.0,0.0,2.0,1.0,1.0,0.0,0.160169401458183,-0.1385973496543243,0.11814322536523565,1,multiple_people
multiple_people_1777892096,1,2,0.0,0.0,2.0,1.0,1.0,0.0,0.20663647001363755,-0.22183295791244112,0.16558714587114784,1,multiple_people
multiple_people_1777892096,2,3,0.0,0.0,2.0,1.0,1.0,0.9,0.38455914365749533,0.009760488884087674,-0.053291995920438165,1,multiple_people
multiple_people_1777892096,3,4,0.0,0.0,2.0,1.0,1.0,0.95,0.3800575897242704,-0.025759185276105233,-0.15840524440759776,1,multiple_people
multiple_people_1777892096,4,5,0.0,0.0,2.0,1.0,1.0,0.2,0.22778466273234974,0.13859704661478467,-0.2295530878375863,1,multiple_people
multiple_people_1777892096,5,6,0.0,0.0,2.0,1.0,1.0,0.0,0.02984854552126607,0.024515993433846372,0.02507057603513584,1,multiple_people
multiple_people_1777892096,6,7,0.0,0.0,2.0,1.0,1.0,0.0,0.05062962972922621,-0.12031501583322576,0.1611454663626514,1,multiple_people
multiple_people_1777892096,7,8,0.0,0.0,2.0,1.0,1.0,0.0,0.12060124891494348,-0.1224699696540279,0.1718797113475798,1,multiple_people
multiple_people_1777892096,8,9,0.0,0.0,2.0,1.0,1.0,0.0,0.1702933043199208,-0.15481105821435623,0.2658092690152901,1,multiple_people
multiple_people_1777892096,9,10,0.0,0.0,2.0,1.0,0.9,0.0,0.0730217218082268,-0.1441167005078038,0.42072367228233293,1,multiple_people
multiple_people_1777892096,10,11,0.0,0.0,2.0,1.0,1.0,0.0,0.07563722965362395,-0.16289712731582776,0.43408632378629103,1,multiple_people
multiple_people_1777892096,11,12,0.0,0.0,2.0,1.0,1.0,0.05,0.10897868471266722,0.12899106662842613,0.09918371437673382,1,multiple_people
multiple_people_1777892096,12,13,0.0,0.0,2.0,1.0,1.0,0.8,0.07871017446214322,0.3684487959477927,-0.11758972459381456,1,multiple_people
multiple_people_1777892096,13,14,0.0,0.0,2.0,1.0,0.75,0.35,0.05654625491068812,0.35013985842649104,-0.22629974353591947,1,multiple_people
multiple_people_1777892096,14,15,0.0,0.0,2.0,1.0,0.85,0.15,0.06349612373627939,0.23286350608752623,-0.2432174839920011,1,multiple_people
multiple_people_1777892096,15,16,0.0,0.0,2.0,1.0,1.0,0.0,0.0190483972592601,-0.08694645259417234,-0.014665535078995793,1,multiple_people
multiple_people_1777892096,16,17,0.0,0.0,2.0,1.0,1.0,0.0,0.01721569073157224,-0.027661408947698803,-0.047616477341839276,1,multiple_people
multiple_people_1777892098,0,1,0.0,0.0,2.0,1.0,1.0,0.0,0.13175256200746105,-0.1606217279699739,0.20988901330542786,1,multiple_people
multiple_people_1777892098,1,2,0.0,0.0,2.0,1.0,0.75,0.0,0.04541506677443011,-0.11248339841972017,0.2582744939593328,1,multiple_people
multiple_people_1777892098,2,3,0.0,0.0,1.4,0.4,0.0,0.0,-0.030075928405329282,-0.16643343065519328,-0.027620395002453592,0,multiple_people
multiple_people_1777892098,3,4,0.0,0.0,1.05,0.05,0.0,0.2,-0.010426546246074841,-0.2696323635566502,-0.02078347839663926,0,multiple_people
multiple_people_1777892098,4,5,0.0,0.0,1.65,0.65,0.55,0.05,0.05339928317364719,-0.0977801582002824,0.16352858710407436,0,multiple_people
multiple_people_1777892098,5,6,0.0,0.0,2.0,1.0,1.0,0.0,0.19327434722876508,0.17300124767623792,0.03429179527349714,1,multiple_people
multiple_people_1777892098,6,7,0.0,0.0,2.0,1.0,1.0,0.0,0.21498375365712347,0.11115599730954959,0.028255743602759464,1,multiple_people
multiple_people_1777892098,7,8,0.0,0.0,2.0,1.0,1.0,0.0,0.01164265217901645,0.10531838996583931,0.11654974311529635,1,multiple_people
multiple_people_1777892098,8,9,0.0,0.0,2.0,1.0,1.0,0.05,-0.009425755205421753,-0.09647881254428092,0.007652316389574162,1,multiple_people
multiple_people_1777892098,9,10,0.0,0.0,2.0,1.0,0.95,0.35,-0.2014776002264426,-0.05967810225280732,0.0654020856139464,1,multiple_people
multiple_people_1777892098,10,11,0.0,0.0,2.0,1.0,1.0,0.0,0.15120852659015754,0.13440074444112898,0.043507510251545485,1,multiple_people
multiple_people_1777892098,11,12,0.0,0.0,2.0,1.0,0.95,0.2,0.1580349312167506,0.14220036509478423,-0.05549894163293562,1,multiple_people
multiple_people_1777892098,12,13,0.0,0.0,2.0,1.0,0.1,0.6,-0.08198275298557488,-0.35706806223302023,0.024340692719670053,1,multiple_people
multiple_people_1777892098,13,14,0.0,0.0,2.0,1.0,0.15,0.45,-0.33778570969907773,-0.22052097535424192,0.03541342124830442,1,multiple_people
multiple_people_1777892098,14,15,0.0,0.0,2.0,1.0,0.55,0.05,-0.15457703354229035,-0.06731515155216031,0.0325663400256364,1,multiple_people
multiple_people_1777892098,15,16,0.0,0.0,1.7222222222222223,0.7222222222222222,1.0,0.0,-0.032925350534266595,-0.09865637910608246,0.04871795417090998,1,multiple_people
multiple_people_1777892126,0,1,0.0,0.0,2.0,1.0,1.0,0.0,0.06316290622764509,-0.17786511681213116,0.03234388182847899,1,multiple_people
multiple_people_1777892126,1,2,0.0,0.0,2.0,1.0,1.0,0.0,0.1138638747027998,-0.23313097208201303,0.2647473262672584,1,multiple_people
multiple_people_1777892126,2,3,0.0,0.0,2.0,1.0,1.0,0.0,0.15253111693580657,0.03654766681429548,0.0997522931030018,1,multiple_people
multiple_people_1777892126,3,4,0.0,0.0,2.0,1.0,1.0,0.0,0.061249243203474094,0.21015403480081601,-0.07548249135868293,1,multiple_people
multiple_people_1777892126,4,5,0.0,0.0,2.0,1.0,1.0,0.0,0.05546580918393136,-0.08478566805838915,0.1473597478600178,1,multiple_people
multiple_people_1777892126,5,6,0.0,0.0,2.0,1.0,0.95,0.4,-0.017453285254876116,0.16725877337400086,0.33397029399967393,1,multiple_people
multiple_people_1777892126,6,7,0.0,0.0,2.0,1.0,0.65,0.3,-0.010821797613166772,0.1892103299443939,-0.17663349063577494,1,multiple_people
multiple_people_1777892126,7,8,0.0,0.0,2.0,1.0,0.8,0.7,-0.04473258807710863,0.5201518992001173,-0.05965123527519891,1,multiple_people
multiple_people_1777892126,8,9,0.0,0.0,2.0,1.0,0.4,0.75,0.011408453826323018,-0.32742189105939545,0.08778760778526723,1,multiple_people
multiple_people_1777892126,9,10,0.0,0.0,2.0,1.0,0.95,0.2,0.07200359801243326,-0.17271368301969486,0.03197569482547295,1,multiple_people
multiple_people_1777892126,10,11,0.0,0.0,2.0,1.0,1.0,0.0,0.07200549864129943,0.13595408024867567,-0.129457838231292,1,multiple_people
multiple_people_1777892126,11,12,0.0,0.0,2.0,1.0,0.9,0.8,-0.12990016159184742,-0.4385583390709475,0.1194321142406954,1,multiple_people
multiple_people_1777892126,12,13,0.0,0.0,2.0,1.0,0.65,0.7,-0.07614476043056825,-0.6433762042478945,0.12434854822097244,1,multiple_people
multiple_people_1777892126,13,14,0.0,0.0,2.0,1.0,1.0,0.0,0.1665971090681816,-0.12126361877694006,0.11985097005514325,1,multiple_people
multiple_people_1777892136,0,1,0.0,0.0,2.0,1.0,1.0,1.0,0.486910431389097,0.0007993411400112653,0.050052280435874105,1,multiple_people
multiple_people_1777892136,1,2,0.0,0.0,2.0,1.0,1.0,0.65,0.3893212655678838,0.03450777523004553,0.019571453094131615,1,multiple_people
multiple_people_1777892136,2,3,0.0,0.0,2.0,1.0,1.0,0.8,0.366547279719869,-0.03439044555210384,-0.037131753239683554,1,multiple_people
multiple_people_1777892136,3,4,0.0,0.0,2.0,1.0,1.0,0.35,0.34224541657906354,-0.005648189584155533,-0.22013830041432722,1,multiple_people
multiple_people_1777892136,4,5,0.0,0.0,2.0,1.0,1.0,0.55,0.3421985775248788,0.16918417305115682,-0.44276667279302756,1,multiple_people
multiple_people_1777892136,5,6,0.0,0.0,2.0,1.0,1.0,0.1,0.2680490992316865,-0.0027501930701547836,-0.2332706758531174,1,multiple_people
multiple_people_1777892136,6,7,0.0,0.0,2.0,1.0,0.9,0.0,0.09961031362757167,-0.20083273990571632,0.29209185100555085,1,multiple_people
multiple_people_1777892136,7,8,0.0,0.0,2.0,1.0,0.6,0.0,0.07804503648473038,-0.19228846482226508,0.3771442108498712,1,multiple_people
multiple_people_1777892136,8,9,0.0,0.0,2.0,1.0,1.0,0.05,0.1924814434664521,0.17071657444887167,-0.02295775676609017,1,multiple_people
multiple_people_1777892136,9,10,0.0,0.0,2.0,1.0,1.0,0.0,0.19894019670250424,-0.021838034086227507,0.10244283901238856,1,multiple_people
multiple_people_1777892136,10,11,0.0,0.0,2.0,1.0,1.0,0.1,0.2298912568786095,0.1965629067611025,-0.2788963674833479,1,multiple_people
multiple_people_1777892136,11,12,0.0,0.0,2.0,1.0,1.0,0.15,0.14966365052189715,0.16413304740549467,-0.16956596901038748,1,multiple_people
multiple_people_1777892136,12,13,0.0,0.0,2.0,1.0,1.0,0.0,0.07690999998558065,-0.19484382382772875,0.13460988228657353,1,multiple_people
multiple_people_1777892136,13,14,0.0,0.0,2.0,1.0,1.0,0.0,0.10759215739239332,-0.13340823878038313,0.059333546471017365,1,multiple_people
multiple_people_1777892146,0,1,0.0,0.0,2.0,1.0,1.0,0.4,0.3339039498988139,-0.13866875188037303,0.31586221617522037,1,multiple_people
multiple_people_1777892146,1,2,0.0,0.0,2.0,1.0,1.0,0.85,0.4118937209890346,-0.07963239827869595,0.14455683677964215,1,multiple_people
multiple_people_1777892146,2,3,0.0,0.0,2.0,1.0,0.85,0.3,0.1629529311576931,0.27869690891392573,-0.35350974820126296,1,multiple_people
multiple_people_1777892146,3,4,0.0,0.0,2.0,1.0,0.15,0.95,0.09130932474217215,0.5363567032638529,-0.4424789183085179,1,multiple_people
multiple_people_1777892146,4,5,0.0,0.0,2.0,1.0,0.4,0.45,-0.10566150987003278,0.351748055315853,0.29041787386169204,1,multiple_people
multiple_people_1777892146,5,6,0.0,0.0,2.0,1.0,0.0,0.0,-0.14561062047811577,0.10435219939044664,0.5183353889330028,1,multiple_people
multiple_people_1777892146,6,7,0.0,0.0,2.0,1.0,0.0,0.0,-0.1593276782012018,0.13289900746308966,0.4732288934863078,1,multiple_people
multiple_people_1777892146,7,8,0.0,0.0,2.0,1.0,0.8,0.5,-0.05052015151762558,0.3627564804736524,0.1789195994918409,1,multiple_people
multiple_people_1777892146,8,9,0.0,0.0,2.0,1.0,0.6,1.0,0.13804128371952765,0.4585850982205929,-0.37762042656596,1,multiple_people
multiple_people_1777892146,9,10,0.0,0.0,2.0,1.0,1.0,1.0,0.17449748564792186,0.374541832600277,-0.3685848343037965,1,multiple_people
multiple_people_1777892153,0,1,0.0,0.0,2.0,1.0,0.8,0.0,-0.01789845033616839,-0.02985136701382482,0.22573968425917562,1,multiple_people
multiple_people_1777892153,1,2,0.0,0.0,1.5,0.5,0.0,0.0,-0.0030290726793608053,0.14558603056966807,-0.03062609526775678,0,multiple_people
multiple_people_1777892153,2,3,0.0,0.0,2.0,1.0,0.0,0.05,0.051739777119335084,0.14250833087151088,-0.028237136289231513,1,multiple_people
multiple_people_1777892153,3,4,0.0,0.0,1.95,0.95,0.85,0.0,0.030046645576286307,0.044931056659634774,0.2613656733946177,1,multiple_people
multiple_people_1777892153,4,5,0.0,0.0,2.0,1.0,1.0,0.0,-0.0024538712731841687,0.01575347249816059,0.3966877899054513,1,multiple_people
multiple_people_1777892153,5,6,0.0,0.0,2.0,1.0,1.0,0.0,-0.006587621054565611,0.08690490026401573,0.2899660772697966,1,multiple_people
multiple_people_1777892153,6,7,0.0,0.0,2.0,1.0,1.0,0.0,-0.02265518208223452,0.1014969376556241,0.21205065970892814,1,multiple_people
multiple_people_1777892153,7,8,0.0,0.0,2.0,1.0,1.0,0.0,0.010357466999548832,0.08759609549537854,-0.06607124459722545,1,multiple_people
multiple_people_1777892153,8,9,0.0,0.0,2.0,1.0,1.0,0.0,0.054480044818358955,0.12944065817694672,-0.2767383983746202,1,multiple_people
multiple_people_1777892153,9,10,0.0,0.0,2.0,1.0,0.4,0.1,0.02737640215317192,0.26981693792745565,-0.44847294045227254,1,multiple_people
multiple_people_1777892153,10,11,0.0,0.0,2.0,1.0,0.0,0.85,0.005230588073381598,0.4261596128540227,-0.5167425306544609,1,multiple_people
multiple_people_1777892153,11,12,0.0,0.0,2.0,1.0,0.2,0.4,-0.038873340735245766,0.24266890016843295,-0.27378371576058685,1,multiple_people
multiple_people_1777892153,12,13,0.0,0.0,2.0,1.0,0.05,0.1,-0.09685507610274247,-0.27742281881882314,0.24198330489290676,1,multiple_people
multiple_people_1777892153,13,14,0.0,0.0,2.0,1.0,0.6,0.5,0.03367643125212536,0.2798171718570781,-0.09934790442249244,1,multiple_people
multiple_people_1777892153,14,15,0.0,0.0,2.0,1.0,0.3,0.8,0.04788675741220074,0.5573941561689072,-0.25453065168868233,1,multiple_people
multiple_people_1777892153,15,16,0.0,0.0,2.0,1.0,0.35,0.0,-0.05339507066810252,-0.17791568339127525,0.19312659454194503,1,multiple_people
multiple_people_1777892153,16,17,0.0,0.0,2.0,1.0,0.55,0.45,0.015181070244352132,0.26574531304278204,-0.13280850646153292,1,multiple_people
multiple_people_1777892153,17,18,0.0,0.0,2.0,1.0,0.55,0.35,-0.013134184900162832,0.2368675562236522,-0.16032599268429465,1,multiple_people
multiple_people_1777892153,18,19,0.0,0.0,2.0,1.0,0.5,0.0,-0.05367831364740929,-0.22159797281622517,0.03190901521694012,1,multiple_people
multiple_people_1777892153,19,20,0.0,0.0,2.0,1.0,0.85,0.0,0.042920072802195994,0.1533253372982708,-0.3445392496864782,1,multiple_people
multiple_people_1777892153,20,21,0.0,0.0,2.0,1.0,1.0,0.0,0.1314859640359163,0.1557966348356233,-0.4780048196499398,1,multiple_people
multiple_people_1777892153,21,22,0.0,0.0,2.0,1.0,1.0,0.0,0.18651836410228506,0.08292959604326035,-0.4580704164912371,1,multiple_people
multiple_people_1777892168,0,1,0.0,0.0,2.0,1.0,1.0,0.0,0.05537936515111249,-0.03963356717497013,-0.2558764650799952,1,multiple_people
multiple_people_1777892168,1,2,0.0,0.0,2.0,1.0,0.75,0.0,-0.06081017951239519,-0.09650521289107665,0.10886235520520979,1,multiple_people
multiple_people_1777892168,2,3,0.0,0.0,2.0,1.0,0.25,0.15,-0.0786837495467601,0.09052367393335395,-0.019852124159116257,1,multiple_people
multiple_people_1777892168,3,4,0.0,0.0,2.0,1.0,0.1,0.5,-0.03287721267450825,0.32991822381521907,-0.28784275546385196,1,multiple_people
multiple_people_1777892168,4,5,0.0,0.0,2.0,1.0,0.15,0.15,-0.13966072874567026,-0.24889891219457652,0.147816002561317,1,multiple_people
multiple_people_1777892168,5,6,0.0,0.0,2.0,1.0,0.5,0.15,-0.04414398539216027,0.11671461201009754,-0.03155904977846169,1,multiple_people
multiple_people_1777892168,6,7,0.0,0.0,2.0,1.0,0.45,0.15,-0.07443888504814888,0.20406947134161868,-0.09596742290548509,1,multiple_people
multiple_people_1777892168,7,8,0.0,0.0,2.0,1.0,0.25,0.0,-0.0877134107891555,-0.1438157567671403,0.14831865759631277,1,multiple_people
multiple_people_1777892168,8,9,0.0,0.0,2.0,1.0,0.6,0.0,-0.06035908502884274,-0.1622575471981706,0.18049835783667073,1,multiple_people
multiple_people_1777892168,9,10,0.0,0.0,2.0,1.0,1.0,0.0,-0.03532738289331401,-0.1515430117580795,0.164420413148102,1,multiple_people
multiple_people_1777892168,10,11,0.0,0.0,2.0,1.0,1.0,0.0,0.014170820960150859,-0.17976684511697333,0.19193502437792048,1,multiple_people
multiple_people_1777892168,11,12,0.0,0.0,2.0,1.0,1.0,0.0,0.07726631540079079,-0.021719721130268235,0.057382946353885425,1,multiple_people
multiple_people_1777892168,12,13,0.0,0.0,1.95,0.95,1.0,0.0,0.046759493757625205,-0.12706233802836156,0.036693928283532073,1,multiple_people
multiple_people_1777892168,13,14,0.0,0.0,2.0,1.0,1.0,0.0,0.10276109151103396,0.016331942765620406,-0.3805883071091324,1,multiple_people
multiple_people_1777892168,14,15,0.0,0.0,2.0,1.0,1.0,0.0,0.12359215837675519,0.10952275388200454,-0.5999887287863991,1,multiple_people
multiple_people_1777892168,15,16,0.0,0.0,2.0,1.0,1.0,0.0,0.14573330473489599,0.04188419549093462,-0.5537402718232971,1,multiple_people
multiple_people_1777892920,0,1,0.0,0.0,1.55,0.55,1.0,0.0,0.24315032514557083,-0.244090413858628,0.09643526175909403,1,multiple_people
multiple_people_1777892920,1,2,0.0,0.0,2.0,1.0,1.0,0.0,0.24405356587044086,-0.2687703196809278,0.16195273750803077,1,multiple_people
multiple_people_1777892920,2,3,0.0,0.0,2.0,1.0,1.0,0.0,0.20241251115509545,-0.30720558492424255,0.22808609320247863,1,multiple_people
multiple_people_1777892920,3,4,0.0,0.0,2.0,1.0,0.5,0.5,0.044364579589225364,-0.13217598728760444,0.035742366294632164,1,multiple_people
multiple_people_1777892920,4,5,0.0,0.0,2.0,1.0,0.75,0.3,-0.04429099629030655,0.03725949303521215,-0.15031207599833524,1,multiple_people
multiple_people_1777892920,5,6,0.0,0.0,2.0,1.0,1.0,0.7,0.3663666900684696,-0.2837118500255513,0.16260631259940747,1,multiple_people
multiple_people_1777892920,6,7,0.0,0.0,2.0,1.0,0.9,0.65,0.2270817586761169,-0.40444402484457626,0.13322140881390343,1,multiple_people
multiple_people_1777892920,7,8,0.0,0.0,2.0,1.0,0.95,0.05,-0.03938959169808938,0.047695783088882684,-0.0288031506904448,1,multiple_people
multiple_people_1777892920,8,9,0.0,0.0,2.0,1.0,1.0,0.1,-0.07542430462586945,0.09660552071385334,-0.06098014816819312,1,multiple_people
multiple_people_1777892920,9,10,0.0,0.0,2.0,1.0,0.95,0.25,0.08059919313411425,-0.24487452170467833,0.12510468174252415,1,multiple_people
multiple_people_1777892920,10,11,0.0,0.0,2.0,1.0,0.45,0.8,-0.2688770619388455,-0.3628640146820663,0.035261916181273244,1,multiple_people
multiple_people_1777892920,11,12,0.0,0.0,2.0,1.0,0.85,0.25,0.0033534349906775888,-0.340521341360466,0.2291040899446221,1,multiple_people
multiple_people_1777892920,12,13,0.0,0.0,2.0,1.0,1.0,0.5,0.3237860962025605,-0.23921288973477012,0.2040243350408563,1,multiple_people
multiple_people_1777892920,13,14,0.0,0.0,2.0,1.0,1.0,1.0,0.42292067109128206,-0.23559886583860354,0.03172085583910176,1,multiple_people
multiple_people_1777892920,14,15,0.0,0.0,1.95,0.95,1.0,1.0,0.4830225774010503,-0.25399621828782265,0.4281095780817207,1,multiple_people
multiple_people_1777892920,15,16,0.0,0.0,1.95,0.95,1.0,0.25,0.34112592909052825,-0.24524794537532077,0.40247815362683576,1,multiple_people
multiple_people_1777892920,16,17,0.0,0.0,1.55,0.55,1.0,0.6,0.3564714407135491,-0.23325950222309416,0.2002532924848134,1,multiple_people
multiple_people_1777892920,17,18,0.0,0.0,1.35,0.35,1.0,0.4,0.3229162970778018,-0.2220273000358693,0.13032960598578383,1,multiple_people
multiple_people_1777892920,18,19,0.0,0.0,1.85,0.85,1.0,0.0,0.2413964014629563,-0.18993187597649192,0.11073237378332194,1,multiple_people
multiple_people_1777892920,19,20,0.0,0.0,2.0,1.0,1.0,0.0,0.260983621081679,-0.18645566320930995,0.09419610785742326,1,multiple_people
multiple_people_1777892920,20,21,0.0,0.0,1.75,0.75,1.0,0.0,0.29048184467733107,-0.29184316613322653,0.30956047178348917,1,multiple_people
multiple_people_1777892920,21,22,0.0,0.0,1.0,0.0,1.0,0.3,0.32856553530862137,-0.26857055092732834,0.3237286691315752,1,multiple_people
multiple_people_1777892920,22,23,0.0,0.0,1.1,0.1,1.0,0.3,0.31603256051343986,-0.12635980890732074,-0.005307764575196659,1,multiple_people
multiple_people_1777892920,23,24,0.0,0.0,1.0,0.0,1.0,0.0,0.19455171759753934,-0.02219880244726028,-0.09024996030900741,1,multiple_people
multiple_people_1777892920,24,25,0.0,0.0,1.0,0.0,0.55,0.4,-0.3340486507559516,-0.015677719298922997,0.008587385764600077,0,multiple_people
multiple_people_1777892920,25,26,0.0,0.0,1.0,0.0,1.0,1.0,-0.7757268007091818,-0.3667629919366197,-0.37912442254248413,1,multiple_people
multiple_people_1777892920,26,27,0.0,0.0,1.55,0.55,1.0,1.0,-0.7690613464692735,-0.34091322851415395,-0.36073822030680286,1,multiple_people
multiple_people_1777892920,27,28,0.0,0.0,1.0,0.0,0.95,0.65,-0.6225413902529933,-0.252347513635227,-0.06698415619473323,1,multiple_people
multiple_people_1777892920,28,29,0.0,0.0,1.1,0.1,0.95,0.85,-0.5901080229702107,-0.253352005498712,-0.1669775748538762,1,multiple_people
multiple_people_1777892920,29,30,0.0,0.0,2.0,1.0,0.95,0.75,-0.5016597196396854,-0.1490763001579481,-0.1844893633473621,1,multiple_people
multiple_people_1777892920,30,31,0.0,0.0,2.0,1.0,1.0,0.65,-0.48296207323453,-0.08824782572887949,-0.10335228037036974,1,multiple_people
multiple_people_1777892920,31,32,0.0,0.0,1.55,0.55,0.75,0.55,-0.543141297354579,-0.09261718458615069,-0.01964353393780236,0,multiple_people
multiple_people_1777892920,32,33,0.0,0.0,1.2,0.2,0.3,0.2,-0.253564174615964,-0.08940877032831604,0.23353808520983727,0,multiple_people
multiple_people_1777892920,33,34,0.0,0.0,1.75,0.75,0.4,0.3,-0.3209428167585691,-0.06426978150278245,0.09533731266982778,0,multiple_people
multiple_people_1777892920,34,35,0.0,0.0,1.25,0.25,0.85,0.1,-0.21056918509611783,-0.0255341359257109,0.12392221916747426,1,multiple_people
multiple_people_1777892920,35,36,0.0,0.0,1.6,0.6,0.7,0.0,-0.12338835497185954,-0.016962486046781498,0.19153408654172982,0,multiple_people
multiple_people_1777892920,36,37,0.0,0.0,1.3333333333333333,0.3333333333333333,1.0,0.0,-0.124422902273279,-0.04701498946203248,0.20552678615826636,1,multiple_people
multiple_people_1777892957,0,1,0.0,0.0,1.0,0.0,1.0,0.2,-0.12394386111256964,-0.05362312044717843,-0.03835068331391518,1,multiple_people
multiple_people_1777892957,1,2,0.0,0.0,1.0,0.0,1.0,0.0,-0.0005868312722092474,-0.09958871542522599,0.12260279900085351,1,multiple_people
multiple_people_1777892957,2,3,0.0,0.0,1.0,0.0,1.0,0.0,0.02805691758700258,-0.06098793239043291,0.08970890213793527,1,multiple_people
multiple_people_1777892957,3,4,0.0,0.0,1.0,0.0,1.0,0.0,0.04482160323753466,-0.04694457144690581,0.0867802818473198,1,multiple_people
multiple_people_1777892957,4,5,0.0,0.0,1.0,0.0,1.0,0.0,0.049871451784906734,-0.10786190597542356,0.09838547124421072,1,multiple_people
multiple_people_1777892957,5,6,0.0,0.0,1.0,0.0,1.0,0.0,0.18539221482537066,-0.12458140052497846,0.1413184071780826,1,multiple_people
multiple_people_1777892957,6,7,0.0,0.0,1.0,0.0,1.0,0.0,0.1431025074922942,-0.04234643409009122,0.09882030463786177,1,multiple_people
multiple_people_1777892957,7,8,0.0,0.0,1.0,0.0,1.0,0.0,0.17663661094421498,-0.09469388981630625,0.16282294669827024,1,multiple_people
multiple_people_1777892957,8,9,0.0,0.0,1.0,0.0,1.0,0.0,0.13882200341230863,-0.14244518793705063,0.2516422241664879,1,multiple_people
multiple_people_1777892957,9,10,0.0,0.0,1.0,0.0,1.0,0.0,0.10795145614385837,-0.09622194206583115,0.16568945662075518,1,multiple_people
multiple_people_1777892957,10,11,0.0,0.0,1.0,0.0,1.0,0.0,0.13600518004562526,-0.0731430414505784,0.08800722609077088,1,multiple_people
multiple_people_1777892964,0,1,0.05,0.5147351026535034,1.3,0.3,1.0,0.0,0.07440638568042515,-0.21169350718246896,0.3287858368654804,1,multiple_people
multiple_people_1777892964,1,2,0.0,0.0,1.85,0.85,0.85,0.0,0.11757832661728555,-0.15219937913307663,0.5889588247121031,1,multiple_people
multiple_people_1777892964,2,3,0.0,0.0,1.3,0.3,0.9,0.0,0.08885992419922395,-0.0396233166234458,0.25976467044351376,1,multiple_people
multiple_people_1777892964,3,4,0.0,0.0,1.0,0.0,1.0,0.0,0.1470422582789359,-0.026789979286544325,0.07894130180870289,1,multiple_people
multiple_people_1777892964,4,5,0.0,0.0,1.0,0.0,0.85,0.05,0.034737964708528746,0.06957676997800544,-0.02329864814831717,1,multiple_people
multiple_people_1777892964,5,6,0.0,0.0,1.0,0.0,0.25,0.25,-0.07130858118130516,0.26360225825369654,-0.34968323077248786,0,multiple_people
multiple_people_1777892964,6,7,0.0,0.0,1.0,0.0,0.1,0.25,-0.2559541351605781,0.13154694603706552,-0.18995268666744752,0,multiple_people
multiple_people_1777892964,7,8,0.0,0.0,1.0,0.0,0.95,0.4,-0.3245629002043313,0.07464282110125643,-0.07346802929200479,1,multiple_people
multiple_people_1777892964,8,9,0.0,0.0,1.0,0.0,1.0,0.15,-0.22532454287348772,0.049772343945725425,-0.20756541263800993,1,multiple_people
multiple_people_1777892964,9,10,0.0,0.0,1.0,0.0,1.0,0.35,-0.34115698686149953,0.038293821336559564,-0.08826974393486917,1,multiple_people
multiple_people_1777892964,10,11,0.0,0.0,1.0,0.0,1.0,0.4,-0.38294662966347814,0.009988208041315453,-0.053095032138577226,1,multiple_people
multiple_people_1777892964,11,12,0.0,0.0,1.1,0.1,0.85,0.2,-0.19922177160608334,-0.006932812412101809,-0.14071924627333954,1,multiple_people
multiple_people_1777892966,0,1,0.0,0.0,1.0,0.0,1.0,0.0,0.11872353751565909,-0.11102896354853702,0.12817609880576372,1,multiple_people
multiple_people_1777892966,1,2,0.0,0.0,1.0,0.0,1.0,0.0,0.10790731736165475,-0.10009006780552972,0.13161148642121487,1,multiple_people
multiple_people_1777892966,2,3,0.0,0.0,1.0,0.0,1.0,0.0,0.007416125681979316,-0.14943585948955315,0.2020806626164818,1,multiple_people
multiple_people_1777892966,3,4,0.0,0.0,1.0,0.0,1.0,0.0,0.017201623011453646,-0.16072392003863079,0.21259589964120226,1,multiple_people
multiple_people_1777892970,0,1,0.0,0.0,1.0,0.0,1.0,0.0,0.02563322293174749,-0.1068037695780512,0.1681295743640488,1,multiple_people
multiple_people_1777892970,1,2,0.0,0.0,1.0,0.0,1.0,0.0,0.0966745022499362,-0.06640646946738002,0.2145195869799414,1,multiple_people
multiple_people_1777892970,2,3,0.0,0.0,1.0,0.0,0.9,0.0,0.06279822191746902,-0.13299655935247578,0.3330095358992627,1,multiple_people
multiple_people_1777892970,3,4,0.0,0.0,1.0,0.0,0.0,0.0,-0.01958818570811104,-0.19033587389282633,0.39537151825194755,0,multiple_people
multiple_people_1777892970,4,5,0.0,0.0,1.0,0.0,0.0,0.0,-0.0034466676752307724,-0.17904473316747715,0.34654899137045664,0,multiple_people
multiple_people_1777892979,0,1,0.0,0.0,1.0,0.0,1.0,0.0,0.21957181317804655,-0.13921394075127108,-0.08646415263608669,1,multiple_people
multiple_people_1777892979,1,2,0.0,0.0,1.0,0.0,0.75,0.35,0.08798521336684602,-0.4478615205207325,0.1008610204219802,0,multiple_people
multiple_people_1777892979,2,3,0.0,0.0,1.0,0.0,0.9,0.0,0.09348300333567669,-0.17829042936291148,0.3840413691659,1,multiple_people
multiple_people_1777892979,3,4,0.0,0.0,1.0,0.0,1.0,0.0,0.06629042877051382,-0.08728134795176132,0.1908341495579907,1,multiple_people
multiple_people_1777892979,4,5,0.0,0.0,1.0,0.0,1.0,0.0,0.03438253522507428,-0.10386771759688847,0.17804294766205922,1,multiple_people
normal_1777882794,0,1,0.0,0.0,1.0,0.0,1.0,0.0,-0.1678951920771094,-0.23269554670591003,-0.0981539824797274,1,normal
normal_1777882794,1,2,0.0,0.0,1.0,0.0,1.0,0.0,-0.17518440890135784,-0.2678516328440046,-0.09315206999358513,1,normal
normal_1777882794,2,3,0.0,0.0,1.0,0.0,1.0,0.0,-0.16910152083232305,-0.27252773280658776,-0.08399086510930126,1,normal
normal_1777882794,3,4,0.0,0.0,1.0,0.0,1.0,0.0,-0.17214585294154428,-0.27516660021196604,-0.09137169457312193,1,normal
normal_1777882794,4,5,0.0,0.0,1.0,0.0,1.0,0.0,-0.16756658100803226,-0.2528456892860921,-0.08718120064956607,1,normal
normal_1777882794,5,6,0.0,0.0,1.0,0.0,1.0,0.0,-0.17089725136467246,-0.24253669038371384,-0.08611048884161795,1,normal
normal_1777882794,6,7,0.0,0.0,1.0,0.0,0.7,0.0,-0.18873754137558735,-0.2640972371544563,-0.08033554619094563,0,normal
normal_1777882794,7,8,0.0,0.0,1.0,0.0,1.0,0.0,-0.11293193063807808,-0.23756315627597147,-0.06510705192754757,1,normal
normal_1777882794,8,9,0.0,0.0,1.0,0.0,1.0,0.0,-0.07926046542521484,-0.21679635882631737,-0.05771547035652813,1,normal
normal_1777882794,9,10,0.0,0.0,1.0,0.0,1.0,0.0,-0.034826885288359304,-0.18006679215046484,-0.0780341433890766,1,normal
normal_1777882794,10,11,0.0,0.0,1.0,0.0,1.0,0.0,-0.001625202879966986,-0.16682630259078418,-0.07970415453685137,1,normal
normal_1777882794,11,12,0.0,0.0,1.0,0.0,1.0,0.0,0.14388117940405035,-0.11372844806569922,-0.07901768392413003,1,normal
normal_1777882794,12,13,0.0,0.0,1.0,0.0,1.0,0.0,0.0012441401688993562,-0.1627126307127998,-0.09865381439462895,1,normal
normal_1777882794,13,14,0.0,0.0,1.0,0.0,1.0,0.0,-0.09706691834559801,-0.18879262215200657,-0.09716333885456549,1,normal
normal_1777882794,14,15,0.0,0.0,1.0,0.0,1.0,0.25,-0.1130554779419709,-0.2697072430947922,-0.11737545841001559,1,normal
normal_1777882794,15,16,0.0,0.0,1.0,0.0,1.0,1.0,-0.09991738474597647,-0.39503223260977977,-0.11388031787049684,1,normal
normal_1777882794,16,17,0.0,0.0,1.0,0.0,1.0,0.05,-0.05484508355708091,-0.0691464313467876,-0.06463106871019748,1,normal
normal_1777882794,17,18,0.0,0.0,1.0,0.0,1.0,0.0,-0.026056237187126463,0.07754238495219987,-0.060015210932709416,1,normal
normal_1777882794,18,19,0.0,0.0,1.0,0.0,1.0,0.0,-0.048118571587929315,0.0371681503996884,-0.06479146109601303,1,normal
normal_1777882878,0,1,0.0,0.0,1.0,0.0,1.0,0.0,0.012094635535706917,-0.10402541596917789,-0.12798434243105297,1,normal
normal_1777882878,1,2,0.0,0.0,1.0,0.0,1.0,0.0,-0.031825134297954756,-0.16523630847112059,-0.07778809691531244,1,normal
normal_1777882878,2,3,0.0,0.0,1.0,0.0,1.0,0.0,-0.038646424216169505,0.0698391099958975,-0.21753616369653828,1,normal
normal_1777882878,3,4,0.0,0.0,1.0,0.0,1.0,0.0,-0.028440312279087047,0.19951882998976117,-0.30544979778802767,1,normal
normal_1777882878,4,5,0.0,0.0,1.0,0.0,1.0,0.0,-0.06420049809882852,-0.21977510484189197,-0.09433632426617401,1,normal
normal_1777882878,5,6,0.0,0.0,1.0,0.0,1.0,0.0,-0.06845058161067162,-0.2989789107367489,0.024455641959665035,1,normal
normal_1777882878,6,7,0.0,0.0,1.0,0.0,0.7,0.0,-0.17129923336972477,-0.22758640213569245,-0.045671266924097446,0,normal
normal_1777882878,7,8,0.0,0.0,1.0,0.0,1.0,0.0,-0.139413978047621,-0.1565909154739345,-0.11136392394200903,1,normal
normal_1777882878,8,9,0.0,0.0,1.0,0.0,1.0,0.0,-0.08172590320072651,-0.20988112284026275,-0.24151755699115368,1,normal
normal_1777882878,9,10,0.1,0.5638105273246765,1.0,0.0,1.0,0.0,0.004729501203492031,-0.1382171942844676,-0.39774648515893873,1,normal
normal_1777882878,10,11,0.0,0.0,1.0,0.0,1.0,0.0,0.043653570509838216,0.06559693702577724,-0.48388504498971774,1,normal
normal_1777882878,11,12,0.0,0.0,1.0,0.0,1.0,0.0,0.10780090059830023,0.23121486500762178,-0.4956553812516285,1,normal
normal_1777882878,12,13,0.0,0.0,1.0,0.0,0.5,0.0,-0.09756242545938301,0.27804790042662714,-0.2891073418966124,0,normal
normal_1777882878,13,14,0.1,0.6532130837440491,1.0,0.0,0.45,0.0,-0.17948904273714408,0.14188581648657705,-0.1992779761890388,0,normal
normal_1777882878,14,15,0.0,0.0,1.0,0.0,1.0,0.0,-0.19532450136918195,0.04952026215657709,-0.16431087364820385,1,normal
normal_1777882878,15,16,0.0,0.0,1.0,0.0,0.8,0.0,-0.1698932997637949,0.018938856469480438,-0.14720543818033596,1,normal
normal_1777882878,16,17,0.0,0.0,1.0,0.0,0.7,0.0,-0.1900082700375313,0.014522726754403489,-0.16237997293474965,0,normal
normal_1777882878,17,18,0.05,0.5104522705078125,1.0,0.0,0.75,0.0,-0.16955051593104636,0.021958057549743414,-0.18836700210328647,0,normal
normal_1777882878,18,19,0.0,0.0,1.0,0.0,1.0,0.0,0.019446520147453527,-0.00545996318305059,-0.3426773564346043,1,normal
normal_1777882878,19,20,0.05,0.7076858878135681,1.0,0.0,1.0,0.0,0.10497516283802452,-0.12245051999919339,-0.40345507123018753,1,normal
normal_1777882878,20,21,0.0,0.0,1.0,0.0,1.0,0.0,0.09055060215835531,-0.1224427365448884,-0.4275853947147506,1,normal
normal_1777882878,21,22,0.0,0.0,1.0,0.0,1.0,0.0,0.046371135335970856,-0.11817065091271614,-0.43702509621291,1,normal
normal_1777882981,0,1,0.0,0.0,1.0,0.0,1.0,0.0,-0.029832590557579926,-0.2520480865026743,-0.061501504492219985,1,normal
normal_1777882981,1,2,0.0,0.0,1.0,0.0,1.0,0.0,-0.07383883534973112,-0.2733382412934326,-0.06893871453802854,1,normal
normal_1777882981,2,3,0.0,0.0,1.0,0.0,1.0,0.65,-0.06336527095998357,-0.3476093324275104,-0.04048333845681016,1,normal
normal_1777882981,3,4,0.0,0.0,1.0,0.0,1.0,0.9,-0.06376509731609911,-0.36300632140957,-0.04292196308472162,1,normal
normal_1777882981,4,5,0.0,0.0,1.0,0.0,1.0,0.45,-0.07658925634660281,-0.34709801964452414,-0.048755622511671926,1,normal
normal_1777882981,5,6,0.0,0.0,1.0,0.0,1.0,0.0,-0.09986940429743911,-0.20457413559467677,-0.026726110242879585,1,normal
normal_1777882981,6,7,0.0,0.0,1.0,0.0,1.0,0.0,-0.10199019359529723,-0.20022040606399755,-0.03363133349317839,1,normal
normal_1777882981,7,8,0.0,0.0,1.0,0.0,1.0,0.0,-0.1122812047139506,-0.22410839544446864,-0.03447386922925066,1,normal
normal_1777882981,8,9,0.0,0.0,1.0,0.0,1.0,0.0,-0.10048481087615033,-0.22773723529864073,-0.027356770853910816,1,normal
normal_1777882981,9,10,0.0,0.0,1.0,0.0,1.0,0.0,-0.055888066173137775,-0.18136351340171217,-0.025674284997661355,1,normal
normal_1777882981,10,11,0.0,0.0,1.0,0.0,1.0,0.0,-0.027756864265494053,-0.15087768881219182,-0.042914064992156165,1,normal
normal_1777882981,11,12,0.0,0.0,1.0,0.0,1.0,0.0,-0.02050342808212845,-0.15922677617769926,-0.03907694669744664,1,normal
normal_1777882981,12,13,0.0,0.0,1.0,0.0,1.0,0.0,-0.04097233030842083,-0.19815017120088935,-0.017006997569282912,1,normal
normal_1777882981,13,14,0.0,0.0,1.0,0.0,1.0,0.0,-0.042644389075905016,-0.19676575132222052,-0.025944379196420585,1,normal
normal_1777882981,14,15,0.0,0.0,1.0,0.0,1.0,0.0,-0.06380413014197542,-0.2628514013403377,-0.03742627428928587,1,normal
normal_1777882981,15,16,0.0,0.0,1.0,0.0,1.0,0.0,-0.042236596424641074,-0.22262791588218475,-0.03785898586586052,1,normal
normal_1777882981,16,17,0.0,0.0,1.0,0.0,1.0,0.0,-0.08149195676522962,-0.26123828534062693,-0.04256362122126798,1,normal
normal_1777882981,17,18,0.0,0.0,1.0,0.0,1.0,0.0,-0.06115739807539775,-0.2572354802342528,-0.03372818243518437,1,normal
normal_1777882981,18,19,0.0,0.0,1.0,0.0,1.0,0.0,0.09121189520888326,-0.1522834110440397,-0.004061983953328631,1,normal
normal_1777882981,19,20,0.0,0.0,1.0,0.0,1.0,0.0,0.1545678124248712,-0.14438109795048618,0.004523217137927598,1,normal
normal_1777882981,20,21,0.0,0.0,1.0,0.0,1.0,0.0,0.08589612930440654,-0.18461940203378396,-0.013004139085047522,1,normal
normal_1777882981,21,22,0.0,0.0,1.0,0.0,1.0,0.0,0.01698042601160312,-0.20287814993006775,-0.038394379517816976,1,normal
normal_1777882981,22,23,0.0,0.0,1.0,0.0,1.0,0.0,0.054952360449769866,-0.19976916406425488,-0.02190015578931824,1,normal
normal_1777882981,23,24,0.0,0.0,1.0,0.0,1.0,0.0,0.040228444362014004,-0.2239765610887953,-0.002867690868371002,1,normal
normal_1777882981,24,25,0.0,0.0,1.0,0.0,1.0,0.0,0.005544055298539982,-0.22724140929359712,-0.004387401031232073,1,normal
normal_1777882981,25,26,0.0,0.0,1.0,0.0,1.0,0.0,-0.1100479549010015,-0.23263050278263514,-0.01054155063154132,1,normal
normal_1777882981,26,27,0.0,0.0,1.0,0.0,1.0,0.0,-0.16515565088466802,-0.21073831303840476,-0.022157779799753193,1,normal
normal_1777882981,27,28,0.0,0.0,1.0,0.0,1.0,0.0,-0.165722660880039,-0.22335054247186492,-0.03289003372013768,1,normal
normal_1777882981,28,29,0.0,0.0,1.0,0.0,1.0,0.0,-0.1583140418038182,-0.2132735552809991,-0.03670850546174018,1,normal
normal_1777882981,29,30,0.0,0.0,1.0,0.0,1.0,0.0,-0.1509252327010714,-0.22165297247923843,-0.02545375961156588,1,normal
normal_1777882981,30,31,0.0,0.0,1.0,0.0,1.0,0.1,-0.14491190186196762,-0.2896026204793039,-0.01376123049102726,1,normal
normal_1777882981,31,32,0.0,0.0,1.0,0.0,1.0,0.0,-0.11932669121296313,-0.3074744122141612,-0.008058447226466658,1,normal
normal_1777882981,32,33,0.0,0.0,1.0,0.0,1.0,0.0,-0.10002544834924185,-0.1238983976646941,-0.0437784256872238,1,normal
normal_1777882981,33,34,0.0,0.0,1.0,0.0,1.0,0.0,-0.0230663131150204,-0.08521622116116956,-0.05238286142392774,1,normal
normal_1777882981,34,35,0.0,0.0,1.0,0.0,1.0,0.0,-0.0003705711910040554,-0.12081453310432846,-0.0514862851063855,1,normal
normal_1777882981,35,36,0.0,0.0,1.0,0.0,1.0,0.0,-0.08305141416569631,-0.17807156317235545,-0.04897808105296536,1,normal
normal_1777882981,36,37,0.0,0.0,1.0,0.0,1.0,0.0,-0.09593709910271722,-0.206369345317094,-0.041219772498003196,1,normal
normal_1777882981,37,38,0.0,0.0,1.0,0.0,1.0,0.0,-0.10131582550455262,-0.20776998502659944,-0.04098298795045782,1,normal
normal_1777882981,38,39,0.0,0.0,1.0,0.0,1.0,0.0,-0.10792302661985957,-0.20685083430705328,-0.046547735680631086,1,normal
normal_1777882981,39,40,0.0,0.0,1.0,0.0,1.0,0.0,-0.0925215548780999,-0.19578979714007572,-0.04509320720215882,1,normal
normal_1777882981,40,41,0.0,0.0,1.0,0.0,1.0,0.0,-0.14300300730154664,-0.2682793839729333,-0.04341048136396215,1,normal
normal_1777882981,41,42,0.0,0.0,1.0,0.0,1.0,0.0,-0.10703562310493234,-0.22604603882559418,-0.040401250767422556,1,normal
normal_1777883014,0,1,0.0,0.0,1.0,0.0,0.35,1.0,0.04963610271258608,-0.5497755757820706,0.35780698714573483,1,normal
normal_1777883014,1,2,0.0,0.0,1.0,0.0,0.0,1.0,0.08191159106389652,-0.5747920702374586,0.5045547645145729,1,normal
normal_1777883014,2,3,0.0,0.0,1.0,0.0,0.2,0.9,0.10425335056568534,-0.6077386767786846,0.2291699078100864,1,normal
normal_1777883014,3,4,0.0,0.0,1.0,0.0,0.25,1.0,0.1323566752192684,-0.705463120642327,0.35069425113218794,1,normal
normal_1777883014,4,5,0.0,0.0,1.0,0.0,0.2,1.0,0.12359096961625456,-0.5598366571389353,0.5382129155903771,1,normal
normal_1777883014,5,6,0.0,0.0,1.0,0.0,1.0,0.2,0.05409549980406292,-0.317190220245127,0.4366409641303174,1,normal
normal_1777883014,6,7,0.0,0.0,1.0,0.0,1.0,0.0,-0.0387766170210188,-0.06158029458992607,-0.04137444146618308,1,normal
normal_1777883014,7,8,0.0,0.0,1.05,0.05,0.5,0.0,-0.1515149463681308,0.06273676916571243,-0.05852555665943675,0,normal
normal_1777883014,8,9,0.0,0.0,1.0,0.0,0.0,0.3,-0.32972491997643516,-0.022211224601269206,0.017468516357297487,0,normal
normal_1777883014,9,10,0.0,0.0,1.0,0.0,0.0,0.0,-0.31223362353089384,-0.04388996861170941,0.0031142449219765467,0,normal
normal_1777883014,10,11,0.0,0.0,1.0,0.0,0.8,0.0,-0.0561318917817795,-0.009887933116090698,-0.002104175515515794,1,normal
normal_1777883014,11,12,0.0,0.0,1.0,0.0,1.0,0.0,0.1158963842512458,-0.133273211326089,0.07860430144884409,1,normal
normal_1777883014,12,13,0.0,0.0,1.0,0.0,1.0,0.0,0.1931981435231113,-0.13397931513884867,0.0729901014913941,1,normal
normal_1777883014,13,14,0.0,0.0,1.0,0.0,1.0,0.0,0.16240191403181226,-0.07170943322418341,-0.021332554876432576,1,normal
normal_1777883014,14,15,0.0,0.0,1.0,0.0,1.0,0.0,0.07778112223916851,0.05175326097620966,0.02421348507753273,1,normal
normal_1777883014,15,16,0.0,0.0,1.0,0.0,1.0,0.0,0.04986954886955429,0.17375514519886143,0.08661729247728968,1,normal
normal_1777883014,16,17,0.0,0.0,1.0,0.0,1.0,0.0,0.07194896368981316,0.10699805249098633,0.0837170253081423,1,normal
normal_1777883014,17,18,0.0,0.0,1.0,0.0,1.0,0.0,0.10661823432595616,-0.0514249827457835,0.05939142669331553,1,normal
normal_1777883014,18,19,0.0,0.0,1.0,0.0,0.4375,0.4375,-0.1458515375852672,-0.32680354026310665,-0.016088960515517267,0,normal
normal_1777883073,0,1,0.0,0.0,1.0,0.0,1.0,0.0,-0.028487122168644973,-0.15185265692856592,-0.23155479605846416,1,normal
normal_1777883073,1,2,0.0,0.0,1.0,0.0,1.0,0.0,-0.042475304436030904,-0.11951774312078642,-0.24618580151134445,1,normal
normal_1777883073,2,3,0.0,0.0,1.0,0.0,1.0,0.0,-0.041202734652965346,-0.15208785693247323,-0.2646710141497869,1,normal
normal_1777883073,3,4,0.0,0.0,1.0,0.0,1.0,0.0,-0.007409925618862204,-0.08577468453699669,-0.3096953511563165,1,normal
normal_1777883073,4,5,0.0,0.0,1.0,0.0,1.0,0.0,0.030669975758055617,-0.14554259768039596,-0.23816243824024647,1,normal
normal_1777883073,5,6,0.0,0.0,1.0,0.0,1.0,0.0,0.13874752733421666,-0.1751830433324938,-0.0796262763048777,1,normal
normal_1777883073,6,7,0.0,0.0,1.0,0.0,1.0,0.05,0.24778278378000781,-0.16323018003959083,-0.04262284411406993,1,normal
normal_1777883073,7,8,0.0,0.0,1.0,0.0,1.0,0.0,-0.043899326023068314,-0.2517225114726639,-0.029791920275910877,1,normal
normal_1777883073,8,9,0.0,0.0,1.0,0.0,1.0,0.25,-0.03018534126134762,0.2627743023911857,-0.14057292180073944,1,normal
normal_1777883073,9,10,0.0,0.0,1.0,0.0,1.0,0.0,-0.004953306598576838,0.022231844515607953,-0.06282371874243428,1,normal
normal_1777883073,10,11,0.0,0.0,1.0,0.0,0.9,0.15,-0.08213942482419755,-0.31535167592889524,0.10961393446181722,1,normal
normal_1777883073,11,12,0.0,0.0,1.0,0.0,0.1,0.05,-0.208023471135471,-0.25436540553417913,0.04735316761360022,0,normal
normal_1777883073,12,13,0.0,0.0,1.0,0.0,0.0,0.0,-0.2523869074571783,-0.15694273494771976,-0.07034042698735035,0,normal
normal_1777883073,13,14,0.0,0.0,1.0,0.0,0.0,0.0,-0.2125799935003076,-0.14304726194495998,-0.15695567512028374,0,normal
normal_1777883073,14,15,0.0,0.0,1.0,0.0,0.0,0.0,-0.260137575111043,-0.08958283787101012,-0.29084487023408057,0,normal
normal_1777883073,15,16,0.0,0.0,1.0,0.0,0.0,0.0,-0.2427042955734154,-0.07875113192001275,-0.2816036895429626,0,normal
normal_1777883073,16,17,0.0,0.0,1.0,0.0,0.0,0.0,-0.25160906756035983,-0.09874722151235206,-0.21276848408411814,0,normal
normal_1777883073,17,18,0.0,0.0,1.0,0.0,0.0,0.0,-0.30744498785076957,-0.08186077585150332,-0.17635962700268368,0,normal
normal_1777883073,18,19,0.0,0.0,1.0,0.0,0.0,0.0,-0.2948254767535157,-0.06943310648170989,-0.1890208606667609,0,normal
normal_1777883073,19,20,0.0,0.0,1.0,0.0,0.0,0.0,-0.3005124538004873,-0.0947439952024711,-0.19122154842269237,0,normal
normal_1777883073,20,21,0.0,0.0,1.0,0.0,0.0,0.0,-0.27612769409405147,-0.08237941674053052,-0.18247053402759267,0,normal
normal_1777883073,21,22,0.0,0.0,1.0,0.0,0.0,0.0,-0.27988170343366575,-0.07201171100590394,-0.19335947024496392,0,normal
normal_1777883073,22,23,0.0,0.0,1.0,0.0,0.0,0.0,-0.2900080684861582,-0.06420143639145871,-0.20067778480802884,0,normal
normal_1777883073,23,24,0.0,0.0,1.0,0.0,0.25,0.0,-0.2276231194151686,0.029823773348773626,-0.2550417914041488,0,normal
normal_1777883073,24,25,0.0,0.0,1.0,0.0,0.2,0.0,-0.15653929803576674,0.21907178013362075,-0.3711595237119032,0,normal
normal_1777883073,25,26,0.0,0.0,1.0,0.0,1.0,0.0,-0.015351444665198213,0.12972365510535402,-0.3059031324826284,1,normal
normal_1777883073,26,27,0.0,0.0,1.0,0.0,1.0,0.0,0.03147933671131426,-0.032481234933945766,-0.21142303664359607,1,normal
normal_1777883073,27,28,0.0,0.0,1.0,0.0,1.0,0.0,0.014771310454619917,-0.13514618261218914,-0.08418585811944093,1,normal
normal_1777883073,28,29,0.0,0.0,1.0,0.0,1.0,0.0,-0.0488334545337552,0.05644087099127106,-0.18787732653351874,1,normal
normal_1777883073,29,30,0.0,0.0,1.0,0.0,1.0,0.0,-0.020674369414685947,0.2817971814138075,-0.3167371926636094,1,normal
normal_1777883073,30,31,0.0,0.0,1.0,0.0,1.0,0.0,0.01833421385196546,-0.04286854913201152,-0.08953591043631155,1,normal
normal_1777883073,31,32,0.0,0.0,1.0,0.0,1.0,0.0,0.010066968944479605,-0.06955407221652478,-0.05382284798817757,1,normal
normal_1777883073,32,33,0.0,0.0,1.0,0.0,1.0,0.0,0.017803987967110375,-0.02934528321228676,-0.11543325205225483,1,normal
normal_1777883073,33,34,0.0,0.0,1.0,0.0,1.0,0.0,0.01887984349031666,-0.01012034811914065,-0.12744519551971514,1,normal
normal_1777883073,34,35,0.0,0.0,1.0,0.0,1.0,0.0,0.037137963215702695,0.01586909052490866,-0.08384433783389862,1,normal
normal_1777883101,0,1,0.0,0.0,1.0,0.0,1.0,0.0,-0.03065667933776649,-0.10560538117881017,-0.1072711597784386,1,normal
normal_1777883101,1,2,0.0,0.0,1.0,0.0,1.0,0.0,-0.058644699577180305,-0.13540778828062766,-0.1053740609713902,1,normal
normal_1777883101,2,3,0.0,0.0,1.0,0.0,1.0,0.0,-0.10044499794610569,-0.1472328988743985,-0.07829055634429091,1,normal
normal_1777883101,3,4,0.0,0.0,1.0,0.0,1.0,0.0,-0.06344962319975975,-0.23567619144952837,0.011040006171020076,1,normal
normal_1777883101,4,5,0.0,0.0,1.0,0.0,1.0,0.0,-0.027235371513718288,0.0024975853052486936,-0.12254339281444007,1,normal
normal_1777883101,5,6,0.0,0.0,1.0,0.0,1.0,0.0,-0.0199137012759854,-0.02147082583802973,-0.11681982310858416,1,normal
normal_1777883101,6,7,0.0,0.0,1.0,0.0,1.0,0.0,-0.043927881569236785,-0.10242671363207052,-0.09986321750041878,1,normal
normal_1777883101,7,8,0.0,0.0,1.0,0.0,1.0,0.0,-0.0012256448776463862,-0.05261655183989232,-0.12528878138184768,1,normal
normal_1777883101,8,9,0.0,0.0,1.0,0.0,1.0,0.0,-0.009954328587243703,-0.006220723556534673,-0.13804970870296465,1,normal
normal_1777883101,9,10,0.0,0.0,1.0,0.0,1.0,0.0,-0.009765677828745852,0.02913858062973046,-0.16182096127189843,1,normal
normal_1777883101,10,11,0.0,0.0,1.0,0.0,1.0,0.0,-0.04556451850276454,0.055172765087739384,-0.18377218063884293,1,normal
normal_1777883101,11,12,0.0,0.0,1.0,0.0,1.0,0.0,-0.044335934765606294,0.07360252067157722,-0.19511882653117152,1,normal
normal_1777883101,12,13,0.0,0.0,1.0,0.0,1.0,0.0,-0.013313838184538278,0.22170333061637856,-0.26247566659215826,1,normal
normal_1777883101,13,14,0.0,0.0,1.0,0.0,1.0,0.0,0.02340872074367823,0.23731836379571086,-0.3139211671380359,1,normal
normal_1777883101,14,15,0.0,0.0,1.0,0.0,1.0,0.0,0.04460820978664682,0.13512368052281082,-0.1873113662617308,1,normal
normal_1777883101,15,16,0.0,0.0,1.0,0.0,1.0,0.0,0.07109966848251119,0.06640865143138017,-0.12341352008125146,1,normal
normal_1777883116,0,1,0.0,0.0,1.0,0.0,1.0,0.0,0.03150765960277742,-0.0757020937268428,-0.05880658105569778,1,normal
normal_1777883116,1,2,0.0,0.0,1.0,0.0,0.85,0.0,-0.12474653180704723,-0.2633508840221579,-0.023121692881610097,1,normal
normal_1777883116,2,3,0.0,0.0,1.0,0.0,0.15,0.0,-0.18071004595733278,-0.19786914623826865,0.1392941441115097,0,normal
normal_1777883116,3,4,0.0,0.0,1.0,0.0,0.0,0.0,-0.16278157782728003,-0.24095347567021488,0.28448825631150526,0,normal
normal_1777883116,4,5,0.0,0.0,1.0,0.0,0.0,0.0,-0.16701925475772378,-0.26254806816273607,0.2840397877251316,0,normal
normal_1777883116,5,6,0.0,0.0,1.0,0.0,0.0,0.0,-0.15658252312549747,-0.24531407099767147,0.2520094062699118,0,normal
normal_1777883116,6,7,0.0,0.0,1.0,0.0,0.0,0.0,-0.17437199472860773,-0.18268680624952333,0.05951484886164012,0,normal
normal_1777883116,7,8,0.0,0.0,1.0,0.0,0.0,0.0,-0.19164477616384065,-0.16004929382213864,0.19107599384147458,0,normal
normal_1777883116,8,9,0.0,0.0,1.0,0.0,0.4,0.0,-0.17530387394555041,-0.016538996295039222,-0.029877120499086474,0,normal
normal_1777883116,9,10,0.0,0.0,1.0,0.0,0.0,0.0,-0.15994925156908582,0.2388503983846725,-0.2647347377421635,0,normal
normal_1777883116,10,11,0.0,0.0,1.0,0.0,0.15,0.0,-0.1467035922051291,0.2936350858625364,-0.2635343203273579,0,normal
normal_1777883116,11,12,0.0,0.0,1.0,0.0,0.0,0.0,-0.16200931216008957,0.2745482449505244,-0.2462593829457807,0,normal
normal_1777883116,12,13,0.0,0.0,1.0,0.0,0.5,0.0,-0.1443399432358062,0.24704605022166257,-0.24693362776416664,0,normal
normal_1777883116,13,14,0.0,0.0,1.0,0.0,1.0,0.0,-0.10924906306318258,0.2553749741897424,-0.2457442597576982,1,normal
normal_1777883116,14,15,0.0,0.0,1.0,0.0,0.9,0.0,-0.1101356209428291,0.2733550259906445,-0.24177557334002536,1,normal
normal_1777883116,15,16,0.0,0.0,1.0,0.0,0.75,0.0,-0.07588270291905955,0.14309493162882994,-0.14204220082952107,0,normal
normal_1777883116,16,17,0.0,0.0,1.0,0.0,1.0,0.0,-0.011664436294315537,-0.04126975804424637,0.008135408497138473,1,normal
normal_1777883131,0,1,0.0,0.0,1.0,0.0,1.0,0.0,-0.10983930411604186,-0.27689271833139784,-0.2502131824024961,1,normal
normal_1777883131,1,2,0.0,0.0,1.0,0.0,1.0,0.0,-0.06700850260138368,-0.28674011893884754,-0.23275409949831433,1,normal
normal_1777883131,2,3,0.0,0.0,1.0,0.0,1.0,0.0,-0.059244053055166467,-0.23900802450877454,-0.2245678105832034,1,normal
normal_1777883131,3,4,0.0,0.0,1.0,0.0,1.0,0.0,-0.046009081630145235,-0.10220666936844965,-0.26318110648874715,1,normal
normal_1777883131,4,5,0.0,0.0,1.0,0.0,1.0,0.0,-0.04795141864266881,-0.11097286703854672,-0.27983561035445903,1,normal
normal_1777883131,5,6,0.0,0.0,1.0,0.0,1.0,0.0,-0.027818591201877026,-0.12430438147864468,-0.277608821564792,1,normal
normal_1777883131,6,7,0.0,0.0,1.0,0.0,1.0,0.0,-0.017454603014761916,-0.11417746977938045,-0.28714788604185076,1,normal
normal_1777883131,7,8,0.0,0.0,1.0,0.0,1.0,0.0,-0.03182762114554335,-0.0902438318226792,-0.30187018608898974,1,normal
normal_1777883131,8,9,0.0,0.0,1.0,0.0,1.0,0.0,0.0016567939824049238,-0.07000676961140616,-0.3220534121758839,1,normal
normal_1777883131,9,10,0.0,0.0,1.0,0.0,1.0,0.0,0.010953424764041514,-0.07394793606930851,-0.3448431119635421,1,normal
normal_1777883131,10,11,0.0,0.0,1.0,0.0,1.0,0.0,-0.0022862920269369072,-0.014056973931139246,-0.37157011001011536,1,normal
normal_1777883131,11,12,0.0,0.0,1.0,0.0,1.0,0.0,-0.02760578933820864,0.0331244032997043,-0.3844811750397545,1,normal
normal_1777883131,12,13,0.0,0.0,1.0,0.0,1.0,0.0,0.004645054216497049,0.024859541813723775,-0.40422698476370644,1,normal
normal_1777883131,13,14,0.0,0.0,1.0,0.0,1.0,0.0,-0.0190054963164644,0.07591475932553741,-0.41769403276494116,1,normal
normal_1777883142,0,1,0.0,0.0,1.0,0.0,1.0,0.0,0.008219635210827324,-0.07877873733281729,-0.3224769159884665,1,normal
normal_1777883142,1,2,0.0,0.0,1.0,0.0,1.0,0.0,0.10242066199436413,-0.25166730445227836,-0.13252341861119193,1,normal
normal_1777883142,2,3,0.0,0.0,1.0,0.0,1.0,0.4,0.2182381088793476,-0.33722340592300926,-0.0050914551892197605,1,normal
normal_1777883142,3,4,0.0,0.0,1.0,0.0,1.0,1.0,0.1088873730667899,-0.4573321504369444,0.046326230974162004,1,normal
normal_1777883142,4,5,0.0,0.0,1.0,0.0,1.0,1.0,0.029133837495184924,-0.5689480854191513,0.145999399625832,1,normal
normal_1777883142,5,6,0.0,0.0,1.0,0.0,1.0,1.0,0.05910241523084664,-0.5758577942391175,0.17781312457849247,1,normal
normal_1777883142,6,7,0.0,0.0,1.0,0.0,1.0,1.0,0.08953806766287999,-0.5773226058298058,0.15119508581625124,1,normal
normal_1777883142,7,8,0.0,0.0,1.0,0.0,1.0,1.0,0.07554847836270481,-0.5645674910595451,0.23614442344832282,1,normal
normal_1777883142,8,9,0.0,0.0,1.0,0.0,1.0,1.0,0.05321966389071914,-0.43933267756224864,0.26753708245031127,1,normal
normal_1777883142,9,10,0.0,0.0,1.0,0.0,1.0,1.0,0.08228660187218156,-0.4123376537974276,0.3061187834188711,1,normal
normal_1777883142,10,11,0.0,0.0,1.0,0.0,0.65,1.0,0.06278294779331099,-0.49423942612053395,0.37762558729421275,1,normal
normal_1777883142,11,12,0.0,0.0,1.0,0.0,0.9,1.0,0.07549171931380111,-0.531442125866189,0.3658939627124469,1,normal
normal_1777883142,12,13,0.0,0.0,1.0,0.0,0.8,1.0,0.09006454869308635,-0.5600606389621106,0.36542357755006094,1,normal
normal_1777883156,0,1,0.0,0.0,1.0,0.0,1.0,0.0,-0.023533384636620587,-0.20885861119581778,-0.35251073810309996,1,normal
normal_1777883156,1,2,0.0,0.0,1.0,0.0,1.0,0.35,-0.1527124996396782,-0.3171940884784334,-0.2781270704557351,1,normal
normal_1777883156,2,3,0.0,0.0,1.0,0.0,0.95,1.0,-0.1746050135939311,-0.3948891955920013,-0.24096360707733067,1,normal
normal_1777883156,3,4,0.0,0.0,1.0,0.0,1.0,1.0,-0.16064545352604015,-0.41060127015455566,-0.20038205161442285,1,normal
normal_1777883156,4,5,0.0,0.0,1.0,0.0,0.9,0.75,-0.20075927113092673,-0.3694633397599821,-0.20337603175863173,1,normal
normal_1777883156,5,6,0.0,0.0,1.0,0.0,1.0,0.0,-0.2204859518407066,-0.32310756931918544,-0.21240512544561688,1,normal
normal_1777883156,6,7,0.0,0.0,1.0,0.0,1.0,0.0,-0.20948093562680845,-0.3120680070580798,-0.20819734295225012,1,normal
normal_1777883156,7,8,0.0,0.0,1.0,0.0,1.0,0.6,-0.18606327312852217,-0.3414637697977185,-0.19457192828913117,1,normal
normal_1777883156,8,9,0.0,0.0,1.0,0.0,0.15,1.0,-0.19229020672880381,-0.47637938722317685,-0.0798063323231806,1,normal
normal_1777883156,9,10,0.0,0.0,1.0,0.0,0.9,1.0,-0.057745477519293945,-0.5240674406651648,0.08969512660468296,1,normal
normal_1777883156,10,11,0.0,0.0,1.0,0.0,1.0,1.0,0.13907606638882783,-0.5914042921857868,0.34937830839357603,1,normal
normal_1777883156,11,12,0.0,0.0,1.0,0.0,1.0,1.0,0.12198421133062562,-0.5369605638846516,0.38211984625860823,1,normal
normal_1777883156,12,13,0.0,0.0,1.0,0.0,1.0,1.0,0.17899552093819016,-0.4759371990154101,0.39859702319849755,1,normal
normal_1777883156,13,14,0.0,0.0,1.0,0.0,1.0,1.0,0.11695576364292111,-0.5500423402274028,0.09864720566203813,1,normal
normal_1777883156,14,15,0.0,0.0,1.0,0.0,1.0,1.0,-0.14715941003745608,-0.49520035599470225,-0.3177501194747675,1,normal
normal_1777883156,15,16,0.0,0.0,1.0,0.0,1.0,1.0,-0.1949083806639559,-0.47748725992008,-0.3579842413231461,1,normal
normal_1777883156,16,17,0.0,0.0,1.0,0.0,1.0,1.0,-0.1874671392511528,-0.4486397311303493,-0.3423785829864578,1,normal
normal_1777883156,17,18,0.0,0.0,1.0,0.0,1.0,1.0,-0.20700708144920005,-0.4399592158381579,-0.36487211524424645,1,normal
normal_1777883156,18,19,0.0,0.0,1.0,0.0,1.0,1.0,-0.1897950703396462,-0.4284958479977174,-0.36844561767364187,1,normal
normal_1777883156,19,20,0.0,0.0,1.0,0.0,1.0,1.0,-0.147564047044457,-0.41111328056459956,-0.3803311395386333,1,normal
normal_1777883156,20,21,0.0,0.0,1.0,0.0,1.0,1.0,-0.15805252124676,-0.4087383763376787,-0.39117114068990744,1,normal
normal_1777883156,21,22,0.05,0.5485420823097229,1.0,0.0,1.0,1.0,-0.18406635451229564,-0.40442560546538964,-0.3979999964917408,1,normal
normal_1777883156,22,23,0.0,0.0,1.0,0.0,1.0,1.0,-0.19754157521257082,-0.4088969674423316,-0.3901589023519859,1,normal
normal_1777883156,23,24,0.0,0.0,1.0,0.0,1.0,1.0,-0.19151940164724884,-0.4351203843975416,-0.3606272281604332,1,normal
normal_1777883156,24,25,0.0,0.0,1.0,0.0,1.0,1.0,-0.17373640054977263,-0.4352478622186827,-0.3657857988021297,1,normal
normal_1777883156,25,26,0.0,0.0,1.0,0.0,1.0,1.0,-0.14918979950045103,-0.4026165425878417,-0.377087277080714,1,normal
normal_1777883156,26,27,0.0,0.0,1.0,0.0,1.0,1.0,-0.14655184052818754,-0.41235479704980593,-0.36992872528816484,1,normal
normal_1777883156,27,28,0.0,0.0,1.0,0.0,1.0,1.0,-0.14716079480800454,-0.41081021945269136,-0.3693511006077116,1,normal
normal_1777883156,28,29,0.0,0.0,1.0,0.0,1.0,1.0,-0.13161628751064744,-0.4068373359562759,-0.371758562070311,1,normal
phone_1777891893,0,1,0.25,0.7095735669136047,1.0,0.0,1.0,0.0,-0.16638645030828308,-0.2784038203618797,-0.10223883521025767,1,phone
phone_1777891893,1,2,1.0,0.875670850276947,1.0,0.0,1.0,0.0,-0.1382267808755854,-0.2967992797972347,-0.06384594829630838,1,phone
phone_1777891893,2,3,1.0,0.8448877334594727,1.0,0.0,1.0,0.0,-0.1102191487029911,-0.2897731591674938,-0.05101789441314377,1,phone
phone_1777891893,3,4,0.95,0.8592019081115723,1.0,0.0,1.0,0.0,-0.0989898721960004,-0.1868105146053046,-0.07033544993337155,1,phone
phone_1777891893,4,5,0.6,0.8699172735214233,1.0,0.0,0.85,0.0,-0.16176372471261893,-0.08587142774453008,-0.03876485880068449,1,phone
phone_1777891893,5,6,0.85,0.7715324759483337,1.0,0.0,0.6,0.0,-0.1560112358353684,-0.05437892141671537,-0.0425833474733804,1,phone
phone_1777891893,6,7,0.5,0.7073867321014404,1.0,0.0,0.95,0.0,-0.12412998133161553,-0.013150786306537428,-0.061995418471183894,1,phone
phone_1777891893,7,8,0.25,0.7309425473213196,1.0,0.0,0.9,0.0,-0.15610445527863456,0.04175715645814625,-0.08475476870817142,1,phone
phone_1777891893,8,9,1.0,0.9019638299942017,1.0,0.0,0.7,0.0,-0.17957683353311393,0.09225640749870206,-0.08121528848219872,1,phone
phone_1777891893,9,10,1.0,0.867932915687561,1.0,0.0,0.8,0.0,-0.1535477908933525,0.03602441196302238,-0.09757772776931048,1,phone
phone_1777891893,10,11,1.0,0.8561128377914429,1.0,0.0,0.9,0.0,-0.15185269438907534,0.027019049808600926,-0.08620305259657954,1,phone
phone_1777891893,11,12,1.0,0.8686381578445435,1.0,0.0,1.0,0.0,-0.13171170571060098,0.03910914149105295,-0.07810096550878906,1,phone
phone_1777891893,12,13,0.95,0.8627668619155884,1.0,0.0,0.9,0.0,-0.14251485926580204,0.047759743918319046,-0.07006970178383823,1,phone
phone_1777891893,13,14,0.95,0.847478985786438,1.0,0.0,0.75,0.0,-0.1794008204906386,0.03082531011156738,-0.06736975164885665,1,phone
phone_1777891893,14,15,1.0,0.8424602746963501,1.0,0.0,0.8,0.0,-0.15946664600752095,0.03379385279256667,-0.06758280908817962,1,phone
phone_1777891893,15,16,0.9,0.8454374670982361,1.0,0.0,0.5,0.0,-0.1697530130143491,0.012271434566567253,-0.06629092398620859,1,phone
phone_1777891893,16,17,0.25,0.7402542233467102,1.0,0.0,0.65,0.0,-0.19108363464100733,0.05211097931550068,-0.05399197812669173,0,phone
phone_1777891893,17,18,0.1,0.6881393194198608,1.0,0.0,0.55,0.0,-0.18008446668297146,0.028012082974978304,-0.072515759781684,0,phone
phone_1777891893,18,19,0.45,0.7222403883934021,1.0,0.0,0.75,0.0,-0.1715549799457185,0.04070698418519254,-0.06088681194657057,0,phone
phone_1777891893,19,20,0.05,0.6574029326438904,1.0,0.0,0.85,0.0,-0.18456655200268385,-0.014454201191450605,-0.036405814381177556,1,phone
phone_1777891893,20,21,0.1,0.5988351106643677,1.0,0.0,1.0,0.75,-0.10416807270852986,-0.37793682515270677,-0.03237889878562271,1,phone
phone_1777891893,21,22,0.05,0.5881131887435913,1.0,0.0,1.0,0.65,-0.1290465378619373,-0.3573129642607907,-0.041138376413285764,1,phone
phone_1777891893,22,23,0.05,0.5068222880363464,1.0,0.0,0.95,0.0,-0.13430818447172893,-0.1374825610553929,-0.04307379110723441,1,phone
phone_1777891893,23,24,0.2,0.6010714173316956,1.0,0.0,1.0,0.0,-0.16308595630459405,-0.12964527336688889,-0.08821682022204774,1,phone
phone_1777891914,0,1,0.0,0.0,1.0,0.0,1.0,0.0,-0.060815580140535785,-0.28012173298414395,0.1605844983090547,1,phone
phone_1777891914,1,2,0.0,0.0,1.0,0.0,1.0,0.15,-0.08308799368581493,-0.3036305349707278,0.14298187395161346,1,phone
phone_1777891914,2,3,0.0,0.0,1.0,0.0,0.9,0.1,-0.10504764005469311,-0.3230064974498223,0.11267346344819407,1,phone
phone_1777891914,3,4,0.1,0.594406247138977,1.0,0.0,0.85,0.05,-0.10999470877846647,-0.3115550931733523,0.14022817782937713,1,phone
phone_1777891914,4,5,0.05,0.5351164937019348,1.0,0.0,0.85,0.1,-0.12183901828798056,-0.31180264843543837,0.14395270097840468,1,phone
phone_1777891914,5,6,0.0,0.0,1.0,0.0,0.5,0.05,-0.14637602005551476,-0.3044610183887059,0.12367429527761427,0,phone
phone_1777891914,6,7,0.1,0.5840413570404053,1.0,0.0,0.4,0.0,-0.14964892707365526,-0.2840874757541349,0.136406732987232,0,phone
phone_1777891914,7,8,0.1,0.5791454315185547,1.0,0.0,0.75,0.0,-0.14863069599417605,-0.2652057057659125,0.125537480668999,0,phone
phone_1777891914,8,9,0.0,0.0,1.0,0.0,0.7,0.0,-0.15015529355078566,-0.2678501927992377,0.12201129746000314,0,phone
phone_1777891914,9,10,0.2,0.7133961319923401,1.0,0.0,1.0,0.0,-0.15053108236651286,-0.21080280787938044,0.055125970823381755,1,phone
phone_1777891914,10,11,0.15,0.6909051537513733,1.0,0.0,0.95,0.0,-0.11166004391713649,-0.13123166936324437,0.005595115681625183,1,phone
phone_1777891914,11,12,1.0,0.8898648023605347,1.0,0.0,0.95,0.0,-0.07573012239425547,-0.14008625937662716,0.06986994418600952,1,phone
phone_1777891914,12,13,0.8,0.8561669588088989,1.0,0.0,1.0,0.0,-0.12981894430591406,-0.13883063021390324,0.15744588640841792,1,phone
phone_1777891914,13,14,0.95,0.9139100909233093,1.0,0.0,1.0,0.0,-0.133603864338682,-0.11386414901138224,0.16015170520916075,1,phone
phone_1777891914,14,15,0.95,0.9192615151405334,1.0,0.0,1.0,0.0,-0.10347954452463862,-0.12674449001216292,0.1643606652383775,1,phone
phone_1777891914,15,16,1.0,0.8856096267700195,1.0,0.0,1.0,0.0,-0.12947511161332878,-0.12187751852022681,0.15607660677488513,1,phone
phone_1777891928,0,1,1.0,0.9412183165550232,1.0,0.0,1.0,0.0,-0.07748391400257354,-0.2880293078218045,0.03567137447075405,1,phone
phone_1777891928,1,2,1.0,0.9345172643661499,1.0,0.0,0.7,0.2,-0.1238213249598354,-0.2547883677254194,0.03195126606344899,1,phone
phone_1777891928,2,3,0.8,0.9267144203186035,1.0,0.0,0.85,0.2,-0.15724980185082243,-0.24398027583382725,0.09148349105426529,1,phone
phone_1777891928,3,4,1.0,0.9687591195106506,1.0,0.0,1.0,0.0,-0.023422293728170635,-0.28153108144346095,0.12520097958232435,1,phone
phone_1777891928,4,5,1.0,0.9608150124549866,1.25,0.25,1.0,0.05,-0.020853588874544755,-0.30613171804326866,0.12369941514841232,1,phone
phone_1777891928,5,6,1.0,0.957788348197937,1.15,0.15,1.0,0.1,-0.0014230727627497417,-0.32237041166178887,0.13875049927634836,1,phone
phone_1777891928,6,7,1.0,0.9577150344848633,1.1,0.1,1.0,0.4,-0.028943282057943904,-0.3384937376889323,0.14530209110675968,1,phone
phone_1777891928,7,8,1.0,0.9557203650474548,1.3,0.3,1.0,0.15,-0.041429740616772785,-0.30819622269137154,0.15967353435450282,1,phone
phone_1777891928,8,9,1.0,0.9516291618347168,1.0,0.0,1.0,0.05,-0.029905104174509867,-0.3036929664352181,0.1760064803232465,1,phone
phone_1777891928,9,10,1.0,0.9515882134437561,1.0,0.0,0.95,0.15,-0.05007864668768782,-0.2724617915920327,0.19045319201868732,1,phone
phone_1777891928,10,11,1.0,0.9595312476158142,1.0,0.0,1.0,0.2,-0.004211543011040318,-0.32047729750156095,0.20403820946564322,1,phone
phone_1777891928,11,12,1.0,0.9709068536758423,1.0,0.0,1.0,0.05,-0.03142599002623084,-0.30440789468959006,0.22860270516258346,1,phone
phone_1777891928,12,13,1.0,0.9751647710800171,1.0,0.0,1.0,0.05,0.008827973507949838,-0.3145738881806915,0.2133585335656179,1,phone
phone_1777891928,13,14,1.0,0.9640105962753296,1.0,0.0,1.0,0.0,-0.01701031060971609,-0.2751420821399394,0.2122492431525024,1,phone
phone_1777891928,14,15,1.0,0.9707886576652527,1.0,0.0,1.0,0.0,-0.0341342197554178,-0.2825520066463657,0.20801053041430503,1,phone
phone_1777891943,0,1,1.0,0.9364621639251709,1.0,0.0,1.0,0.0,-0.14027610278488775,-0.06363921033759797,0.11314677919587932,1,phone
phone_1777891943,1,2,1.0,0.9316612482070923,1.05,0.05,1.0,0.0,-0.13413142768479902,-0.0988103886510048,0.12419722690744384,1,phone
phone_1777891943,2,3,1.0,0.9410049319267273,1.55,0.55,1.0,0.0,-0.15758950896380317,-0.09379430152843783,0.12200858227037421,1,phone
phone_1777891943,3,4,1.0,0.938520610332489,1.2,0.2,1.0,0.0,-0.12678549635382313,-0.16594879650799305,0.13364670804178114,1,phone
phone_1777891943,4,5,1.0,0.9130502343177795,1.25,0.25,1.0,0.0,-0.13363364035986067,-0.15381147602156042,0.14698303447709238,1,phone
phone_1777891943,5,6,1.0,0.9284030199050903,1.2,0.2,1.0,0.0,-0.14006809421552363,-0.17260135082103334,0.14750027501545876,1,phone
phone_1777891943,6,7,1.0,0.9319861531257629,1.5,0.5,1.0,0.0,-0.13541424075448077,-0.15769131304109152,0.15951858957991363,1,phone
phone_1777891943,7,8,1.0,0.9396910667419434,1.05,0.05,1.0,0.0,-0.12448699211114847,-0.14359182771219312,0.16392149406153497,1,phone
phone_1777891943,8,9,1.0,0.9375525712966919,1.0,0.0,1.0,0.0,-0.1181213470683179,-0.16136922110916868,0.15785892569817875,1,phone
phone_1777891943,9,10,1.0,0.9246655106544495,1.0,0.0,1.0,0.0,-0.10788190726699128,-0.18511239436429472,0.1430115362649099,1,phone
phone_1777891943,10,11,1.0,0.9282582998275757,1.0,0.0,0.95,0.0,-0.11189198426669042,-0.19913133609896402,0.15718861837936032,1,phone
phone_1777891943,11,12,1.0,0.9495527148246765,1.0,0.0,0.85,0.0,-0.1590098440962967,-0.1656337877545152,0.15784276948395382,1,phone
phone_1777891943,12,13,1.0,0.9420490860939026,1.0,0.0,0.75,0.0,-0.1605558909786841,-0.1760194564553647,0.15594388502006734,1,phone
phone_1777891943,13,14,1.0,0.9247093200683594,1.25,0.25,0.75,0.0,-0.15310624304806192,-0.21171099719910208,0.14960769563863677,1,phone
phone_1777891943,14,15,1.0,0.9408770799636841,1.411764705882353,0.4117647058823529,0.9411764705882353,0.0,-0.12318304641230983,-0.23647043542740143,0.16120583852228682,1,phone
phone_1777891976,0,1,0.2,0.7200918793678284,1.0,0.0,1.0,0.0,-0.14491093447811493,-0.12117338555788075,0.17296108024943485,1,phone
phone_1777891976,1,2,0.55,0.8225074410438538,1.0,0.0,1.0,0.0,-0.13805123597263183,-0.10338250685796639,0.17207373442505525,1,phone
phone_1777891976,2,3,0.35,0.7354319095611572,1.0,0.0,0.8,0.0,-0.16446736685608138,-0.06529181319883168,0.17734988253246348,1,phone
phone_1777891976,3,4,0.55,0.7607467174530029,1.15,0.15,1.0,0.0,-0.1406147423432923,-0.099875946282651,0.16993563122249178,1,phone
phone_1777891976,4,5,0.25,0.7348196506500244,1.0,0.0,0.9,0.0,-0.15436382190730366,-0.034009557305939936,0.1645915080736466,1,phone
phone_1777891976,5,6,0.25,0.7325013279914856,1.0,0.0,1.0,0.0,-0.15832520382409862,-0.05295835940936029,0.15915066708732142,1,phone
phone_1777891976,6,7,0.15,0.7881758809089661,1.0,0.0,1.0,0.0,-0.12970958458426246,-0.10912618718490483,0.17293993350362122,1,phone
phone_1777891976,7,8,0.25,0.6406378149986267,1.0,0.0,1.0,0.0,-0.1292444001777791,-0.09701954744416956,0.16892176105692605,1,phone
phone_1777891976,8,9,0.35,0.6739311218261719,1.35,0.35,1.0,0.5,-0.07210865789639825,-0.28604555772484797,-0.03502915830534129,1,phone
phone_1777891976,9,10,1.0,0.9134059548377991,1.2,0.2,1.0,0.7,0.09224114204588268,-0.3664945282462667,-0.2383958686742984,1,phone
phone_1777891976,10,11,0.85,0.9165114164352417,1.35,0.35,1.0,0.0,0.1207693488758558,-0.2883104290908822,-0.26063467264809653,1,phone
phone_1777891976,11,12,0.75,0.8143593072891235,1.6,0.6,1.0,0.0,0.07242715828681054,-0.21526876485424692,-0.19707576530227627,1,phone
phone_1777891976,12,13,0.7,0.8607780337333679,2.0,1.0,1.0,0.0,0.06801922854046055,-0.20177107301483552,-0.14441431380360678,1,phone
phone_1777891976,13,14,0.35,0.7870271801948547,1.95,0.95,1.0,0.0,0.047502524093710044,-0.2126121526523975,-0.13587161282233198,1,phone
phone_1777891976,14,15,0.2,0.725637674331665,1.8,0.8,1.0,0.0,0.029598007659962733,-0.22027770201816424,-0.14279778199302104,1,phone
phone_1777891976,15,16,0.45,0.6951730847358704,1.7,0.7,1.0,0.0,-0.01493894080158432,-0.1693831572497136,-0.13340729846399904,1,phone
phone_1777891976,16,17,0.25,0.6276403665542603,1.0,0.0,0.95,0.0,-0.06970299983982009,-0.18381442939098136,-0.11740994152978582,1,phone
phone_1777891976,17,18,0.95,0.9334421157836914,1.25,0.25,0.85,0.05,-0.1281198179734042,-0.018655585212736765,-0.005529877725074035,1,phone
phone_1777891976,18,19,1.0,0.9495339393615723,1.05,0.05,0.95,0.15,-0.010946639442681538,0.06574729719642587,0.0062490305413217566,1,phone
phone_1777891976,19,20,1.0,0.9516214728355408,1.0,0.0,1.0,0.25,-0.05231672129358396,-0.15127185081890762,-0.03372882682492733,1,phone
phone_1777891976,20,21,1.0,0.9385193586349487,1.55,0.55,1.0,0.3,-0.07090600313382117,-0.2852815287630045,-0.05257430975707149,1,phone
phone_1777891976,21,22,1.0,0.9486545920372009,1.1,0.1,1.0,0.35,-0.09481811407855996,-0.33860084641120164,-0.04984527413564382,1,phone
phone_1777891976,22,23,0.5,0.8584467768669128,1.0,0.0,1.0,0.0,-0.0806989574649544,-0.30411412940672294,-0.019853333536723774,1,phone
phone_1777891976,23,24,0.7,0.8414838910102844,1.05,0.05,1.0,0.05,-0.08916131420036413,-0.2970567561298817,-0.02780497949900415,1,phone
phone_1777891976,24,25,0.9,0.9656449556350708,1.0,0.0,1.0,0.25,-0.09865617129875456,-0.30903938853286433,-0.021467745234558577,1,phone
phone_1777891976,25,26,1.0,0.9571354389190674,1.0,0.0,1.0,0.35,-0.10839331050919976,-0.3380553136086576,-0.03494243803262614,1,phone
phone_1777891976,26,27,1.0,0.9465417861938477,1.05,0.05,0.9,0.4,-0.14308141930832127,-0.34178186709651937,-0.017139849843679007,1,phone
phone_1777891976,27,28,0.8,0.911950945854187,1.0,0.0,1.0,0.15,-0.13835648981203286,-0.31263113673320914,-0.024184944735740017,1,phone
phone_1777891976,28,29,0.25,0.7711139917373657,1.0,0.0,1.0,0.0,-0.11900359854069383,-0.2918734929305111,-0.031656428049682064,1,phone
phone_1777891976,29,30,0.8,0.9255439043045044,1.1,0.1,1.0,0.0,-0.12073097589595272,-0.2709696069825413,-0.013428950141759136,1,phone
phone_1777891976,30,31,1.0,0.9436618089675903,1.0,0.0,1.0,0.0,-0.11904985289717836,-0.2593284912127639,-0.015329016734944348,1,phone
phone_1777891976,31,32,1.0,0.9312875270843506,1.0,0.0,1.0,0.0,-0.11627467382227867,-0.26569441740614214,-0.004633852461025364,1,phone
