Metric,Train,Test
Accuracy,0.9993181818181818,0.9963636363636363
Precision,,0.9980842911877394
Recall,,0.9942748091603053
F1-Score,,0.9961759082217974
AUC-ROC,,0.9999039175148431
