Metric,Train,Test,Validation
Accuracy,0.9992207792207792,0.9975757575757576,0.9951515151515151
Precision,,1.0,0.9974424552429667
Recall,,0.9949109414758269,0.9923664122137404
F1-Score,,0.9974489795918368,0.9948979591836735
AUC-ROC,,0.9999175384035436,0.9996524832720761
